Quantidade;Preco_Real;Preco_Previsto
326;279.93;110.64307212812221
803;25.57;71.74467814447307
115;103.0;127.84969923619342
156;5.55;124.5062314095066
142;6.31;125.64790335032649
768;9.12;74.5988579965228
222;17.32;119.12406368849854
50;17.18;133.15031896142864
768;55.37;74.5988579965228
339;0.79;109.58294818307516
117;2.17;127.68660324464771
14;35.97;136.0860468092512
608;87.06;87.6465373201787
395;173.91;105.0162604197956
138;12.44;125.97409533341788
144;29.35;125.48480735878078
948;142.68;59.92021875740991
287;73.37;113.82344396326333
897;30.89;64.07916654182523
3;52.37;136.98307476275255
896;174.51;64.16071453759808
736;1.9;77.20839386125398
271;86.52;115.12821189562892
261;9.62;115.94369185335742
601;11.23;88.21737329058864
419;31.72;103.05910852124723
531;8.93;93.92573299468809
142;8.05;125.64790335032649
125;21.76;127.03421927846492
167;11.91;123.60920345600525
944;65.29;60.24641074050132
386;11.19;105.75019238175125
39;162.88;134.04734691492996
47;237.19;133.39496294874718
138;166.5;125.97409533341788
11;37.54;136.33069079656974
447;224.44;100.77576463960744
189;16.46;121.81514754900256
668;8.56;82.75365757380774
177;31.17;122.79372349827676
924;1261.77;61.8773706559583
855;6.42;67.5041823642849
963;7.82;58.69699882081717
509;22.61;95.71978890169078
10;250.38;136.4122387923426
431;5.98;102.08053257197302
916;30.32;62.5297546221411
666;7.02;82.91675356535343
6;82.44;136.73843077543398
98;74.61;129.23601516433186
4;77.85;136.90152676697969
3;31.21;136.98307476275255
88;13.89;130.05149512206035
761;23.8;75.16969396693275
702;249.05;79.98102571753085
731;53.08;77.61613384011822
869;242.08;66.36251042346501
4;103.86;136.90152676697969
13;58.37;136.16759480502404
37;4.95;134.21044290647566
264;31.08;115.69904786603887
572;29.07;90.58226516800127
652;29.81;84.05842550617332
704;23.59;79.81792972598515
8;19.34;136.5753347838883
775;28.98;74.02802202611285
522;222.65;94.65966495664374
43;1.01;133.72115493183856
428;40.91;102.32517655929158
396;467.98;104.93471242402276
285;43.75;113.98653995480903
14;1.12;136.0860468092512
619;148.77;86.74950936667736
920;94.47;62.20356263904969
307;191.59;112.19248404780635
645;29.39;84.62926147658327
18;29.64;135.7598548261598
11;22.14;136.33069079656974
776;25.03;73.94647403034
954;136.47;59.43093078277282
724;1.19;78.18696981052817
116;115.1;127.76815124042056
233;181.52;118.2270357349972
436;22.79;101.67279259310878
609;252.0;87.56498932440584
522;270.89;94.65966495664374
792;8.02;72.64170609797442
36;103.52;134.29199090224853
16;211.48;135.9229508177055
672;0.76;82.42746559071634
922;0.64;62.040466647504005
455;26.21;100.12338067342463
907;19.31;63.263686584096746
821;10.43;70.27681422056179
547;26.64;92.62096506232251
555;0.46;91.9685810961397
92;11.67;129.72530313896894
2;231.39;137.0646227585254
20;9.61;135.5967588346141
507;102.51;95.88288489323648
29;24.89;134.86282687265847
631;8.2;85.77093341740316
856;0.23;67.42263436851206
4;179.32;136.90152676697969
499;64.97;96.53526885941926
24;66.26;135.27056685152272
663;207.93;83.16139755267199
581;1.69;89.84833320604562
445;28.53;100.93886063115313
19;49.18;135.67830683038696
779;21.0;73.70183004302146
535;13.28;93.5995410115967
802;414.35;71.82622614024592
22;29.23;135.43366284306842
292;7.28;113.41570398439909
673;181.85;82.34591759494349
436;9.91;101.67279259310878
43;1.53;133.72115493183856
952;0.27;59.59402677431852
399;142.17;104.6900684367042
933;85.87;61.143438694002654
681;286.83;81.69353362876069
81;211.96;130.6223310924703
927;213.72;61.63272666863975
208;69.1;120.26573562931843
12;39.18;136.2491428007969
34;287.66;134.4550868937942
985;21.77;56.9029429138145
923;230.52;61.95891865173115
10;58.28;136.4122387923426
597;0.92;88.54356527368003
454;32.4;100.2049286691975
204;94.77;120.59192761240982
816;97.47;70.68455419942603
45;8.38;133.55805894029288
826;42.12;69.86907424169753
511;82.1;95.55669291014507
812;13.14;71.01074618251742
756;63.31;75.577433945797
909;60.89;63.10059059255104
669;2.13;82.67210957803488
1;1.07;137.14617075429825
17;229.22;135.84140282193266
57;10.34;132.57948299101866
712;282.22;79.16554575980237
662;256.87;83.24294554844482
589;6.92;89.19594923986284
4;12.4;136.90152676697969
720;8.59;78.51316179361956
500;81.18;96.45372086364642
990;9.89;56.49520293495024
616;26.57;86.9941533539959
876;35.8;65.79167445305507
569;57.2;90.82690915531981
424;189.97;102.65136854238297
655;0.87;83.81378151885477
496;60.33;96.77991284673783
817;26.89;70.60300620365318
43;25.39;133.72115493183856
437;1.71;101.59124459733593
12;82.62;136.2491428007969
21;6.18;135.51521083884126
953;156.76;59.51247877854567
1;40.91;137.14617075429825
905;63.28;63.426782575642434
757;31.22;75.49588595002413
21;42.4;135.51521083884126
300;9.76;112.76332001821629
705;22.52;79.73638173021232
322;83.38;110.9692641112136
813;259.03;70.92919818674459
105;7.8;128.66517919392192
229;99.85;118.55322771808859
80;252.56;130.70387908824316
928;1.27;61.55117867286691
516;130.49;95.14895293128083
406;195.36;104.11923246629425
17;0.45;135.84140282193266
9;15.92;136.49378678811544
163;84.51;123.93539543909665
49;283.28;133.23186695720148
7;77.94;136.65688277966115
209;285.4;120.18418763354558
90;2.36;129.88839913051464
8;6.05;136.5753347838883
803;158.03;71.74467814447307
28;29.68;134.9443748684313
696;1.11;80.47031369216795
298;115.38;112.926416009762
323;2.46;110.88771611544075
629;76.24;85.93402940894886
915;0.95;62.61130261791395
773;1.42;74.19111801765855
550;37.89;92.37632107500396
153;175.36;124.75087539682514
808;39.74;71.33693816560883
918;8.35;62.366658630595396
287;79.8;113.82344396326333
401;0.92;104.5269724451585
44;26.33;133.63960693606572
604;85.16;87.97272930327009
26;64.84;135.107470859977
33;0.91;134.53663488956707
512;5.92;95.47514491437224
74;20.37;131.19316706288024
220;38.13;119.28715968004424
557;29.49;91.80548510459401
936;0.94;60.898794706684114
869;1.03;66.36251042346501
43;79.5;133.72115493183856
850;129.09;67.91192234314916
100;36.01;129.07291917278616
944;5.15;60.24641074050132
405;31.94;104.20078046206712
731;23.19;77.61613384011822
41;209.23;133.88425092338426
687;44.27;81.2042456541236
143;69.38;125.56635535455364
824;109.48;70.03217023324324
333;25.26;110.07223615771227
547;28.65;92.62096506232251
16;315.56;135.9229508177055
369;18.16;107.13650830988968
845;64.02;68.3196623220134
800;271.22;71.98932213179162
2;78.09;137.0646227585254
3;32.62;136.98307476275255
442;41.44;101.18350461847169
851;28.45;67.8303743473763
740;28.21;76.88220187816259
152;21.83;124.83242339259799
968;14.34;58.28925884195293
751;21.95;75.98517392466124
646;0.46;84.54771348081042
828;271.55;69.70597825015184
731;113.14;77.61613384011822
24;5.35;135.27056685152272
453;277.01;100.28647666497034
179;187.45;122.63062750673106
12;73.16;136.2491428007969
502;6.72;96.29062487210072
48;37.95;133.3134149529743
549;34.59;92.45786907077681
357;1.15;108.11508425916388
866;10.89;66.60715441078356
544;23.65;92.86560904964105
36;124.23;134.29199090224853
887;90.26;64.89464649955373
377;217.0;106.4841243437069
734;12.07;77.37148985279967
682;20.76;81.61198563298784
320;27.11;111.1323601027593
36;20.4;134.29199090224853
8;162.86;136.5753347838883
6;148.06;136.73843077543398
24;2.27;135.27056685152272
985;22.21;56.9029429138145
531;1.23;93.92573299468809
584;169.93;89.60368921872708
987;38.41;56.7398469222688
797;77.75;72.23396611911016
295;5.72;113.17105999708053
57;13.41;132.57948299101866
10;0.9;136.4122387923426
15;13.93;136.00449881347836
568;52.42;90.90845715109268
13;160.45;136.16759480502404
781;1.24;73.53873405147576
911;32.78;62.93749460100534
995;12.59;56.087462956086
17;7.94;135.84140282193266
871;5.69;66.19941443191932
718;45.72;78.67625778516526
124;2.8;127.11576727423777
263;20.89;115.78059586181172
48;23.65;133.3134149529743
956;86.59;59.26783479122713
982;1.13;57.14758690113304
511;1.19;95.55669291014507
280;34.56;114.39427993367327
2;36.3;137.0646227585254
241;140.62;117.5746517688144
56;4.76;132.66103098679153
682;134.94;81.61198563298784
793;1.17;72.56015810220157
2;229.69;137.0646227585254
650;103.84;84.22152149771902
780;1.42;73.62028204724861
19;1.79;135.67830683038696
336;85.36;109.82759217039371
550;30.22;92.37632107500396
730;15.69;77.69768183589107
39;7.35;134.04734691492996
867;11.01;66.52560641501071
482;17.5;97.92158478755772
917;97.76;62.44820662636825
88;75.82;130.05149512206035
887;31.45;64.89464649955373
100;1.14;129.07291917278616
227;11.38;118.7163237096343
10;0.49;136.4122387923426
3;9.32;136.98307476275255
498;8.13;96.61681685519213
56;6.99;132.66103098679153
953;101.57;59.51247877854567
947;7.63;60.001766753182764
46;16.62;133.47651094452002
835;1.03;69.1351422797419
17;28.23;135.84140282193266
27;57.06;135.02592286420415
43;59.04;133.72115493183856
227;18.0;118.7163237096343
415;214.97;103.38530050433862
156;1.94;124.5062314095066
952;21.01;59.59402677431852
28;34.78;134.9443748684313
827;82.12;69.78752624592468
865;45.13;66.68870240655642
751;33.02;75.98517392466124
27;0.89;135.02592286420415
38;27.4;134.12889491070283
6;12.5;136.73843077543398
772;72.69;74.2726660134314
1;25.78;137.14617075429825
428;74.22;102.32517655929158
29;32.14;134.86282687265847
872;1.14;66.11786643614647
795;17.53;72.39706211065587
49;316.93;133.23186695720148
203;28.4;120.67347560818267
9;1.66;136.49378678811544
570;161.63;90.74536115954697
175;57.09;122.95681948982246
660;31.22;83.40604153999053
982;151.75;57.14758690113304
504;27.5;96.12752888055502
17;32.46;135.84140282193266
57;4.44;132.57948299101866
43;23.94;133.72115493183856
931;22.07;61.30653468554836
21;28.75;135.51521083884126
988;39.2;56.658298926495945
750;116.58;76.06672192043408
443;105.95;101.10195662269884
15;13.9;136.00449881347836
462;6.26;99.55254470301469
36;16.46;134.29199090224853
650;1.21;84.22152149771902
914;23.83;62.6928506136868
787;54.37;73.04944607683866
925;28.95;61.79582266018545
13;144.59;136.16759480502404
17;139.94;135.84140282193266
40;36.84;133.96579891915712
992;49.11;56.332106943404554
608;27.88;87.6465373201787
712;29.35;79.16554575980237
964;17.33;58.615450825044334
230;35.81;118.47167972231574
3;13.85;136.98307476275255
305;378.67;112.35558003935205
990;150.72;56.49520293495024
112;141.8;128.09434322351197
901;1.32;63.75297455873384
112;1.36;128.09434322351197
8;256.05;136.5753347838883
960;0.67;58.941642808135725
175;34.66;122.95681948982246
46;50.81;133.47651094452002
11;162.49;136.33069079656974
956;73.57;59.26783479122713
44;8.02;133.63960693606572
506;1.23;95.96443288900932
130;24.43;126.62647929960067
98;6.79;129.23601516433186
867;4.7;66.52560641501071
855;1.32;67.5041823642849
841;70.39;68.64585430510479
913;65.23;62.77439860945964
689;0.77;81.0411496625779
41;4.18;133.88425092338426
41;43.12;133.88425092338426
276;106.53;114.72047191676467
10;56.06;136.4122387923426
3;239.65;136.98307476275255
400;234.39;104.60852044093136
32;38.06;134.6181828853399
290;8.85;113.57879997594478
995;15.39;56.087462956086
517;7.45;95.06740493550798
29;72.63;134.86282687265847
101;72.21;128.99137117701332
998;17.3;55.842818968767446
129;1.78;126.70802729537353
819;1.0;70.43991021210748
257;10.07;116.26988383644881
400;268.4;104.60852044093136
631;30.6;85.77093341740316
459;1.3;99.79718869033324
58;0.43;132.49793499524583
538;10.02;93.35489702427815
631;69.7;85.77093341740316
841;19.69;68.64585430510479
748;0.83;76.22981791197978
482;92.7;97.92158478755772
62;36.21;132.17174301215442
873;35.39;66.03631844037362
48;7.92;133.3134149529743
818;27.54;70.52145820788033
314;18.22;111.6216480773964
39;33.57;134.04734691492996
561;61.26;91.47929312150262
754;163.3;75.7405299373427
120;17.41;127.44195925732917
8;6.2;136.5753347838883
389;70.74;105.5055483944327
349;60.33;108.76746822534668
284;7.96;114.06808795058188
19;79.64;135.67830683038696
630;1.32;85.85248141317601
21;65.63;135.51521083884126
320;46.71;111.1323601027593
225;80.16;118.87941970117998
266;25.98;115.53595187449316
66;1.27;131.84555102906305
774;30.44;74.1095700218857
25;189.65;135.18901885574985
54;85.56;132.82412697833723
619;15.08;86.74950936667736
953;1.77;59.51247877854567
314;231.89;111.6216480773964
988;152.47;56.658298926495945
297;66.59;113.00796400553483
694;22.34;80.63340968371365
414;14.39;103.46684850011147
56;0.81;132.66103098679153
15;1.38;136.00449881347836
39;2.15;134.04734691492996
95;25.96;129.4806591516504
41;242.69;133.88425092338426
676;4.08;82.10127360762493
926;32.94;61.7142746644126
27;28.01;135.02592286420415
14;12.94;136.0860468092512
9;6.48;136.49378678811544
895;81.12;64.24226253337093
24;39.53;135.27056685152272
617;18.0;86.91260535822305
695;157.37;80.5518616879408
805;2.12;71.58158215292737
173;0.88;123.11991548136815
5;45.42;136.81997877120685
245;10.47;117.248459785723
19;1.76;135.67830683038696
219;222.42;119.36870767581709
925;8.99;61.79582266018545
15;12.34;136.00449881347836
234;71.04;118.14548773922435
46;68.63;133.47651094452002
354;0.83;108.35972824648243
107;1.34;128.5020832023762
211;122.41;120.02109164199987
308;67.08;112.1109360520335
140;65.35;125.81099934187219
936;221.42;60.898794706684114
14;27.12;136.0860468092512
611;12.56;87.40189333286014
25;26.4;135.18901885574985
503;43.66;96.20907687632787
32;106.12;134.6181828853399
476;12.1;98.4108727621948
50;0.27;133.15031896142864
57;87.56;132.57948299101866
42;17.5;133.80270292761142
60;21.77;132.33483900370013
699;0.99;80.2256697048494
29;92.54;134.86282687265847
4;0.46;136.90152676697969
380;23.85;106.23948035638834
274;18.57;114.88356790831037
354;65.12;108.35972824648243
673;103.41;82.34591759494349
150;173.35;124.99551938414369
335;92.56;109.90914016616657
36;5.9;134.29199090224853
56;0.86;132.66103098679153
16;13.59;135.9229508177055
44;8.48;133.63960693606572
552;1.57;92.21322508345825
184;4458.03;122.22288752786682
66;272.46;131.84555102906305
136;8.15;126.13719132496358
886;21.86;64.97619449532658
42;22.25;133.80270292761142
439;267.55;101.42814860579023
44;18.09;133.63960693606572
795;29.8;72.39706211065587
653;149.05;83.97687751040047
406;29.15;104.11923246629425
18;125.66;135.7598548261598
111;19.63;128.1758912192848
19;23.37;135.67830683038696
26;21.35;135.107470859977
636;0.87;85.36319343853891
46;5.5;133.47651094452002
413;179.51;103.5483964958843
33;24.32;134.53663488956707
952;427.45;59.59402677431852
996;119.75;56.00591496031315
266;22.84;115.53595187449316
563;61.15;91.31619712995692
7;65.03;136.65688277966115
736;11.94;77.20839386125398
821;23.14;70.27681422056179
646;20.82;84.54771348081042
117;14.67;127.68660324464771
433;18.31;101.91743658042734
520;0.87;94.82276094818943
501;262.13;96.37217286787357
473;292.03;98.65551674951335
373;288.52;106.81031632679829
926;252.27;61.7142746644126
838;16.19;68.89049829242335
964;0.93;58.615450825044334
49;183.28;133.23186695720148
8;41.22;136.5753347838883
533;96.35;93.7626370031424
726;0.81;78.02387381898248
747;34.28;76.31136590775264
931;22.94;61.30653468554836
808;8.12;71.33693816560883
825;14.82;69.95062223747038
465;3.81;99.30790071569615
35;81.13;134.37353889802137
557;26.19;91.80548510459401
998;161.81;55.842818968767446
688;32.13;81.12269765835075
766;245.52;74.7619539880685
598;52.68;88.4620172779072
236;163.32;117.98239174767865
977;88.45;57.55532687999728
340;1.06;109.50140018730232
22;120.47;135.43366284306842
11;220.29;136.33069079656974
67;63.44;131.76400303329018
1;1.6;137.14617075429825
944;67.77;60.24641074050132
72;16.71;131.35626305442594
30;1.23;134.7812788768856
34;33.19;134.4550868937942
301;51.45;112.68177202244344
287;6.66;113.82344396326333
823;31.54;70.11371822901609
25;0.73;135.18901885574985
870;1.29;66.28096242769216
37;55.97;134.21044290647566
289;227.94;113.66034797171763
20;228.53;135.5967588346141
472;0.94;98.7370647452862
4;21.3;136.90152676697969
615;35.64;87.07570134976875
15;26.52;136.00449881347836
648;31.13;84.38461748926471
21;137.69;135.51521083884126
452;2.29;100.36802466074319
587;67.55;89.35904523140853
479;10.99;98.16622877487626
16;2.35;135.9229508177055
282;285.02;114.23118394212759
650;34.96;84.22152149771902
429;22.0;102.24362856351873
42;82.77;133.80270292761142
428;226.33;102.32517655929158
174;251.66;123.0383674855953
47;30.34;133.39496294874718
166;47.11;123.6907514517781
788;69.78;72.96789808106581
104;1.34;128.74672718969475
1;241.28;137.14617075429825
132;189.0;126.46338330805497
25;222.87;135.18901885574985
760;0.77;75.25124196270559
322;153.83;110.9692641112136
769;1.75;74.51731000074994
284;3.87;114.06808795058188
532;10.0;93.84418499891524
39;0.5;134.04734691492996
43;217.7;133.72115493183856
11;169.36;136.33069079656974
27;26.36;135.02592286420415
28;0.76;134.9443748684313
147;15.98;125.24016337146224
651;69.8;84.13997350194617
304;0.94;112.43712803512489
687;246.82;81.2042456541236
209;156.71;120.18418763354558
525;12.71;94.41502096932518
507;149.98;95.88288489323648
380;85.43;106.23948035638834
648;16.48;84.38461748926471
315;259.18;111.54010008162355
39;8.19;134.04734691492996
6;55.91;136.73843077543398
935;8.37;60.980342702456966
956;17.07;59.26783479122713
218;12.3;119.45025567158993
466;319.56;99.2263527199233
817;10.74;70.60300620365318
660;35.62;83.40604153999053
118;65.2;127.60505524887486
877;1.17;65.71012645728221
876;30.82;65.79167445305507
183;215.05;122.30443552363965
296;14.85;113.08951200130768
772;229.31;74.2726660134314
921;10.24;62.122014643276856
181;12.76;122.46753151518536
37;236.9;134.21044290647566
772;75.74;74.2726660134314
480;21.99;98.08468077910341
1;76.33;137.14617075429825
937;140.44;60.81724671091126
845;231.58;68.3196623220134
15;9.37;136.00449881347836
281;0.72;114.31273193790042
677;2.87;82.0197256118521
440;240.77;101.34660061001739
669;17.6;82.67210957803488
779;5.73;73.70183004302146
146;4019.33;125.32171136723508
261;1.05;115.94369185335742
680;34.18;81.77508162453354
407;34.23;104.03768447052141
652;49.56;84.05842550617332
464;23.49;99.389448711469
956;13.5;59.26783479122713
11;75.46;136.33069079656974
850;97.9;67.91192234314916
305;224.8;112.35558003935205
31;275.63;134.69973088111277
983;32.94;57.06603890536019
157;37.21;124.42468341373375
356;221.63;108.19663225493673
317;26.7;111.37700409007785
68;1.04;131.68245503751734
4;25.93;136.90152676697969
14;24.1;136.0860468092512
552;6.91;92.21322508345825
426;37.88;102.48827255083728
30;62.96;134.7812788768856
775;42.39;74.02802202611285
151;1.06;124.91397138837084
477;19.68;98.32932476642196
131;22.0;126.54493130382782
3;117.76;136.98307476275255
644;94.05;84.71080947235612
881;43.88;65.38393447419082
670;96.31;82.59056158226204
129;5309.48;126.70802729537353
95;31.87;129.4806591516504
183;1.3;122.30443552363965
601;16.49;88.21737329058864
630;238.9;85.85248141317601
864;8.41;66.77025040232927
28;280.73;134.9443748684313
198;11.4;121.08121558704693
915;55.06;62.61130261791395
552;77.19;92.21322508345825
28;97.49;134.9443748684313
483;22.57;97.84003679178485
472;5.43;98.7370647452862
252;154.78;116.67762381531305
661;57.34;83.32449354421769
787;35.69;73.04944607683866
14;93.74;136.0860468092512
563;13.15;91.31619712995692
453;207.77;100.28647666497034
369;0.49;107.13650830988968
484;117.71;97.75848879601202
44;226.94;133.63960693606572
713;33.02;79.0839977640295
442;14.54;101.18350461847169
888;73.82;64.81309850378088
965;112.41;58.53390282927148
27;97.64;135.02592286420415
699;219.17;80.2256697048494
936;33.78;60.898794706684114
435;24.24;101.75434058888163
315;283.36;111.54010008162355
662;4.17;83.24294554844482
690;26.16;80.95960166680504
381;5.38;106.15793236061549
85;0.72;130.29613910937888
522;32.16;94.65966495664374
47;1.79;133.39496294874718
915;4.47;62.61130261791395
586;55.95;89.44059322718138
844;72.34;68.40121031778625
779;23.0;73.70183004302146
626;29.59;86.17867339626741
32;34.5;134.6181828853399
201;13.95;120.83657159972837
96;15.07;129.39911115587756
958;47.97;59.10473879968143
422;119.05;102.81446453392867
996;1.32;56.00591496031315
8;161.62;136.5753347838883
461;1.29;99.63409269878755
973;110.68;57.88151886308869
31;18.1;134.69973088111277
161;51.83;124.09849143064235
950;73.9;59.757122765864224
13;240.81;136.16759480502404
775;15.92;74.02802202611285
283;1.14;114.14963594635472
155;35.79;124.58777940527945
314;28.98;111.6216480773964
4;0.45;136.90152676697969
527;91.26;94.25192497777948
665;6.07;82.99830156112628
751;20.39;75.98517392466124
549;6.85;92.45786907077681
867;16.47;66.52560641501071
30;27.51;134.7812788768856
44;5.53;133.63960693606572
494;63.6;96.94300883828352
420;20.1;102.97756052547436
391;25.65;105.342452402887
20;9.91;135.5967588346141
100;1.12;129.07291917278616
47;1.8;133.39496294874718
737;8.17;77.12684586548113
17;0.88;135.84140282193266
675;32.77;82.1828216033978
913;190.48;62.77439860945964
968;255.41;58.28925884195293
602;92.55;88.13582529481579
682;59.46;81.61198563298784
83;162.86;130.4592351009246
703;197.59;79.899477721758
718;119.95;78.67625778516526
362;8.33;107.70734428029962
38;151.27;134.12889491070283
998;279.82;55.842818968767446
201;7.73;120.83657159972837
984;118.63;56.984490909587336
651;256.87;84.13997350194617
670;132.21;82.59056158226204
660;54.12;83.40604153999053
20;0.79;135.5967588346141
35;27.0;134.37353889802137
372;30.99;106.89186432257114
646;24.29;84.54771348081042
414;1.11;103.46684850011147
5;182.23;136.81997877120685
117;289.5;127.68660324464771
957;149.36;59.18628679545428
117;34.33;127.68660324464771
2;6.15;137.0646227585254
808;34.52;71.33693816560883
765;115.24;74.84350198384135
14;5.03;136.0860468092512
409;27.13;103.87458847897571
69;84.25;131.60090704174448
279;219.43;114.47582792944613
691;1.74;80.8780536710322
295;230.94;113.17105999708053
234;2.39;118.14548773922435
642;129.22;84.87390546390182
618;12.95;86.8310573624502
877;99.31;65.71012645728221
276;42.94;114.72047191676467
31;139.6;134.69973088111277
976;15.7;57.63687487577013
776;239.56;73.94647403034
564;6.6;91.23464913418407
149;34.98;125.07706737991654
824;116.99;70.03217023324324
11;9.74;136.33069079656974
980;223.14;57.31068289267874
569;81.46;90.82690915531981
355;2.39;108.27818025070957
39;4.49;134.04734691492996
263;94.43;115.78059586181172
169;142.97;123.44610746445956
8;45.55;136.5753347838883
921;31.45;62.122014643276856
906;231.05;63.3452345798696
459;7.95;99.79718869033324
770;38.28;74.43576200497711
938;37.49;60.73569871513841
25;28.07;135.18901885574985
763;24.6;75.00659797538705
649;16.28;84.30306949349188
69;28.68;131.60090704174448
677;2.75;82.0197256118521
100;16.54;129.07291917278616
784;41.18;73.29409006415722
358;46.33;108.03353626339103
174;7.1;123.0383674855953
806;4.37;71.50003415715453
476;12.67;98.4108727621948
629;80.64;85.93402940894886
534;30.29;93.68108900736954
646;16.4;84.54771348081042
675;31.0;82.1828216033978
528;47.56;94.17037698200664
410;7.79;103.79304048320287
479;1.73;98.16622877487626
512;14.28;95.47514491437224
128;10.32;126.78957529114638
738;0.25;77.04529786970828
47;1.45;133.39496294874718
40;0.8;133.96579891915712
18;35.58;135.7598548261598
49;211.58;133.23186695720148
207;34.34;120.34728362509128
384;137.02;105.91328837329695
874;1348.21;65.95477044460077
497;6.59;96.69836485096496
722;6.16;78.35006580207387
331;1.08;110.23533214925796
509;35.78;95.71978890169078
428;270.63;102.32517655929158
539;1.23;93.2733490285053
214;29.51;119.77644765468133
716;27.84;78.83935377671096
3;172.27;136.98307476275255
395;26.09;105.0162604197956
294;10.19;113.25260799285338
1;102.38;137.14617075429825
29;262.07;134.86282687265847
911;1.01;62.93749460100534
2;45.81;137.0646227585254
53;236.85;132.90567497411007
831;18.53;69.46133426283329
4;1.88;136.90152676697969
991;45.54;56.41365493917739
642;76.58;84.87390546390182
31;11.43;134.69973088111277
773;25.74;74.19111801765855
72;16.55;131.35626305442594
803;190.82;71.74467814447307
24;63.01;135.27056685152272
32;250.36;134.6181828853399
242;56.3;117.49310377304155
488;26.71;97.43229681292061
143;1.52;125.56635535455364
64;6.77;132.00864702060872
307;1.16;112.19248404780635
677;98.86;82.0197256118521
823;5.33;70.11371822901609
138;28.91;125.97409533341788
679;12.32;81.85662962030639
94;19.46;129.56220714742327
17;130.33;135.84140282193266
528;8.5;94.17037698200664
79;18.18;130.785427084016
20;5.94;135.5967588346141
627;29.18;86.09712540049455
956;59.66;59.26783479122713
5;42.48;136.81997877120685
29;18.36;134.86282687265847
466;29.34;99.2263527199233
346;9.85;109.01211221266522
269;41.96;115.29130788717461
267;39.21;115.45440387872031
20;31.67;135.5967588346141
37;25.37;134.21044290647566
33;141.19;134.53663488956707
242;14.85;117.49310377304155
817;0.73;70.60300620365318
626;31.42;86.17867339626741
279;19.63;114.47582792944613
767;35.11;74.68040599229565
34;137.98;134.4550868937942
544;1.83;92.86560904964105
393;27.95;105.1793564113413
841;79.72;68.64585430510479
40;70.26;133.96579891915712
992;240.5;56.332106943404554
34;4.6;134.4550868937942
699;0.93;80.2256697048494
814;10.38;70.84765019097173
195;16.67;121.32585957436547
932;37.86;61.224986689775506
491;25.1;97.18765282560207
457;65.09;99.96028468187895
961;0.87;58.860094812362874
770;102.19;74.43576200497711
595;67.12;88.70666126522573
194;8.65;121.40740757013832
341;103.32;109.41985219152946
41;13.01;133.88425092338426
12;102.42;136.2491428007969
730;43.78;77.69768183589107
484;91.59;97.75848879601202
88;17.64;130.05149512206035
909;68.77;63.10059059255104
969;1.4;58.20771084618008
414;228.16;103.46684850011147
843;11.45;68.4827583135591
830;79.18;69.54288225860614
278;4.87;114.55737592521898
313;260.04;111.70319607316925
995;171.9;56.087462956086
172;17.45;123.201463477141
589;1.09;89.19594923986284
43;1.57;133.72115493183856
668;23.31;82.75365757380774
875;77.7;65.87322244882792
343;19.53;109.25675619998377
116;242.19;127.76815124042056
10;17.78;136.4122387923426
11;73.8;136.33069079656974
213;4.26;119.85799565045419
953;10.43;59.51247877854567
668;23.66;82.75365757380774
422;238.57;102.81446453392867
238;36.0;117.81929575613295
434;206.04;101.83588858465447
759;7.38;75.33278995847844
198;48.9;121.08121558704693
667;1.84;82.83520556958058
501;135.13;96.37217286787357
8;1376.09;136.5753347838883
252;46.31;116.67762381531305
20;0.78;135.5967588346141
822;12.85;70.19526622478894
381;291.34;106.15793236061549
773;32.26;74.19111801765855
224;27.16;118.96096769695284
347;72.1;108.93056421689238
124;104.71;127.11576727423777
565;170.36;91.15310113841122
746;0.7;76.39291390352548
342;14.88;109.33830419575662
709;17.43;79.41018974712091
687;0.85;81.2042456541236
814;131.4;70.84765019097173
914;14.28;62.6928506136868
657;31.88;83.65068552730907
102;0.84;128.90982318124045
509;411.84;95.71978890169078
253;245.76;116.5960758195402
305;23.81;112.35558003935205
41;1.28;133.88425092338426
847;23.21;68.1565663304677
288;31.05;113.74189596749048
845;248.23;68.3196623220134
556;137.5;91.88703310036686
236;0.9;117.98239174767865
855;61.67;67.5041823642849
476;1.38;98.4108727621948
332;1.2;110.1537841534851
686;28.17;81.28579364989645
98;0.6;129.23601516433186
341;11.64;109.41985219152946
533;62.65;93.7626370031424
594;27.53;88.78820926099858
470;13.5;98.90016073683191
332;30.95;110.1537841534851
887;1.05;64.89464649955373
39;30.97;134.04734691492996
697;11.84;80.3887656963951
3;0.74;136.98307476275255
17;0.79;135.84140282193266
826;24.78;69.86907424169753
15;25.49;136.00449881347836
673;263.33;82.34591759494349
940;9.17;60.57260272359271
205;80.33;120.51037961663698
292;8.02;113.41570398439909
571;161.31;90.66381316377411
225;28.67;118.87941970117998
77;1.61;130.9485230755617
399;119.97;104.6900684367042
264;7.18;115.69904786603887
577;0.92;90.17452518913703
389;62.0;105.5055483944327
134;8.17;126.30028731650928
403;0.92;104.36387645361282
940;40.33;60.57260272359271
231;68.99;118.39013172654289
157;11.11;124.42468341373375
213;16.88;119.85799565045419
28;67.43;134.9443748684313
501;238.12;96.37217286787357
284;30.31;114.06808795058188
971;66.07;58.04461485463439
30;116.48;134.7812788768856
13;215.08;136.16759480502404
44;0.97;133.63960693606572
822;244.35;70.19526622478894
645;8.68;84.62926147658327
363;362.98;107.62579628452679
310;0.27;111.94784006048779
111;0.55;128.1758912192848
791;4.84;72.72325409374726
61;316.74;132.2532910079273
361;1.19;107.78889227607249
289;123.52;113.66034797171763
2;130.7;137.0646227585254
727;62.32;77.94232582320961
537;1.1;93.436445020051
114;4650.67;127.93124723196627
733;225.36;77.45303784857254
385;277.47;105.8317403775241
573;27.85;90.50071717222842
245;1.07;117.248459785723
33;8.48;134.53663488956707
515;16.67;95.23050092705368
8;157.63;136.5753347838883
724;181.92;78.18696981052817
94;1.18;129.56220714742327
657;9.11;83.65068552730907
593;52.21;88.86975725677144
216;18.58;119.61335166313563
14;0.24;136.0860468092512
829;63.49;69.62443025437899
405;35.98;104.20078046206712
65;6.7;131.92709902483588
118;47.82;127.60505524887486
215;81.43;119.69489965890848
87;24.88;130.1330431178332
29;13.55;134.86282687265847
407;18.23;104.03768447052141
909;158.1;63.10059059255104
938;39.55;60.73569871513841
600;0.5;88.29892128636149
26;58.37;135.107470859977
23;29.02;135.35211484729555
701;150.36;80.0625737133037
215;1.5;119.69489965890848
23;28.41;135.35211484729555
81;24.84;130.6223310924703
949;27.86;59.838670761637076
326;0.97;110.64307212812221
59;183.94;132.416386999473
458;403.43;99.8787366861061
893;1.57;64.40535852491664
324;102.32;110.8061681196679
451;160.57;100.44957265651604
453;143.02;100.28647666497034
95;12.84;129.4806591516504
975;1.33;57.718422871542984
46;21.17;133.47651094452002
818;13.52;70.52145820788033
171;1.26;123.28301147291386
26;1.41;135.107470859977
892;222.35;64.48690652068949
921;0.84;62.122014643276856
586;206.78;89.44059322718138
348;20.17;108.84901622111951
88;23.89;130.05149512206035
437;162.27;101.59124459733593
38;21.82;134.12889491070283
713;16.09;79.0839977640295
238;20.78;117.81929575613295
22;207.65;135.43366284306842
53;8.04;132.90567497411007
63;32.49;132.09019501638159
683;1.58;81.53043763721499
618;40.67;86.8310573624502
291;9.33;113.49725198017194
310;4872.22;111.94784006048779
838;39.3;68.89049829242335
29;118.11;134.86282687265847
840;227.24;68.72740230087764
562;103.42;91.39774512572976
38;31.36;134.12889491070283
50;119.77;133.15031896142864
924;1.39;61.8773706559583
140;9.79;125.81099934187219
461;64.14;99.63409269878755
275;55.55;114.80201991253753
763;127.45;75.00659797538705
48;41.26;133.3134149529743
624;8.69;86.3417693878131
366;1.56;107.38115229720823
338;0.68;109.66449617884801
161;1.21;124.09849143064235
814;232.57;70.84765019097173
38;91.91;134.12889491070283
131;164.36;126.54493130382782
1;1.78;137.14617075429825
25;35.07;135.18901885574985
328;153.59;110.47997613657651
226;0.86;118.79787170540715
85;0.79;130.29613910937888
733;79.69;77.45303784857254
337;23.02;109.74604417462086
971;0.84;58.04461485463439
298;34.02;112.926416009762
926;20.08;61.7142746644126
809;59.99;71.25539016983598
32;4.57;134.6181828853399
73;82.08;131.2747150586531
86;346.04;130.21459111360605
278;247.87;114.55737592521898
598;30.83;88.4620172779072
943;7.54;60.32795873627417
19;79.18;135.67830683038696
901;29.53;63.75297455873384
43;23.22;133.72115493183856
715;0.79;78.92090177248382
410;9.99;103.79304048320287
676;27.49;82.10127360762493
44;9.19;133.63960693606572
875;9.18;65.87322244882792
663;22.24;83.16139755267199
892;161.76;64.48690652068949
1;94.48;137.14617075429825
277;0.77;114.63892392099183
25;12.01;135.18901885574985
10;1.66;136.4122387923426
31;37.42;134.69973088111277
989;32.42;56.576750930723094
70;98.84;131.51935904597164
554;22.15;92.05012909191257
710;30.83;79.32864175134806
599;110.81;88.38046928213433
296;28.72;113.08951200130768
494;90.14;96.94300883828352
860;0.88;67.09644238542066
464;18.2;99.389448711469
452;61.71;100.36802466074319
382;0.91;106.07638436484264
453;27.67;100.28647666497034
179;1.84;122.63062750673106
687;30.83;81.2042456541236
6;254.2;136.73843077543398
364;0.91;107.54424828875393
563;1.67;91.31619712995692
15;24.26;136.00449881347836
488;1.34;97.43229681292061
764;7.61;74.92504997961419
86;72.28;130.21459111360605
151;11.86;124.91397138837084
900;19.01;63.83452255450669
238;76.31;117.81929575613295
74;26.01;131.19316706288024
387;10.55;105.6686443859784
17;25.27;135.84140282193266
2;5.88;137.0646227585254
592;1.27;88.95130525254427
988;129.16;56.658298926495945
900;98.34;63.83452255450669
34;32.64;134.4550868937942
118;7.94;127.60505524887486
800;30.98;71.98932213179162
530;0.27;94.00728099046094
995;39.37;56.087462956086
280;5380.14;114.39427993367327
974;182.79;57.799970867315835
86;364.24;130.21459111360605
801;141.91;71.90777413601877
417;224.92;103.22220451279291
753;13.76;75.82207793311554
521;23.05;94.74121295241659
867;275.6;66.52560641501071
390;33.28;105.42400039865984
45;23.06;133.55805894029288
13;104.14;136.16759480502404
188;39.44;121.89669554477541
114;70.87;127.93124723196627
847;179.42;68.1565663304677
356;68.63;108.19663225493673
555;23.15;91.9685810961397
668;31.2;82.75365757380774
703;137.53;79.899477721758
350;77.32;108.68592022957382
824;64.46;70.03217023324324
508;311.55;95.80133689746363
863;35.42;66.85179839810212
814;12.29;70.84765019097173
877;259.78;65.71012645728221
355;252.09;108.27818025070957
315;83.76;111.54010008162355
210;1.17;120.10263963777273
19;174.82;135.67830683038696
69;47.99;131.60090704174448
323;4.99;110.88771611544075
318;37.78;111.295456094305
819;114.05;70.43991021210748
202;16.11;120.75502360395552
261;166.44;115.94369185335742
448;11.84;100.69421664383458
12;1.58;136.2491428007969
33;26.11;134.53663488956707
761;7.47;75.16969396693275
123;20.82;127.19731527001062
624;1.28;86.3417693878131
44;26.0;133.63960693606572
29;34.03;134.86282687265847
42;79.12;133.80270292761142
708;8.52;79.49173774289376
535;5.19;93.5995410115967
429;8.21;102.24362856351873
18;67.42;135.7598548261598
559;86.12;91.64238911304831
942;5.24;60.40950673204702
504;11.19;96.12752888055502
38;231.97;134.12889491070283
56;0.9;132.66103098679153
606;188.63;87.80963331172438
29;6.49;134.86282687265847
79;23.98;130.785427084016
829;31.93;69.62443025437899
954;15.12;59.43093078277282
35;0.31;134.37353889802137
613;21.18;87.23879734131444
319;150.36;111.21390809853216
987;20.36;56.7398469222688
338;8.58;109.66449617884801
716;68.24;78.83935377671096
446;41.82;100.85731263538028
557;75.1;91.80548510459401
720;33.78;78.51316179361956
28;92.41;134.9443748684313
477;10.99;98.32932476642196
814;14.47;70.84765019097173
548;132.57;92.53941706654965
616;21.31;86.9941533539959
691;1.2;80.8780536710322
176;26.02;122.87527149404961
322;63.11;110.9692641112136
878;244.25;65.62857846150938
18;33.29;135.7598548261598
459;12.76;99.79718869033324
371;1.21;106.97341231834399
935;0.69;60.980342702456966
654;2.22;83.89532951462763
26;4.49;135.107470859977
53;4222.78;132.90567497411007
60;75.86;132.33483900370013
189;172.21;121.81514754900256
763;1.43;75.00659797538705
633;5.24;85.60783742585747
303;152.98;112.51867603089774
310;5.21;111.94784006048779
88;9.28;130.05149512206035
849;1475.85;67.99347033892201
15;65.39;136.00449881347836
400;78.19;104.60852044093136
343;6.29;109.25675619998377
628;44.59;86.01557740472171
276;30.18;114.72047191676467
687;0.96;81.2042456541236
719;7.42;78.59470978939243
811;25.01;71.09229417829027
23;0.29;135.35211484729555
891;47.04;64.56845451646232
762;140.98;75.08814597115989
100;143.54;129.07291917278616
374;71.43;106.72876833102544
676;74.59;82.10127360762493
40;20.74;133.96579891915712
762;27.2;75.08814597115989
600;8.2;88.29892128636149
1000;0.46;55.67972297722176
160;12.67;124.18003942641519
434;167.81;101.83588858465447
45;38.63;133.55805894029288
858;34.77;67.25953837696636
22;27.26;135.43366284306842
919;44.42;62.285110634822544
860;28.03;67.09644238542066
48;258.77;133.3134149529743
114;26.13;127.93124723196627
559;21.35;91.64238911304831
35;10.14;134.37353889802137
463;9.54;99.47099670724185
116;7.5;127.76815124042056
331;33.78;110.23533214925796
578;11.54;90.09297719336416
397;7.3;104.8531644282499
11;183.67;136.33069079656974
298;1.11;112.926416009762
37;101.59;134.21044290647566
126;29.96;126.95267128269208
810;32.34;71.17384217406313
325;1.16;110.72462012389505
504;39.31;96.12752888055502
279;0.31;114.47582792944613
74;0.88;131.19316706288024
32;180.02;134.6181828853399
605;219.26;87.89118130749725
561;208.42;91.47929312150262
48;0.44;133.3134149529743
889;31.56;64.73155050800803
10;31.93;136.4122387923426
976;144.88;57.63687487577013
579;7.96;90.01142919759133
908;8.27;63.182138588323895
10;62.15;136.4122387923426
797;287.33;72.23396611911016
20;130.56;135.5967588346141
35;13.01;134.37353889802137
794;0.32;72.47861010642872
599;5.71;88.38046928213433
728;9.34;77.86077782743678
742;241.63;76.71910588661689
11;4157.59;136.33069079656974
483;20.56;97.84003679178485
163;21.13;123.93539543909665
465;8.69;99.30790071569615
580;1.22;89.92988120181847
133;48.19;126.38183531228213
55;26.51;132.74257898256437
446;1.15;100.85731263538028
750;1.04;76.06672192043408
7;247.98;136.65688277966115
6;13.78;136.73843077543398
464;191.41;99.389448711469
864;21.78;66.77025040232927
17;7.67;135.84140282193266
24;65.18;135.27056685152272
246;18.13;117.16691178995015
39;74.02;134.04734691492996
104;0.66;128.74672718969475
499;26.67;96.53526885941926
778;262.54;73.7833780387943
818;11.02;70.52145820788033
727;31.26;77.94232582320961
99;56.36;129.154467168559
381;14.26;106.15793236061549
649;7.1;84.30306949349188
369;48.68;107.13650830988968
66;0.95;131.84555102906305
220;5.51;119.28715968004424
631;221.86;85.77093341740316
29;416.33;134.86282687265847
89;1307.32;129.9699471262875
934;145.19;61.0618906982298
58;52.42;132.49793499524583
16;103.82;135.9229508177055
37;64.12;134.21044290647566
22;25.48;135.43366284306842
77;25.42;130.9485230755617
799;59.93;72.07087012756448
42;25.57;133.80270292761142
820;1.12;70.35836221633464
617;125.59;86.91260535822305
39;109.17;134.04734691492996
689;70.31;81.0411496625779
804;111.41;71.66313014870022
612;52.14;87.3203453370873
473;1.01;98.65551674951335
950;37.24;59.757122765864224
654;227.6;83.89532951462763
265;0.51;115.61749987026602
42;45.99;133.80270292761142
981;7.09;57.22913489690589
43;59.44;133.72115493183856
321;10.36;111.05081210698646
32;43.7;134.6181828853399
480;32.03;98.08468077910341
797;139.37;72.23396611911016
560;0.93;91.56084111727546
470;258.29;98.90016073683191
722;7.04;78.35006580207387
40;28.45;133.96579891915712
673;129.02;82.34591759494349
11;32.33;136.33069079656974
348;0.92;108.84901622111951
10;0.45;136.4122387923426
179;193.99;122.63062750673106
828;2.18;69.70597825015184
763;0.91;75.00659797538705
474;58.8;98.5739687537405
186;19.41;122.05979153632111
336;237.43;109.82759217039371
778;6.77;73.7833780387943
831;13.47;69.46133426283329
882;18.29;65.30238647841797
724;269.34;78.18696981052817
91;29.57;129.8068511347418
498;10.39;96.61681685519213
18;7.0;135.7598548261598
523;17.51;94.57811696087089
985;213.53;56.9029429138145
201;95.46;120.83657159972837
799;250.58;72.07087012756448
715;73.28;78.92090177248382
49;37.43;133.23186695720148
438;184.69;101.50969660156308
734;190.09;77.37148985279967
922;127.48;62.040466647504005
48;9.63;133.3134149529743
35;6.29;134.37353889802137
864;98.49;66.77025040232927
469;16.09;98.98170873260474
46;28.97;133.47651094452002
8;32.8;136.5753347838883
23;1.04;135.35211484729555
686;95.0;81.28579364989645
379;1673.89;106.32102835216119
241;4801.61;117.5746517688144
401;5.77;104.5269724451585
964;77.41;58.615450825044334
1000;170.26;55.67972297722176
474;7.36;98.5739687537405
277;51.06;114.63892392099183
950;84.03;59.757122765864224
141;4833.29;125.72945134609934
5;0.91;136.81997877120685
37;41.38;134.21044290647566
39;245.02;134.04734691492996
420;45.02;102.97756052547436
558;23.71;91.72393710882116
239;46.03;117.7377477603601
31;0.74;134.69973088111277
552;34.36;92.21322508345825
124;296.38;127.11576727423777
585;1.97;89.52214122295422
994;266.09;56.16901095185885
257;5.37;116.26988383644881
895;224.22;64.24226253337093
287;5.84;113.82344396326333
174;7.18;123.0383674855953
174;1504.55;123.0383674855953
28;36.63;134.9443748684313
850;193.43;67.91192234314916
45;0.9;133.55805894029288
539;20.46;93.2733490285053
506;70.85;95.96443288900932
828;92.96;69.70597825015184
640;199.31;85.03700145544752
237;15.63;117.9008437519058
830;27.81;69.54288225860614
42;8.81;133.80270292761142
508;261.36;95.80133689746363
721;5.38;78.43161379784672
999;36.5;55.76127097299461
876;34.37;65.79167445305507
96;5.19;129.39911115587756
657;0.74;83.65068552730907
323;70.09;110.88771611544075
107;19.12;128.5020832023762
19;44.58;135.67830683038696
770;63.84;74.43576200497711
485;1.36;97.67694080023915
291;18.84;113.49725198017194
893;34.02;64.40535852491664
539;15.26;93.2733490285053
536;47.46;93.51799301582385
198;9.77;121.08121558704693
316;1.01;111.4585520858507
928;53.26;61.55117867286691
744;25.88;76.55600989507118
713;23.65;79.0839977640295
73;1256.13;131.2747150586531
703;180.87;79.899477721758
8;27.05;136.5753347838883
35;0.79;134.37353889802137
948;89.21;59.92021875740991
825;15.66;69.95062223747038
381;36.79;106.15793236061549
292;26.22;113.41570398439909
850;43.27;67.91192234314916
40;163.19;133.96579891915712
368;182.57;107.21805630566254
274;286.42;114.88356790831037
35;10.76;134.37353889802137
19;22.3;135.67830683038696
682;35.99;81.61198563298784
8;33.97;136.5753347838883
399;20.93;104.6900684367042
980;99.56;57.31068289267874
316;82.39;111.4585520858507
37;65.31;134.21044290647566
143;31.52;125.56635535455364
390;10.91;105.42400039865984
890;49.41;64.65000251223518
694;0.77;80.63340968371365
407;6.85;104.03768447052141
570;4.73;90.74536115954697
597;168.67;88.54356527368003
184;45.98;122.22288752786682
859;357.57;67.17799038119351
233;26.5;118.2270357349972
58;78.8;132.49793499524583
191;36.45;121.65205155745687
937;54.47;60.81724671091126
25;38.62;135.18901885574985
513;77.84;95.39359691859937
762;99.2;75.08814597115989
5;23.37;136.81997877120685
553;30.4;92.1316770876854
23;86.99;135.35211484729555
582;0.66;89.76678521027279
593;35.42;88.86975725677144
27;31.92;135.02592286420415
842;27.25;68.56430630933195
286;13.81;113.90499195903618
719;155.08;78.59470978939243
16;24.77;135.9229508177055
30;28.78;134.7812788768856
728;8.76;77.86077782743678
403;34.21;104.36387645361282
331;269.82;110.23533214925796
298;0.82;112.926416009762
675;34.84;82.1828216033978
885;0.89;65.05774249109943
3;233.06;136.98307476275255
819;189.28;70.43991021210748
14;15.34;136.0860468092512
817;17.3;70.60300620365318
11;0.26;136.33069079656974
13;34.0;136.16759480502404
12;158.97;136.2491428007969
837;1.86;68.9720462881962
502;9.87;96.29062487210072
987;90.26;56.7398469222688
494;74.95;96.94300883828352
632;86.94;85.6893854216303
617;6.44;86.91260535822305
345;15.11;109.09366020843807
192;24.65;121.57050356168402
18;10.56;135.7598548261598
721;243.71;78.43161379784672
285;9.86;113.98653995480903
360;33.19;107.87044027184533
516;183.33;95.14895293128083
752;4.91;75.90362592888839
44;22.27;133.63960693606572
889;0.84;64.73155050800803
736;15.56;77.20839386125398
701;39.85;80.0625737133037
645;93.51;84.62926147658327
639;12.26;85.11854945122036
553;0.31;92.1316770876854
127;23.7;126.87112328691923
272;272.98;115.04666389985607
337;69.99;109.74604417462086
641;194.99;84.95545345967466
158;1.28;124.3431354179609
42;72.78;133.80270292761142
371;17.02;106.97341231834399
621;29.48;86.58641337513166
368;2.37;107.21805630566254
126;289.37;126.95267128269208
836;1327.75;69.05359428396905
920;187.99;62.20356263904969
16;0.6;135.9229508177055
254;2.09;116.51452782376737
26;9.69;135.107470859977
249;158.2;116.92226780263161
703;67.86;79.899477721758
929;33.14;61.46963067709406
993;22.54;56.2505589476317
158;1.66;124.3431354179609
123;28.43;127.19731527001062
41;8.81;133.88425092338426
728;1.38;77.86077782743678
630;0.26;85.85248141317601
21;94.93;135.51521083884126
741;1.17;76.80065388238972
30;27.76;134.7812788768856
826;79.5;69.86907424169753
6;111.85;136.73843077543398
267;58.09;115.45440387872031
896;63.9;64.16071453759808
912;9.0;62.85594660523249
988;27.7;56.658298926495945
2;161.28;137.0646227585254
802;16.46;71.82622614024592
50;54.52;133.15031896142864
295;10.1;113.17105999708053
11;30.41;136.33069079656974
34;7.04;134.4550868937942
698;43.45;80.30721770062226
243;10.35;117.4115557772687
1;25.3;137.14617075429825
699;32.47;80.2256697048494
281;72.56;114.31273193790042
43;27.28;133.72115493183856
771;2.24;74.35421400920424
593;228.14;88.86975725677144
305;5245.69;112.35558003935205
4;272.32;136.90152676697969
737;7.55;77.12684586548113
8;67.2;136.5753347838883
742;8.12;76.71910588661689
428;22.31;102.32517655929158
133;31.7;126.38183531228213
27;167.82;135.02592286420415
429;33.49;102.24362856351873
568;11.1;90.90845715109268
233;10.57;118.2270357349972
60;1.48;132.33483900370013
366;8.79;107.38115229720823
314;37.28;111.6216480773964
405;31.91;104.20078046206712
303;1.09;112.51867603089774
736;209.12;77.20839386125398
533;1.07;93.7626370031424
845;0.77;68.3196623220134
79;68.21;130.785427084016
525;0.77;94.41502096932518
533;84.06;93.7626370031424
809;6.45;71.25539016983598
19;180.5;135.67830683038696
743;84.09;76.63755789084404
792;4.99;72.64170609797442
901;42.68;63.75297455873384
21;39.09;135.51521083884126
924;283.59;61.8773706559583
556;71.6;91.88703310036686
462;33.25;99.55254470301469
342;24.15;109.33830419575662
542;12.22;93.02870504118675
389;74.95;105.5055483944327
27;72.96;135.02592286420415
485;11.61;97.67694080023915
300;33.37;112.76332001821629
849;112.57;67.99347033892201
113;232.11;128.0127952277391
216;29.48;119.61335166313563
560;186.59;91.56084111727546
7;119.9;136.65688277966115
46;445.19;133.47651094452002
523;17.82;94.57811696087089
310;15.41;111.94784006048779
843;4.47;68.4827583135591
1;84.02;137.14617075429825
433;31.74;101.91743658042734
903;9.26;63.58987856718814
688;27.28;81.12269765835075
13;8.36;136.16759480502404
17;60.61;135.84140282193266
827;4.36;69.78752624592468
2;37.7;137.0646227585254
314;19.35;111.6216480773964
44;5.6;133.63960693606572
997;9.3;55.9243669645403
413;135.43;103.5483964958843
872;1.17;66.11786643614647
563;107.93;91.31619712995692
641;181.47;84.95545345967466
425;148.3;102.56982054661012
429;273.94;102.24362856351873
206;5.65;120.42883162086413
32;246.43;134.6181828853399
653;100.73;83.97687751040047
305;18.26;112.35558003935205
281;8.72;114.31273193790042
316;182.97;111.4585520858507
454;17.47;100.2049286691975
395;221.9;105.0162604197956
10;70.92;136.4122387923426
468;69.73;99.06325672837761
362;34.78;107.70734428029962
3;225.14;136.98307476275255
30;16.82;134.7812788768856
853;26.06;67.6672783558306
238;17.45;117.81929575613295
11;1.15;136.33069079656974
340;79.84;109.50140018730232
789;8.73;72.88635008529296
968;237.63;58.28925884195293
875;209.99;65.87322244882792
19;14.23;135.67830683038696
511;35.3;95.55669291014507
292;1.28;113.41570398439909
492;1526.6;97.1061048298292
35;0.79;134.37353889802137
976;35.09;57.63687487577013
15;40.5;136.00449881347836
265;31.08;115.61749987026602
861;5.1;67.01489438964781
6;1.08;136.73843077543398
267;1.84;115.45440387872031
871;204.13;66.19941443191932
561;127.41;91.47929312150262
650;5.22;84.22152149771902
36;15.52;134.29199090224853
16;242.09;135.9229508177055
830;0.47;69.54288225860614
622;491.11;86.5048653793588
490;8.12;97.26920082137491
469;46.4;98.98170873260474
536;72.41;93.51799301582385
923;21.11;61.95891865173115
535;39.08;93.5995410115967
7;21.5;136.65688277966115
371;159.18;106.97341231834399
820;19.16;70.35836221633464
815;6.63;70.76610219519888
487;27.67;97.51384480869346
970;34.23;58.126162850407226
671;162.97;82.50901358648917
301;7.34;112.68177202244344
908;185.48;63.182138588323895
543;30.58;92.9471570454139
87;22.95;130.1330431178332
11;0.51;136.33069079656974
66;53.42;131.84555102906305
783;188.49;73.37563805993005
17;200.89;135.84140282193266
895;29.47;64.24226253337093
64;209.51;132.00864702060872
474;2.07;98.5739687537405
162;86.53;124.0169434348695
192;28.22;121.57050356168402
822;53.3;70.19526622478894
19;20.38;135.67830683038696
398;199.43;104.77161643247706
341;90.84;109.41985219152946
777;33.61;73.86492603456716
886;2.14;64.97619449532658
399;20.19;104.6900684367042
408;33.27;103.95613647474856
152;7.66;124.83242339259799
49;1.13;133.23186695720148
311;12.61;111.86629206471494
34;21.93;134.4550868937942
922;1.47;62.040466647504005
75;5.27;131.1116190671074
974;20.06;57.799970867315835
877;31.96;65.71012645728221
12;68.58;136.2491428007969
870;35.01;66.28096242769216
944;9.81;60.24641074050132
843;12.67;68.4827583135591
8;1.79;136.5753347838883
38;23.47;134.12889491070283
14;113.08;136.0860468092512
93;0.71;129.6437551431961
48;109.43;133.3134149529743
436;17.5;101.67279259310878
763;1.28;75.00659797538705
44;256.25;133.63960693606572
148;18.11;125.1586153756894
406;33.14;104.11923246629425
520;100.23;94.82276094818943
34;18.77;134.4550868937942
61;9.83;132.2532910079273
452;36.02;100.36802466074319
11;32.69;136.33069079656974
38;0.78;134.12889491070283
698;93.21;80.30721770062226
16;58.94;135.9229508177055
21;8.49;135.51521083884126
642;68.67;84.87390546390182
721;146.97;78.43161379784672
970;0.91;58.126162850407226
8;21.23;136.5753347838883
953;103.75;59.51247877854567
48;13.06;133.3134149529743
621;26.09;86.58641337513166
103;29.54;128.82827518546762
678;151.16;81.93817761607923
869;14.43;66.36251042346501
80;79.77;130.70387908824316
168;135.77;123.52765546023241
528;0.42;94.17037698200664
818;7.03;70.52145820788033
718;92.11;78.67625778516526
539;19.97;93.2733490285053
274;88.99;114.88356790831037
57;91.49;132.57948299101866
501;16.9;96.37217286787357
974;19.51;57.799970867315835
40;0.29;133.96579891915712
736;84.57;77.20839386125398
540;86.87;93.19180103273246
813;62.17;70.92919818674459
36;489.04;134.29199090224853
751;87.71;75.98517392466124
99;24.68;129.154467168559
779;238.38;73.70183004302146
353;13.83;108.44127624225527
999;24.45;55.76127097299461
524;126.69;94.49656896509804
237;0.87;117.9008437519058
321;168.26;111.05081210698646
719;97.38;78.59470978939243
47;60.63;133.39496294874718
31;0.92;134.69973088111277
8;78.24;136.5753347838883
812;1.07;71.01074618251742
984;139.39;56.984490909587336
701;14.45;80.0625737133037
59;30.99;132.416386999473
42;25.95;133.80270292761142
140;5.86;125.81099934187219
910;18.79;63.01904259677819
932;36.15;61.224986689775506
648;7.15;84.38461748926471
645;9.04;84.62926147658327
9;22.31;136.49378678811544
113;86.46;128.0127952277391
657;62.78;83.65068552730907
2;4.7;137.0646227585254
329;67.05;110.39842814080366
378;4.17;106.40257634793404
935;84.86;60.980342702456966
9;34.19;136.49378678811544
599;4.97;88.38046928213433
333;92.8;110.07223615771227
956;0.82;59.26783479122713
162;32.02;124.0169434348695
388;14.99;105.58709639020555
33;79.15;134.53663488956707
937;149.62;60.81724671091126
846;46.95;68.23811432624055
938;280.71;60.73569871513841
597;77.86;88.54356527368003
815;15.57;70.76610219519888
27;26.85;135.02592286420415
154;10.01;124.6693274010523
803;183.19;71.74467814447307
195;12.69;121.32585957436547
23;70.43;135.35211484729555
30;6.63;134.7812788768856
728;32.12;77.86077782743678
959;128.07;59.02319080390858
44;47.25;133.63960693606572
216;12.21;119.61335166313563
428;85.34;102.32517655929158
685;186.89;81.36734164566928
822;22.33;70.19526622478894
676;8.05;82.10127360762493
31;270.11;134.69973088111277
8;33.35;136.5753347838883
647;113.7;84.46616548503758
328;219.76;110.47997613657651
76;8.39;131.03007107133453
816;107.53;70.68455419942603
287;142.14;113.82344396326333
515;61.07;95.23050092705368
552;10.96;92.21322508345825
786;0.78;73.13099407261151
482;14.71;97.92158478755772
46;21.75;133.47651094452002
461;42.23;99.63409269878755
217;22.65;119.53180366736278
48;216.34;133.3134149529743
461;0.77;99.63409269878755
724;0.74;78.18696981052817
699;13.24;80.2256697048494
747;86.46;76.31136590775264
592;182.25;88.95130525254427
14;64.65;136.0860468092512
491;5.0;97.18765282560207
753;71.61;75.82207793311554
898;66.81;63.99761854605238
1;1.46;137.14617075429825
382;140.56;106.07638436484264
820;292.78;70.35836221633464
9;32.74;136.49378678811544
628;105.04;86.01557740472171
661;14.5;83.32449354421769
135;100.91;126.21873932073643
496;212.84;96.77991284673783
688;79.27;81.12269765835075
746;91.71;76.39291390352548
826;9.02;69.86907424169753
178;15.54;122.71217550250391
108;136.19;128.42053520660338
531;98.85;93.92573299468809
113;13.5;128.0127952277391
786;23.76;73.13099407261151
453;23.84;100.28647666497034
240;1.25;117.65619976458726
4;4546.41;136.90152676697969
248;26.6;117.00381579840446
919;1.07;62.285110634822544
73;30.14;131.2747150586531
24;26.71;135.27056685152272
209;40.0;120.18418763354558
466;245.64;99.2263527199233
378;118.64;106.40257634793404
450;250.47;100.53112065228889
17;0.94;135.84140282193266
534;208.67;93.68108900736954
379;29.3;106.32102835216119
772;5.33;74.2726660134314
222;6.18;119.12406368849854
18;27.35;135.7598548261598
852;28.68;67.74882635160346
959;25.44;59.02319080390858
800;241.35;71.98932213179162
95;235.9;129.4806591516504
16;216.88;135.9229508177055
12;10.29;136.2491428007969
556;228.8;91.88703310036686
787;216.37;73.04944607683866
87;35.69;130.1330431178332
411;7.97;103.71149248743001
44;17.87;133.63960693606572
152;120.44;124.83242339259799
47;7.16;133.39496294874718
161;63.76;124.09849143064235
477;30.2;98.32932476642196
178;272.68;122.71217550250391
63;88.08;132.09019501638159
30;0.25;134.7812788768856
43;24.98;133.72115493183856
335;14.43;109.90914016616657
143;5.67;125.56635535455364
4;82.25;136.90152676697969
907;65.66;63.263686584096746
119;0.69;127.52350725310203
754;271.63;75.7405299373427
328;6.69;110.47997613657651
733;1478.34;77.45303784857254
15;253.44;136.00449881347836
524;11.82;94.49656896509804
675;26.63;82.1828216033978
843;32.26;68.4827583135591
16;17.81;135.9229508177055
675;0.73;82.1828216033978
462;88.52;99.55254470301469
306;1.41;112.2740320435792
299;7.39;112.84486801398914
870;71.82;66.28096242769216
206;6.75;120.42883162086413
401;17.03;104.5269724451585
16;119.47;135.9229508177055
16;17.29;135.9229508177055
42;98.43;133.80270292761142
841;54.88;68.64585430510479
274;228.47;114.88356790831037
631;13.09;85.77093341740316
291;12.8;113.49725198017194
162;114.12;124.0169434348695
702;7.24;79.98102571753085
27;27.03;135.02592286420415
516;1.4;95.14895293128083
414;35.4;103.46684850011147
721;13.09;78.43161379784672
657;115.05;83.65068552730907
937;70.89;60.81724671091126
916;42.96;62.5297546221411
296;101.31;113.08951200130768
5;215.22;136.81997877120685
966;6.25;58.45235483349863
44;3.98;133.63960693606572
649;37.04;84.30306949349188
515;7.13;95.23050092705368
12;13.03;136.2491428007969
442;12.96;101.18350461847169
47;6.49;133.39496294874718
598;58.83;88.4620172779072
23;1.64;135.35211484729555
27;43.53;135.02592286420415
43;19.77;133.72115493183856
939;1.09;60.65415071936556
44;133.52;133.63960693606572
899;31.49;63.91607055027954
700;150.65;80.14412170907656
412;1.27;103.62994449165717
250;0.77;116.84071980685876
146;1.09;125.32171136723508
39;60.74;134.04734691492996
950;194.43;59.757122765864224
27;4.41;135.02592286420415
209;3.99;120.18418763354558
420;29.67;102.97756052547436
644;62.19;84.71080947235612
988;25.2;56.658298926495945
165;95.76;123.77229944755095
413;12.91;103.5483964958843
712;8.28;79.16554575980237
18;41.0;135.7598548261598
1;9.05;137.14617075429825
969;198.76;58.20771084618008
8;172.54;136.5753347838883
804;5.49;71.66313014870022
473;1454.84;98.65551674951335
230;132.04;118.47167972231574
747;250.67;76.31136590775264
773;28.35;74.19111801765855
839;46.29;68.8089502966505
82;84.27;130.54078309669745
876;145.53;65.79167445305507
445;25.41;100.93886063115313
647;334.84;84.46616548503758
163;46.92;123.93539543909665
249;124.38;116.92226780263161
863;5.14;66.85179839810212
10;5.04;136.4122387923426
257;0.98;116.26988383644881
309;31.34;112.02938805626064
986;39.85;56.82139491804165
5;64.0;136.81997877120685
24;27.99;135.27056685152272
353;177.49;108.44127624225527
290;257.88;113.57879997594478
586;5.78;89.44059322718138
528;59.52;94.17037698200664
22;69.67;135.43366284306842
60;29.46;132.33483900370013
17;217.28;135.84140282193266
31;14.12;134.69973088111277
837;29.54;68.9720462881962
28;38.54;134.9443748684313
22;1.37;135.43366284306842
803;22.45;71.74467814447307
738;205.32;77.04529786970828
404;242.95;104.28232845783995
679;2.22;81.85662962030639
33;80.01;134.53663488956707
55;73.01;132.74257898256437
804;29.86;71.66313014870022
535;141.54;93.5995410115967
400;21.7;104.60852044093136
27;29.24;135.02592286420415
897;18.37;64.07916654182523
534;34.25;93.68108900736954
742;34.6;76.71910588661689
9;162.96;136.49378678811544
653;84.56;83.97687751040047
722;8.22;78.35006580207387
24;112.15;135.27056685152272
443;26.88;101.10195662269884
995;29.05;56.087462956086
164;164.4;123.8538474433238
927;37.93;61.63272666863975
365;0.88;107.46270029298108
738;397.1;77.04529786970828
49;2.35;133.23186695720148
579;8.22;90.01142919759133
702;10.31;79.98102571753085
182;0.29;122.3859835194125
669;19.27;82.67210957803488
13;72.42;136.16759480502404
26;7.32;135.107470859977
308;5.32;112.1109360520335
15;28.28;136.00449881347836
5;5.58;136.81997877120685
628;81.94;86.01557740472171
355;176.79;108.27818025070957
838;283.65;68.89049829242335
334;9.25;109.99068816193942
84;11.14;130.37768710515175
612;10.64;87.3203453370873
7;56.74;136.65688277966115
26;19.5;135.107470859977
309;0.82;112.02938805626064
142;0.9;125.64790335032649
359;74.51;107.95198826761818
431;8.98;102.08053257197302
354;8.24;108.35972824648243
883;17.28;65.22083848264512
798;90.57;72.15241812333731
989;81.51;56.576750930723094
529;1.48;94.08882898623379
156;58.1;124.5062314095066
481;152.44;98.00313278333056
982;38.03;57.14758690113304
713;37.3;79.0839977640295
489;1.16;97.35074881714777
47;102.19;133.39496294874718
412;1.42;103.62994449165717
915;7.61;62.61130261791395
11;62.73;136.33069079656974
257;75.3;116.26988383644881
20;100.71;135.5967588346141
25;55.26;135.18901885574985
27;103.22;135.02592286420415
595;37.91;88.70666126522573
225;7.58;118.87941970117998
116;65.87;127.76815124042056
449;139.66;100.61266864806174
94;4.54;129.56220714742327
49;124.5;133.23186695720148
15;68.37;136.00449881347836
512;56.89;95.47514491437224
135;123.35;126.21873932073643
238;5.31;117.81929575613295
34;102.68;134.4550868937942
31;100.05;134.69973088111277
267;1.67;115.45440387872031
507;117.85;95.88288489323648
362;182.31;107.70734428029962
102;0.77;128.90982318124045
857;0.69;67.34108637273921
101;1.19;128.99137117701332
914;65.0;62.6928506136868
935;232.24;60.980342702456966
59;51.45;132.416386999473
228;21.51;118.63477571386144
301;69.5;112.68177202244344
15;8.37;136.00449881347836
18;29.27;135.7598548261598
587;11.97;89.35904523140853
240;7.03;117.65619976458726
302;12.96;112.60022402667059
404;5.5;104.28232845783995
686;245.3;81.28579364989645
541;0.83;93.11025303695959
667;37.91;82.83520556958058
187;1.38;121.97824354054826
37;51.9;134.21044290647566
203;234.65;120.67347560818267
363;1.26;107.62579628452679
216;25.98;119.61335166313563
321;109.36;111.05081210698646
984;98.66;56.984490909587336
845;30.61;68.3196623220134
925;257.93;61.79582266018545
656;9.05;83.73223352308193
1;0.71;137.14617075429825
386;29.61;105.75019238175125
284;187.32;114.06808795058188
940;137.17;60.57260272359271
481;10.38;98.00313278333056
660;19.71;83.40604153999053
199;65.85;120.99966759127408
11;47.91;136.33069079656974
142;30.61;125.64790335032649
33;34.08;134.53663488956707
310;5.0;111.94784006048779
629;110.26;85.93402940894886
695;2.12;80.5518616879408
739;34.35;76.96374987393543
149;2.76;125.07706737991654
145;27.46;125.40325936300793
64;49.88;132.00864702060872
611;26.07;87.40189333286014
21;11.2;135.51521083884126
4;243.77;136.90152676697969
221;14.96;119.20561168427139
780;225.29;73.62028204724861
845;195.82;68.3196623220134
474;14.82;98.5739687537405
21;7.92;135.51521083884126
4;103.26;136.90152676697969
196;125.24;121.24431157859262
558;84.87;91.72393710882116
990;35.58;56.49520293495024
428;21.42;102.32517655929158
377;34.04;106.4841243437069
765;137.76;74.84350198384135
297;101.36;113.00796400553483
874;13.57;65.95477044460077
620;19.68;86.6679613709045
125;34.09;127.03421927846492
560;34.5;91.56084111727546
24;80.29;135.27056685152272
10;31.62;136.4122387923426
520;106.29;94.82276094818943
799;27.59;72.07087012756448
2;298.43;137.0646227585254
82;9.35;130.54078309669745
490;37.25;97.26920082137491
799;71.1;72.07087012756448
249;2.41;116.92226780263161
929;10.22;61.46963067709406
410;145.02;103.79304048320287
19;69.68;135.67830683038696
21;44.59;135.51521083884126
821;60.66;70.27681422056179
491;1.65;97.18765282560207
217;2.21;119.53180366736278
16;85.76;135.9229508177055
901;12.3;63.75297455873384
326;78.31;110.64307212812221
740;73.82;76.88220187816259
666;44.56;82.91675356535343
49;80.22;133.23186695720148
168;53.15;123.52765546023241
408;34.62;103.95613647474856
659;51.11;83.48758953576338
707;92.24;79.57328573866661
25;1.56;135.18901885574985
50;55.5;133.15031896142864
38;5.01;134.12889491070283
222;0.4;119.12406368849854
16;75.55;135.9229508177055
516;67.19;95.14895293128083
380;37.62;106.23948035638834
776;64.99;73.94647403034
693;22.5;80.7149576794865
932;236.42;61.224986689775506
181;4.73;122.46753151518536
414;317.46;103.46684850011147
936;48.18;60.898794706684114
543;29.71;92.9471570454139
89;32.36;129.9699471262875
413;76.51;103.5483964958843
562;57.04;91.39774512572976
825;90.22;69.95062223747038
825;62.41;69.95062223747038
2;28.66;137.0646227585254
66;2.07;131.84555102906305
987;0.94;56.7398469222688
716;0.81;78.83935377671096
124;33.33;127.11576727423777
50;33.7;133.15031896142864
686;20.04;81.28579364989645
36;17.73;134.29199090224853
516;1.93;95.14895293128083
185;25.39;122.14133953209397
34;43.16;134.4550868937942
308;19.0;112.1109360520335
82;36.79;130.54078309669745
190;36.86;121.73359955322971
72;363.6;131.35626305442594
844;22.07;68.40121031778625
184;4359.34;122.22288752786682
808;240.68;71.33693816560883
588;0.84;89.27749723563568
17;279.48;135.84140282193266
19;31.9;135.67830683038696
245;85.37;117.248459785723
807;83.23;71.41848616138168
865;116.29;66.68870240655642
956;23.08;59.26783479122713
820;32.33;70.35836221633464
868;1.16;66.44405841923786
507;17.79;95.88288489323648
21;20.01;135.51521083884126
290;5.93;113.57879997594478
347;27.77;108.93056421689238
969;7.65;58.20771084618008
649;27.45;84.30306949349188
411;78.6;103.71149248743001
609;26.14;87.56498932440584
18;37.71;135.7598548261598
9;4.88;136.49378678811544
972;20.78;57.96306685886154
822;28.6;70.19526622478894
770;22.67;74.43576200497711
220;97.85;119.28715968004424
205;1.42;120.51037961663698
62;83.94;132.17174301215442
568;155.44;90.90845715109268
701;183.12;80.0625737133037
365;117.85;107.46270029298108
436;15.03;101.67279259310878
390;2.19;105.42400039865984
383;150.89;105.99483636906979
789;60.65;72.88635008529296
22;7.62;135.43366284306842
231;222.95;118.39013172654289
994;28.02;56.16901095185885
646;8.6;84.54771348081042
702;190.13;79.98102571753085
91;156.78;129.8068511347418
232;44.99;118.30858373077004
254;8.79;116.51452782376737
451;1.3;100.44957265651604
5;11.16;136.81997877120685
321;263.75;111.05081210698646
814;15.61;70.84765019097173
107;80.35;128.5020832023762
166;163.09;123.6907514517781
507;83.52;95.88288489323648
975;0.89;57.718422871542984
511;1.09;95.55669291014507
21;195.8;135.51521083884126
877;99.86;65.71012645728221
936;88.98;60.898794706684114
884;193.3;65.13929048687227
178;27.04;122.71217550250391
30;6.91;134.7812788768856
750;141.59;76.06672192043408
258;82.38;116.18833584067596
207;0.8;120.34728362509128
510;78.63;95.63824090591793
854;117.14;67.58573036005775
95;10.84;129.4806591516504
593;32.41;88.86975725677144
1000;29.67;55.67972297722176
369;151.94;107.13650830988968
579;80.09;90.01142919759133
2;96.69;137.0646227585254
41;63.26;133.88425092338426
397;8.61;104.8531644282499
445;1.23;100.93886063115313
762;17.24;75.08814597115989
136;12.58;126.13719132496358
345;276.26;109.09366020843807
375;11.12;106.64722033525258
191;9.45;121.65205155745687
515;12.0;95.23050092705368
31;23.7;134.69973088111277
49;35.1;133.23186695720148
658;14.57;83.56913753153623
826;175.29;69.86907424169753
75;1.15;131.1116190671074
804;6.94;71.66313014870022
25;22.99;135.18901885574985
225;18.48;118.87941970117998
388;1.28;105.58709639020555
40;1.17;133.96579891915712
104;195.55;128.74672718969475
29;30.32;134.86282687265847
459;261.24;99.79718869033324
97;2.35;129.3175631601047
960;1.1;58.941642808135725
498;22.28;96.61681685519213
550;11.46;92.37632107500396
21;19.8;135.51521083884126
44;17.69;133.63960693606572
357;35.3;108.11508425916388
993;28.77;56.2505589476317
5;26.67;136.81997877120685
903;13.85;63.58987856718814
215;1670.04;119.69489965890848
979;33.23;57.39223088845159
46;29.45;133.47651094452002
73;11.53;131.2747150586531
967;25.83;58.37080683772578
337;4.96;109.74604417462086
238;2.3;117.81929575613295
915;155.68;62.61130261791395
636;26.81;85.36319343853891
10;76.14;136.4122387923426
23;134.3;135.35211484729555
729;51.8;77.77922983166393
809;33.52;71.25539016983598
966;30.04;58.45235483349863
187;52.99;121.97824354054826
5;23.64;136.81997877120685
2;89.37;137.0646227585254
8;32.85;136.5753347838883
505;7.93;96.04598088478218
688;0.69;81.12269765835075
31;0.81;134.69973088111277
86;172.36;130.21459111360605
42;0.84;133.80270292761142
503;13.59;96.20907687632787
49;14.3;133.23186695720148
5;4581.23;136.81997877120685
279;271.45;114.47582792944613
458;26.19;99.8787366861061
738;19.56;77.04529786970828
35;12.67;134.37353889802137
724;119.94;78.18696981052817
318;0.49;111.295456094305
278;169.48;114.55737592521898
21;220.87;135.51521083884126
22;119.77;135.43366284306842
594;12.46;88.78820926099858
51;47.54;133.06877096565577
407;269.31;104.03768447052141
369;66.65;107.13650830988968
504;37.48;96.12752888055502
35;24.73;134.37353889802137
413;64.11;103.5483964958843
401;21.01;104.5269724451585
48;16.15;133.3134149529743
899;230.1;63.91607055027954
18;30.04;135.7598548261598
428;15.02;102.32517655929158
184;92.0;122.22288752786682
956;7.73;59.26783479122713
900;1.48;63.83452255450669
1;0.72;137.14617075429825
629;1.76;85.93402940894886
559;34.43;91.64238911304831
350;0.93;108.68592022957382
710;235.84;79.32864175134806
49;5.73;133.23186695720148
696;222.61;80.47031369216795
557;21.27;91.80548510459401
27;5.03;135.02592286420415
296;81.05;113.08951200130768
698;286.34;80.30721770062226
701;102.87;80.0625737133037
475;1.21;98.49242075796766
299;146.46;112.84486801398914
505;287.56;96.04598088478218
470;1.87;98.90016073683191
33;1.08;134.53663488956707
402;71.22;104.44542444938565
1;1.91;137.14617075429825
309;60.55;112.02938805626064
70;17.15;131.51935904597164
477;31.18;98.32932476642196
427;215.63;102.40672455506441
478;1.65;98.24777677064911
466;24.33;99.2263527199233
847;262.72;68.1565663304677
524;5.45;94.49656896509804
721;13.98;78.43161379784672
24;13.24;135.27056685152272
707;5.07;79.57328573866661
91;8.17;129.8068511347418
20;1.36;135.5967588346141
493;29.59;97.02455683405637
179;1.17;122.63062750673106
1000;76.7;55.67972297722176
722;14.86;78.35006580207387
496;9.72;96.77991284673783
100;86.5;129.07291917278616
39;1.23;134.04734691492996
14;88.89;136.0860468092512
556;178.99;91.88703310036686
351;20.69;108.60437223380097
52;29.62;132.98722296988294
370;14.05;107.05496031411684
804;1.41;71.66313014870022
922;46.53;62.040466647504005
761;4.16;75.16969396693275
978;58.05;57.473778884224444
909;2.27;63.10059059255104
308;81.2;112.1109360520335
271;75.2;115.12821189562892
28;179.89;134.9443748684313
607;201.29;87.72808531595155
497;228.48;96.69836485096496
904;71.19;63.508330571415286
535;34.89;93.5995410115967
479;39.82;98.16622877487626
427;298.76;102.40672455506441
229;70.57;118.55322771808859
713;0.26;79.0839977640295
167;209.02;123.60920345600525
50;16.61;133.15031896142864
38;20.49;134.12889491070283
195;71.39;121.32585957436547
2;31.48;137.0646227585254
1;12.35;137.14617075429825
162;68.96;124.0169434348695
472;13.28;98.7370647452862
200;167.52;120.91811959550122
773;40.55;74.19111801765855
258;87.62;116.18833584067596
871;32.86;66.19941443191932
540;21.54;93.19180103273246
683;19.02;81.53043763721499
7;226.35;136.65688277966115
46;95.65;133.47651094452002
198;0.5;121.08121558704693
939;64.92;60.65415071936556
115;0.7;127.84969923619342
222;60.3;119.12406368849854
737;0.97;77.12684586548113
343;34.6;109.25675619998377
104;1.6;128.74672718969475
31;110.24;134.69973088111277
44;0.93;133.63960693606572
854;15.1;67.58573036005775
53;191.91;132.90567497411007
356;2.36;108.19663225493673
770;6.31;74.43576200497711
9;80.63;136.49378678811544
928;6.34;61.55117867286691
38;157.08;134.12889491070283
39;67.11;134.04734691492996
456;31.48;100.0418326776518
557;28.55;91.80548510459401
621;4.96;86.58641337513166
893;296.29;64.40535852491664
786;71.36;73.13099407261151
480;12.41;98.08468077910341
88;0.3;130.05149512206035
953;22.23;59.51247877854567
18;57.6;135.7598548261598
796;108.15;72.31551411488302
128;1.38;126.78957529114638
752;0.75;75.90362592888839
791;1.18;72.72325409374726
12;242.86;136.2491428007969
163;16.93;123.93539543909665
469;32.0;98.98170873260474
447;116.83;100.77576463960744
54;135.29;132.82412697833723
557;82.03;91.80548510459401
500;91.45;96.45372086364642
11;63.85;136.33069079656974
11;0.67;136.33069079656974
894;0.72;64.32381052914378
612;40.78;87.3203453370873
27;1.27;135.02592286420415
676;212.65;82.10127360762493
247;39.29;117.08536379417731
218;49.4;119.45025567158993
457;12.93;99.96028468187895
336;1.08;109.82759217039371
999;106.08;55.76127097299461
29;32.02;134.86282687265847
2;1.62;137.0646227585254
16;57.02;135.9229508177055
709;16.63;79.41018974712091
4;7.24;136.90152676697969
497;77.14;96.69836485096496
691;296.24;80.8780536710322
122;185.74;127.27886326578347
8;235.82;136.5753347838883
455;1.82;100.12338067342463
387;0.58;105.6686443859784
668;146.3;82.75365757380774
800;95.32;71.98932213179162
878;7.0;65.62857846150938
423;4.8;102.73291653815582
38;1.03;134.12889491070283
253;274.6;116.5960758195402
952;26.98;59.59402677431852
669;150.87;82.67210957803488
495;1.32;96.86146084251067
714;77.35;79.00244976825667
170;216.44;123.3645594686867
171;52.97;123.28301147291386
919;42.72;62.285110634822544
577;21.44;90.17452518913703
700;21.48;80.14412170907656
623;22.03;86.42331738358595
980;479.34;57.31068289267874
344;35.07;109.17520820421092
856;364.46;67.42263436851206
58;20.73;132.49793499524583
4;28.25;136.90152676697969
314;4.94;111.6216480773964
101;84.32;128.99137117701332
46;248.57;133.47651094452002
952;51.09;59.59402677431852
383;21.02;105.99483636906979
504;2.1;96.12752888055502
10;200.09;136.4122387923426
22;283.13;135.43366284306842
558;175.97;91.72393710882116
10;20.66;136.4122387923426
602;194.36;88.13582529481579
141;68.77;125.72945134609934
12;44.52;136.2491428007969
719;226.33;78.59470978939243
562;88.99;91.39774512572976
454;139.55;100.2049286691975
50;114.31;133.15031896142864
305;13.22;112.35558003935205
2;115.43;137.0646227585254
7;76.01;136.65688277966115
528;1.95;94.17037698200664
669;5.22;82.67210957803488
115;8.27;127.84969923619342
11;4674.32;136.33069079656974
411;240.7;103.71149248743001
235;6.32;118.0639397434515
210;18.77;120.10263963777273
22;123.15;135.43366284306842
458;24.26;99.8787366861061
632;19.18;85.6893854216303
39;0.97;134.04734691492996
137;1.16;126.05564332919073
867;0.31;66.52560641501071
807;167.37;71.41848616138168
787;79.1;73.04944607683866
26;76.73;135.107470859977
884;39.2;65.13929048687227
235;0.83;118.0639397434515
985;1.41;56.9029429138145
540;5.65;93.19180103273246
537;0.94;93.436445020051
876;182.54;65.79167445305507
44;7.73;133.63960693606572
932;91.91;61.224986689775506
422;12.85;102.81446453392867
35;15.49;134.37353889802137
639;251.53;85.11854945122036
223;27.04;119.04251569272569
614;25.71;87.1572493455416
364;6.63;107.54424828875393
798;0.9;72.15241812333731
32;1.75;134.6181828853399
539;62.31;93.2733490285053
326;26.45;110.64307212812221
363;1.3;107.62579628452679
44;5.67;133.63960693606572
980;33.67;57.31068289267874
885;99.16;65.05774249109943
731;1.46;77.61613384011822
11;42.62;136.33069079656974
660;273.99;83.40604153999053
76;157.63;131.03007107133453
668;29.37;82.75365757380774
553;1.73;92.1316770876854
203;0.23;120.67347560818267
18;9.93;135.7598548261598
648;33.41;84.38461748926471
626;0.74;86.17867339626741
252;1.07;116.67762381531305
774;1.75;74.1095700218857
781;315.38;73.53873405147576
413;191.32;103.5483964958843
2;12.98;137.0646227585254
35;98.15;134.37353889802137
39;6.42;134.04734691492996
256;10.28;116.35143183222166
510;72.53;95.63824090591793
981;0.55;57.22913489690589
690;18.35;80.95960166680504
877;98.22;65.71012645728221
653;122.03;83.97687751040047
372;87.13;106.89186432257114
151;2.03;124.91397138837084
235;252.29;118.0639397434515
871;84.96;66.19941443191932
240;21.58;117.65619976458726
425;6.97;102.56982054661012
857;110.34;67.34108637273921
38;5.13;134.12889491070283
262;339.8;115.86214385758456
142;181.03;125.64790335032649
31;246.17;134.69973088111277
983;15.17;57.06603890536019
16;4.87;135.9229508177055
35;19.94;134.37353889802137
907;1.59;63.263686584096746
479;6.39;98.16622877487626
772;21.88;74.2726660134314
368;55.05;107.21805630566254
11;4.51;136.33069079656974
4;19.23;136.90152676697969
657;57.02;83.65068552730907
352;0.94;108.52282423802812
6;51.33;136.73843077543398
761;25.73;75.16969396693275
555;0.7;91.9685810961397
2;0.31;137.0646227585254
552;27.41;92.21322508345825
28;1.7;134.9443748684313
575;7.35;90.33762118068273
22;23.8;135.43366284306842
47;11.55;133.39496294874718
995;43.91;56.087462956086
360;154.5;107.87044027184533
652;4.21;84.05842550617332
264;202.63;115.69904786603887
794;77.27;72.47861010642872
184;133.0;122.22288752786682
777;79.95;73.86492603456716
302;96.19;112.60022402667059
46;35.33;133.47651094452002
943;10.09;60.32795873627417
25;37.96;135.18901885574985
608;1.21;87.6465373201787
8;26.79;136.5753347838883
17;37.35;135.84140282193266
602;85.92;88.13582529481579
647;87.99;84.46616548503758
329;18.03;110.39842814080366
799;63.35;72.07087012756448
37;44.34;134.21044290647566
24;1.84;135.27056685152272
23;24.24;135.35211484729555
122;105.26;127.27886326578347
599;7.96;88.38046928213433
909;7.17;63.10059059255104
40;169.92;133.96579891915712
8;27.65;136.5753347838883
33;261.51;134.53663488956707
712;55.25;79.16554575980237
227;35.44;118.7163237096343
958;33.36;59.10473879968143
14;19.97;136.0860468092512
237;245.15;117.9008437519058
92;5060.81;129.72530313896894
42;29.64;133.80270292761142
30;173.02;134.7812788768856
703;31.89;79.899477721758
217;65.67;119.53180366736278
571;33.7;90.66381316377411
785;0.73;73.21254206838437
758;221.43;75.4143379542513
540;39.87;93.19180103273246
948;0.7;59.92021875740991
5;16.88;136.81997877120685
42;25.65;133.80270292761142
737;1.06;77.12684586548113
132;34.9;126.46338330805497
951;21.61;59.67557477009137
292;0.28;113.41570398439909
354;75.14;108.35972824648243
633;235.0;85.60783742585747
996;27.55;56.00591496031315
968;32.81;58.28925884195293
702;7.89;79.98102571753085
49;135.07;133.23186695720148
22;54.83;135.43366284306842
41;177.05;133.88425092338426
961;69.4;58.860094812362874
541;244.23;93.11025303695959
266;4.92;115.53595187449316
22;21.25;135.43366284306842
374;40.15;106.72876833102544
862;37.51;66.93334639387496
361;2.4;107.78889227607249
19;0.94;135.67830683038696
347;249.7;108.93056421689238
326;0.65;110.64307212812221
539;72.33;93.2733490285053
690;27.46;80.95960166680504
30;264.51;134.7812788768856
13;78.24;136.16759480502404
561;5.29;91.47929312150262
135;32.46;126.21873932073643
48;13.31;133.3134149529743
825;2.03;69.95062223747038
304;21.42;112.43712803512489
19;144.75;135.67830683038696
643;1.17;84.79235746812897
849;0.82;67.99347033892201
389;40.37;105.5055483944327
696;58.64;80.47031369216795
21;28.9;135.51521083884126
735;7.59;77.28994185702683
48;67.99;133.3134149529743
189;198.74;121.81514754900256
880;0.74;65.46548246996367
263;218.16;115.78059586181172
17;6.9;135.84140282193266
747;1.69;76.31136590775264
866;15.2;66.60715441078356
380;22.85;106.23948035638834
109;226.12;128.3389872108305
42;32.14;133.80270292761142
769;20.03;74.51731000074994
803;88.99;71.74467814447307
41;58.07;133.88425092338426
25;4.53;135.18901885574985
67;1.02;131.76400303329018
60;240.79;132.33483900370013
236;21.93;117.98239174767865
964;18.84;58.615450825044334
997;18.77;55.9243669645403
496;83.54;96.77991284673783
521;21.44;94.74121295241659
848;281.94;68.07501833469485
516;34.16;95.14895293128083
148;30.64;125.1586153756894
33;29.26;134.53663488956707
148;146.73;125.1586153756894
684;1.12;81.44888964144215
670;159.85;82.59056158226204
233;37.21;118.2270357349972
70;8.0;131.51935904597164
565;32.23;91.15310113841122
528;9.23;94.17037698200664
119;132.38;127.52350725310203
569;2.81;90.82690915531981
35;60.15;134.37353889802137
628;1.65;86.01557740472171
180;13.15;122.54907951095821
30;58.23;134.7812788768856
595;34.25;88.70666126522573
24;6.76;135.27056685152272
250;83.12;116.84071980685876
824;6.38;70.03217023324324
341;7.44;109.41985219152946
868;27.69;66.44405841923786
236;151.74;117.98239174767865
2;18.42;137.0646227585254
268;1.22;115.37285588294748
770;60.96;74.43576200497711
55;21.71;132.74257898256437
713;4.82;79.0839977640295
21;1.43;135.51521083884126
584;241.84;89.60368921872708
167;7.12;123.60920345600525
41;130.72;133.88425092338426
97;222.99;129.3175631601047
908;19.42;63.182138588323895
787;10.94;73.04944607683866
1;2.02;137.14617075429825
930;32.97;61.38808268132121
876;33.89;65.79167445305507
123;11.13;127.19731527001062
724;13.35;78.18696981052817
960;21.6;58.941642808135725
518;48.01;94.98585693973513
531;19.74;93.92573299468809
429;178.7;102.24362856351873
640;24.2;85.03700145544752
923;119.86;61.95891865173115
995;294.81;56.087462956086
34;87.49;134.4550868937942
476;31.43;98.4108727621948
915;0.98;62.61130261791395
9;0.31;136.49378678811544
831;91.2;69.46133426283329
473;23.74;98.65551674951335
656;174.32;83.73223352308193
501;5.05;96.37217286787357
114;8.76;127.93124723196627
713;23.0;79.0839977640295
113;37.46;128.0127952277391
1;1.14;137.14617075429825
397;1.06;104.8531644282499
865;2.73;66.68870240655642
839;1.36;68.8089502966505
77;1.02;130.9485230755617
795;0.88;72.39706211065587
912;65.57;62.85594660523249
523;38.72;94.57811696087089
23;7.76;135.35211484729555
33;9.57;134.53663488956707
420;54.1;102.97756052547436
829;0.76;69.62443025437899
400;1.72;104.60852044093136
190;0.91;121.73359955322971
736;226.16;77.20839386125398
918;105.04;62.366658630595396
42;56.5;133.80270292761142
26;37.6;135.107470859977
954;1.59;59.43093078277282
441;23.8;101.26505261424452
488;101.19;97.43229681292061
954;255.48;59.43093078277282
522;288.72;94.65966495664374
811;0.92;71.09229417829027
335;117.75;109.90914016616657
926;41.86;61.7142746644126
41;0.45;133.88425092338426
913;14.53;62.77439860945964
902;0.79;63.67142656296099
12;8.3;136.2491428007969
22;22.11;135.43366284306842
28;77.17;134.9443748684313
877;4.6;65.71012645728221
24;71.43;135.27056685152272
604;10.01;87.97272930327009
897;71.36;64.07916654182523
265;4.8;115.61749987026602
18;73.72;135.7598548261598
50;4.94;133.15031896142864
172;10.5;123.201463477141
221;1240.55;119.20561168427139
297;28.03;113.00796400553483
601;28.81;88.21737329058864
514;103.99;95.31204892282653
511;0.94;95.55669291014507
767;5.69;74.68040599229565
329;51.83;110.39842814080366
283;68.02;114.14963594635472
35;209.83;134.37353889802137
30;18.65;134.7812788768856
41;27.22;133.88425092338426
332;234.48;110.1537841534851
401;133.09;104.5269724451585
781;25.91;73.53873405147576
28;5.92;134.9443748684313
880;37.49;65.46548246996367
93;0.74;129.6437551431961
288;82.21;113.74189596749048
22;19.24;135.43366284306842
952;0.91;59.59402677431852
667;1.56;82.83520556958058
19;4.18;135.67830683038696
305;21.67;112.35558003935205
42;1.48;133.80270292761142
465;14.93;99.30790071569615
889;66.26;64.73155050800803
65;232.28;131.92709902483588
295;0.72;113.17105999708053
45;38.9;133.55805894029288
576;165.1;90.25607318490987
646;8.79;84.54771348081042
38;70.82;134.12889491070283
976;28.14;57.63687487577013
901;6.36;63.75297455873384
534;34.35;93.68108900736954
60;196.68;132.33483900370013
817;88.43;70.60300620365318
720;196.56;78.51316179361956
849;34.42;67.99347033892201
560;54.54;91.56084111727546
544;33.18;92.86560904964105
875;10.37;65.87322244882792
3;154.68;136.98307476275255
510;216.77;95.63824090591793
305;1.06;112.35558003935205
800;0.79;71.98932213179162
31;84.06;134.69973088111277
194;31.27;121.40740757013832
590;8.05;89.11440124408998
844;1.63;68.40121031778625
16;31.8;135.9229508177055
370;9.91;107.05496031411684
392;227.23;105.26090440711415
14;60.22;136.0860468092512
846;85.26;68.23811432624055
619;0.43;86.74950936667736
231;208.88;118.39013172654289
888;81.45;64.81309850378088
457;11.94;99.96028468187895
434;244.61;101.83588858465447
265;187.34;115.61749987026602
846;117.21;68.23811432624055
544;11.01;92.86560904964105
362;76.87;107.70734428029962
755;27.04;75.65898194156983
524;167.45;94.49656896509804
459;161.14;99.79718869033324
918;24.82;62.366658630595396
113;157.62;128.0127952277391
43;122.08;133.72115493183856
384;34.79;105.91328837329695
821;0.78;70.27681422056179
1;1.54;137.14617075429825
827;1.07;69.78752624592468
870;23.49;66.28096242769216
201;7.9;120.83657159972837
355;1.64;108.27818025070957
548;38.36;92.53941706654965
425;161.77;102.56982054661012
886;7.3;64.97619449532658
818;1.38;70.52145820788033
92;11.4;129.72530313896894
976;35.5;57.63687487577013
22;33.21;135.43366284306842
47;73.25;133.39496294874718
445;0.94;100.93886063115313
956;67.81;59.26783479122713
385;163.58;105.8317403775241
385;100.07;105.8317403775241
240;64.81;117.65619976458726
238;21.67;117.81929575613295
485;211.85;97.67694080023915
756;29.65;75.577433945797
197;26.14;121.16276358281976
808;434.07;71.33693816560883
889;156.93;64.73155050800803
647;52.53;84.46616548503758
826;2.32;69.86907424169753
7;37.86;136.65688277966115
427;149.24;102.40672455506441
629;19.49;85.93402940894886
843;31.72;68.4827583135591
141;29.81;125.72945134609934
312;44.26;111.7847440689421
338;224.98;109.66449617884801
956;1675.84;59.26783479122713
270;263.58;115.20975989140177
829;73.59;69.62443025437899
528;31.61;94.17037698200664
592;20.16;88.95130525254427
958;100.48;59.10473879968143
906;115.6;63.3452345798696
16;436.87;135.9229508177055
5;11.64;136.81997877120685
458;13.11;99.8787366861061
395;197.95;105.0162604197956
653;64.14;83.97687751040047
362;6.27;107.70734428029962
546;1.32;92.70251305809535
528;18.35;94.17037698200664
5;27.14;136.81997877120685
30;8.93;134.7812788768856
422;30.03;102.81446453392867
27;3989.12;135.02592286420415
190;9.79;121.73359955322971
24;5.74;135.27056685152272
41;12.74;133.88425092338426
756;37.36;75.577433945797
426;28.53;102.48827255083728
12;71.92;136.2491428007969
519;1.11;94.90430894396229
953;259.26;59.51247877854567
836;198.15;69.05359428396905
422;11.33;102.81446453392867
819;23.45;70.43991021210748
750;173.22;76.06672192043408
857;36.14;67.34108637273921
39;7.13;134.04734691492996
16;10.54;135.9229508177055
995;279.15;56.087462956086
100;62.75;129.07291917278616
511;116.69;95.55669291014507
697;144.79;80.3887656963951
259;236.8;116.10678784490311
191;31.41;121.65205155745687
407;1.62;104.03768447052141
543;27.0;92.9471570454139
980;1.28;57.31068289267874
20;30.0;135.5967588346141
938;18.4;60.73569871513841
328;26.25;110.47997613657651
39;1.14;134.04734691492996
441;35.19;101.26505261424452
801;14.27;71.90777413601877
816;77.03;70.68455419942603
688;181.85;81.12269765835075
88;9.86;130.05149512206035
11;80.06;136.33069079656974
18;13.66;135.7598548261598
27;1.42;135.02592286420415
389;14.82;105.5055483944327
7;57.55;136.65688277966115
44;1.15;133.63960693606572
892;96.33;64.48690652068949
912;1.25;62.85594660523249
24;47.13;135.27056685152272
814;1.21;70.84765019097173
11;35.86;136.33069079656974
629;11.29;85.93402940894886
870;7.94;66.28096242769216
714;287.9;79.00244976825667
40;4.94;133.96579891915712
792;47.28;72.64170609797442
620;1.73;86.6679613709045
345;15.91;109.09366020843807
28;2.17;134.9443748684313
2;0.82;137.0646227585254
834;53.09;69.21669027551474
27;442.16;135.02592286420415
489;18.7;97.35074881714777
188;85.98;121.89669554477541
1000;18.66;55.67972297722176
557;96.23;91.80548510459401
771;32.92;74.35421400920424
231;1.65;118.39013172654289
615;0.75;87.07570134976875
76;3975.1;131.03007107133453
387;151.73;105.6686443859784
394;55.13;105.09780841556845
737;23.64;77.12684586548113
48;196.52;133.3134149529743
119;10.33;127.52350725310203
21;0.96;135.51521083884126
27;1.42;135.02592286420415
73;90.89;131.2747150586531
506;64.58;95.96443288900932
33;12.54;134.53663488956707
394;218.54;105.09780841556845
321;49.75;111.05081210698646
941;1.43;60.49105472781986
40;68.84;133.96579891915712
35;72.92;134.37353889802137
32;180.47;134.6181828853399
283;24.21;114.14963594635472
565;191.27;91.15310113841122
937;85.12;60.81724671091126
161;184.31;124.09849143064235
35;18.02;134.37353889802137
340;19.52;109.50140018730232
667;1.15;82.83520556958058
167;26.05;123.60920345600525
967;55.36;58.37080683772578
510;1.78;95.63824090591793
65;53.82;131.92709902483588
908;32.7;63.182138588323895
131;13.19;126.54493130382782
847;27.36;68.1565663304677
253;14.81;116.5960758195402
725;282.42;78.10542181475532
909;30.28;63.10059059255104
363;17.45;107.62579628452679
12;134.13;136.2491428007969
48;4841.8;133.3134149529743
488;5.08;97.43229681292061
914;7.49;62.6928506136868
790;1.03;72.80480208952011
23;0.99;135.35211484729555
587;213.91;89.35904523140853
647;0.24;84.46616548503758
84;32.33;130.37768710515175
885;188.38;65.05774249109943
7;2.16;136.65688277966115
73;59.38;131.2747150586531
665;25.67;82.99830156112628
510;32.63;95.63824090591793
6;2.07;136.73843077543398
514;46.01;95.31204892282653
204;234.63;120.59192761240982
903;34.46;63.58987856718814
47;85.6;133.39496294874718
670;0.76;82.59056158226204
110;1.21;128.25743921505767
561;35.06;91.47929312150262
345;5.98;109.09366020843807
970;5.29;58.126162850407226
618;57.87;86.8310573624502
355;5.11;108.27818025070957
916;119.74;62.5297546221411
662;54.1;83.24294554844482
95;1.25;129.4806591516504
251;22.12;116.7591718110859
525;38.88;94.41502096932518
145;12.3;125.40325936300793
40;13.6;133.96579891915712
563;25.93;91.31619712995692
44;58.79;133.63960693606572
138;21.45;125.97409533341788
406;77.86;104.11923246629425
964;250.8;58.615450825044334
23;61.43;135.35211484729555
167;218.34;123.60920345600525
9;43.95;136.49378678811544
566;7.44;91.07155314263836
27;81.22;135.02592286420415
22;18.13;135.43366284306842
986;94.53;56.82139491804165
653;13.31;83.97687751040047
35;20.43;134.37353889802137
993;40.6;56.2505589476317
5;12.88;136.81997877120685
43;23.61;133.72115493183856
554;66.08;92.05012909191257
652;90.12;84.05842550617332
643;84.03;84.79235746812897
183;264.33;122.30443552363965
109;163.62;128.3389872108305
19;83.26;135.67830683038696
173;109.54;123.11991548136815
885;1.47;65.05774249109943
472;6.38;98.7370647452862
41;32.57;133.88425092338426
505;185.7;96.04598088478218
200;9.9;120.91811959550122
386;4.7;105.75019238175125
536;31.3;93.51799301582385
26;26.54;135.107470859977
827;27.52;69.78752624592468
20;29.86;135.5967588346141
310;1.51;111.94784006048779
531;228.65;93.92573299468809
847;10.51;68.1565663304677
229;56.98;118.55322771808859
213;72.73;119.85799565045419
583;7.46;89.68523721449992
856;5.18;67.42263436851206
297;177.31;113.00796400553483
741;75.8;76.80065388238972
603;21.27;88.05427729904294
14;377.36;136.0860468092512
8;0.7;136.5753347838883
457;24.71;99.96028468187895
343;127.57;109.25675619998377
381;125.4;106.15793236061549
871;171.78;66.19941443191932
47;28.87;133.39496294874718
343;5.07;109.25675619998377
739;175.18;76.96374987393543
255;1.58;116.4329798279945
572;1.43;90.58226516800127
743;53.18;76.63755789084404
236;41.67;117.98239174767865
881;257.17;65.38393447419082
769;36.11;74.51731000074994
975;119.9;57.718422871542984
916;242.94;62.5297546221411
632;85.41;85.6893854216303
646;21.01;84.54771348081042
562;0.72;91.39774512572976
48;423.38;133.3134149529743
822;50.16;70.19526622478894
915;0.86;62.61130261791395
50;20.94;133.15031896142864
203;6.57;120.67347560818267
979;1.39;57.39223088845159
468;49.62;99.06325672837761
641;77.19;84.95545345967466
699;28.64;80.2256697048494
422;10.59;102.81446453392867
99;7.65;129.154467168559
34;74.19;134.4550868937942
360;208.6;107.87044027184533
945;63.3;60.16486274472847
147;167.17;125.24016337146224
8;1.17;136.5753347838883
945;18.99;60.16486274472847
48;14.23;133.3134149529743
475;1.16;98.49242075796766
36;147.12;134.29199090224853
48;10.52;133.3134149529743
18;59.08;135.7598548261598
686;4.29;81.28579364989645
781;156.38;73.53873405147576
30;125.09;134.7812788768856
966;24.85;58.45235483349863
11;26.51;136.33069079656974
274;1.75;114.88356790831037
946;30.91;60.083314748955615
584;10.36;89.60368921872708
553;46.23;92.1316770876854
6;16.16;136.73843077543398
592;0.5;88.95130525254427
487;73.09;97.51384480869346
617;8.39;86.91260535822305
20;81.73;135.5967588346141
534;9.71;93.68108900736954
752;85.69;75.90362592888839
924;29.14;61.8773706559583
46;32.74;133.47651094452002
84;1.07;130.37768710515175
50;21.17;133.15031896142864
465;25.13;99.30790071569615
481;73.24;98.00313278333056
46;4.34;133.47651094452002
273;62.19;114.96511590408322
265;216.4;115.61749987026602
480;28.21;98.08468077910341
34;1.24;134.4550868937942
435;19.89;101.75434058888163
592;187.53;88.95130525254427
89;46.5;129.9699471262875
384;197.86;105.91328837329695
72;72.59;131.35626305442594
673;15.71;82.34591759494349
375;12.05;106.64722033525258
735;10.54;77.28994185702683
662;278.97;83.24294554844482
553;275.53;92.1316770876854
5;30.6;136.81997877120685
105;65.72;128.66517919392192
12;4352.48;136.2491428007969
3;217.54;136.98307476275255
31;33.72;134.69973088111277
893;18.83;64.40535852491664
114;109.28;127.93124723196627
451;70.5;100.44957265651604
855;240.89;67.5041823642849
433;20.69;101.91743658042734
708;33.08;79.49173774289376
53;15.55;132.90567497411007
287;22.43;113.82344396326333
898;93.22;63.99761854605238
37;0.75;134.21044290647566
568;2.16;90.90845715109268
28;30.96;134.9443748684313
5;249.99;136.81997877120685
899;121.18;63.91607055027954
725;68.28;78.10542181475532
134;20.46;126.30028731650928
798;1.26;72.15241812333731
271;8.71;115.12821189562892
33;151.06;134.53663488956707
294;66.72;113.25260799285338
513;109.32;95.39359691859937
172;54.32;123.201463477141
27;27.39;135.02592286420415
44;0.83;133.63960693606572
365;7.05;107.46270029298108
214;22.26;119.77644765468133
50;9.81;133.15031896142864
616;21.53;86.9941533539959
15;2.22;136.00449881347836
17;105.63;135.84140282193266
289;90.91;113.66034797171763
533;71.34;93.7626370031424
171;1.79;123.28301147291386
285;145.59;113.98653995480903
2;81.92;137.0646227585254
6;8.22;136.73843077543398
19;13.92;135.67830683038696
749;39.73;76.14826991620694
754;140.89;75.7405299373427
35;32.01;134.37353889802137
875;108.66;65.87322244882792
27;147.4;135.02592286420415
366;281.4;107.38115229720823
46;1.22;133.47651094452002
42;6.13;133.80270292761142
45;21.5;133.55805894029288
956;5.14;59.26783479122713
417;99.43;103.22220451279291
452;29.81;100.36802466074319
904;16.43;63.508330571415286
886;7.0;64.97619449532658
690;36.99;80.95960166680504
14;71.73;136.0860468092512
41;1.75;133.88425092338426
620;35.07;86.6679613709045
515;17.58;95.23050092705368
918;223.7;62.366658630595396
962;81.29;58.77854681659002
44;18.54;133.63960693606572
779;328.18;73.70183004302146
756;9.44;75.577433945797
279;32.73;114.47582792944613
27;43.55;135.02592286420415
2;14.29;137.0646227585254
194;83.58;121.40740757013832
434;17.65;101.83588858465447
50;27.22;133.15031896142864
838;40.88;68.89049829242335
421;139.87;102.89601252970152
715;0.7;78.92090177248382
588;68.72;89.27749723563568
126;1.63;126.95267128269208
200;28.93;120.91811959550122
849;84.68;67.99347033892201
26;48.99;135.107470859977
122;75.98;127.27886326578347
155;36.67;124.58777940527945
710;93.11;79.32864175134806
571;160.85;90.66381316377411
787;14.71;73.04944607683866
21;0.96;135.51521083884126
80;12.96;130.70387908824316
541;61.33;93.11025303695959
33;83.42;134.53663488956707
29;2.33;134.86282687265847
790;1.63;72.80480208952011
504;5.66;96.12752888055502
699;37.93;80.2256697048494
924;180.76;61.8773706559583
678;0.41;81.93817761607923
30;150.54;134.7812788768856
516;9.52;95.14895293128083
292;8.09;113.41570398439909
13;8.64;136.16759480502404
169;9.43;123.44610746445956
241;209.07;117.5746517688144
980;1.13;57.31068289267874
36;84.29;134.29199090224853
647;19.24;84.46616548503758
401;70.73;104.5269724451585
491;35.24;97.18765282560207
846;1.56;68.23811432624055
785;78.6;73.21254206838437
628;32.34;86.01557740472171
21;74.9;135.51521083884126
9;1.39;136.49378678811544
834;6.94;69.21669027551474
8;99.35;136.5753347838883
551;12.25;92.2947730792311
71;216.67;131.43781105019877
683;0.77;81.53043763721499
901;227.43;63.75297455873384
779;16.87;73.70183004302146
597;6.36;88.54356527368003
897;15.2;64.07916654182523
284;16.02;114.06808795058188
23;27.8;135.35211484729555
832;0.24;69.37978626706044
417;21.77;103.22220451279291
262;15.85;115.86214385758456
676;23.59;82.10127360762493
623;501.5;86.42331738358595
333;80.31;110.07223615771227
423;4.25;102.73291653815582
987;5.53;56.7398469222688
44;1.23;133.63960693606572
22;33.55;135.43366284306842
17;59.07;135.84140282193266
212;1.02;119.93954364622704
589;59.36;89.19594923986284
474;71.33;98.5739687537405
195;71.2;121.32585957436547
10;8.22;136.4122387923426
978;35.46;57.473778884224444
27;32.41;135.02592286420415
216;38.93;119.61335166313563
207;32.91;120.34728362509128
344;229.54;109.17520820421092
409;1.17;103.87458847897571
627;34.79;86.09712540049455
349;140.78;108.76746822534668
950;22.8;59.757122765864224
48;6.97;133.3134149529743
856;29.39;67.42263436851206
42;9.88;133.80270292761142
478;9.57;98.24777677064911
914;49.5;62.6928506136868
439;1.39;101.42814860579023
121;62.37;127.36041126155632
120;243.88;127.44195925732917
348;61.68;108.84901622111951
33;64.76;134.53663488956707
41;0.53;133.88425092338426
363;7.92;107.62579628452679
798;1.5;72.15241812333731
792;13.95;72.64170609797442
992;37.6;56.332106943404554
499;22.2;96.53526885941926
23;1221.87;135.35211484729555
247;229.45;117.08536379417731
4;30.2;136.90152676697969
282;44.3;114.23118394212759
731;101.24;77.61613384011822
434;0.87;101.83588858465447
824;242.7;70.03217023324324
32;4.72;134.6181828853399
335;157.94;109.90914016616657
27;90.98;135.02592286420415
439;7.92;101.42814860579023
168;19.84;123.52765546023241
512;106.67;95.47514491437224
12;129.3;136.2491428007969
426;6.82;102.48827255083728
207;28.61;120.34728362509128
72;32.83;131.35626305442594
806;18.94;71.50003415715453
189;322.28;121.81514754900256
122;7.58;127.27886326578347
565;77.4;91.15310113841122
34;28.34;134.4550868937942
261;2.02;115.94369185335742
750;18.48;76.06672192043408
410;41.51;103.79304048320287
533;0.28;93.7626370031424
421;6.83;102.89601252970152
190;67.5;121.73359955322971
38;210.25;134.12889491070283
564;1.31;91.23464913418407
158;1.12;124.3431354179609
223;92.72;119.04251569272569
201;214.8;120.83657159972837
819;191.58;70.43991021210748
222;148.77;119.12406368849854
940;6.69;60.57260272359271
29;86.48;134.86282687265847
487;1.17;97.51384480869346
795;12.6;72.39706211065587
74;84.74;131.19316706288024
481;12.33;98.00313278333056
278;1.89;114.55737592521898
550;28.89;92.37632107500396
286;88.28;113.90499195903618
781;9.45;73.53873405147576
16;105.41;135.9229508177055
1;11.03;137.14617075429825
373;172.12;106.81031632679829
54;1444.96;132.82412697833723
153;20.58;124.75087539682514
765;85.6;74.84350198384135
107;29.77;128.5020832023762
906;1.29;63.3452345798696
193;38.56;121.48895556591117
325;94.04;110.72462012389505
572;20.77;90.58226516800127
43;4.95;133.72115493183856
773;273.67;74.19111801765855
4;2.13;136.90152676697969
559;258.81;91.64238911304831
46;18.18;133.47651094452002
733;105.18;77.45303784857254
430;499.86;102.16208056774587
924;1.82;61.8773706559583
244;23.81;117.33000778149585
15;181.49;136.00449881347836
79;71.74;130.785427084016
852;257.29;67.74882635160346
950;205.23;59.757122765864224
546;2.19;92.70251305809535
39;87.3;134.04734691492996
210;27.14;120.10263963777273
21;94.72;135.51521083884126
27;23.44;135.02592286420415
53;29.67;132.90567497411007
44;30.43;133.63960693606572
49;229.57;133.23186695720148
625;9.88;86.26022139204025
931;32.73;61.30653468554836
367;6.58;107.29960430143538
803;90.15;71.74467814447307
929;161.74;61.46963067709406
310;0.9;111.94784006048779
24;100.27;135.27056685152272
515;0.72;95.23050092705368
376;286.66;106.56567233947973
482;22.5;97.92158478755772
242;31.76;117.49310377304155
14;0.98;136.0860468092512
315;37.48;111.54010008162355
812;13.14;71.01074618251742
924;266.79;61.8773706559583
351;197.74;108.60437223380097
42;46.84;133.80270292761142
8;1.7;136.5753347838883
407;257.7;104.03768447052141
9;14.54;136.49378678811544
17;5.42;135.84140282193266
432;24.36;101.99898457620017
608;160.51;87.6465373201787
617;1.75;86.91260535822305
44;38.12;133.63960693606572
2;61.17;137.0646227585254
980;19.14;57.31068289267874
95;0.49;129.4806591516504
674;20.09;82.26436959917064
506;0.74;95.96443288900932
732;131.56;77.53458584434537
30;23.08;134.7812788768856
38;141.18;134.12889491070283
490;19.7;97.26920082137491
989;20.82;56.576750930723094
5;223.02;136.81997877120685
144;243.48;125.48480735878078
14;24.26;136.0860468092512
606;58.3;87.80963331172438
196;0.79;121.24431157859262
304;197.64;112.43712803512489
41;29.56;133.88425092338426
649;211.12;84.30306949349188
23;24.24;135.35211484729555
746;23.85;76.39291390352548
200;38.05;120.91811959550122
187;20.03;121.97824354054826
975;1.27;57.718422871542984
710;6.11;79.32864175134806
978;48.23;57.473778884224444
2;31.14;137.0646227585254
1;12.3;137.14617075429825
328;213.13;110.47997613657651
318;18.09;111.295456094305
889;62.04;64.73155050800803
374;114.64;106.72876833102544
406;69.91;104.11923246629425
23;23.83;135.35211484729555
682;24.05;81.61198563298784
282;5.29;114.23118394212759
491;286.69;97.18765282560207
678;1.05;81.93817761607923
399;321.27;104.6900684367042
4;65.0;136.90152676697969
828;32.58;69.70597825015184
12;217.39;136.2491428007969
795;7.98;72.39706211065587
613;36.05;87.23879734131444
876;33.52;65.79167445305507
944;204.58;60.24641074050132
548;180.07;92.53941706654965
18;96.86;135.7598548261598
780;72.0;73.62028204724861
351;0.47;108.60437223380097
21;12.71;135.51521083884126
357;0.24;108.11508425916388
285;4.01;113.98653995480903
405;65.29;104.20078046206712
578;232.59;90.09297719336416
603;8.57;88.05427729904294
15;15.06;136.00449881347836
373;0.73;106.81031632679829
24;63.66;135.27056685152272
849;38.85;67.99347033892201
91;27.01;129.8068511347418
4;220.31;136.90152676697969
18;36.65;135.7598548261598
2;28.73;137.0646227585254
584;6.3;89.60368921872708
28;17.77;134.9443748684313
589;122.38;89.19594923986284
940;17.69;60.57260272359271
278;43.47;114.55737592521898
13;78.43;136.16759480502404
61;1.93;132.2532910079273
231;1.1;118.39013172654289
23;35.66;135.35211484729555
571;0.25;90.66381316377411
65;4253.51;131.92709902483588
848;246.68;68.07501833469485
490;117.9;97.26920082137491
290;31.24;113.57879997594478
774;123.46;74.1095700218857
370;1.07;107.05496031411684
272;31.17;115.04666389985607
5;53.83;136.81997877120685
38;160.31;134.12889491070283
69;63.75;131.60090704174448
714;36.11;79.00244976825667
882;0.92;65.30238647841797
772;11.71;74.2726660134314
985;4.84;56.9029429138145
55;30.74;132.74257898256437
13;38.07;136.16759480502404
46;156.02;133.47651094452002
508;159.76;95.80133689746363
826;6.46;69.86907424169753
947;36.32;60.001766753182764
655;2.71;83.81378151885477
3;1.08;136.98307476275255
258;44.51;116.18833584067596
657;20.2;83.65068552730907
880;22.05;65.46548246996367
655;115.31;83.81378151885477
455;4.22;100.12338067342463
44;56.09;133.63960693606572
47;27.66;133.39496294874718
517;40.52;95.06740493550798
799;6.66;72.07087012756448
223;102.25;119.04251569272569
943;1.42;60.32795873627417
28;23.18;134.9443748684313
19;33.18;135.67830683038696
829;40.54;69.62443025437899
673;198.82;82.34591759494349
975;96.54;57.718422871542984
975;6.1;57.718422871542984
292;18.87;113.41570398439909
760;1.53;75.25124196270559
56;3.95;132.66103098679153
629;14.62;85.93402940894886
71;34.4;131.43781105019877
782;162.14;73.4571860557029
826;39.84;69.86907424169753
250;36.81;116.84071980685876
9;1.84;136.49378678811544
462;0.77;99.55254470301469
714;24.68;79.00244976825667
913;7.57;62.77439860945964
476;1680.77;98.4108727621948
677;194.87;82.0197256118521
7;15.41;136.65688277966115
31;42.37;134.69973088111277
504;14.81;96.12752888055502
17;113.19;135.84140282193266
630;22.06;85.85248141317601
305;169.63;112.35558003935205
250;22.21;116.84071980685876
963;223.04;58.69699882081717
660;79.16;83.40604153999053
722;131.63;78.35006580207387
176;20.16;122.87527149404961
619;383.78;86.74950936667736
304;8.34;112.43712803512489
291;34.66;113.49725198017194
512;6.11;95.47514491437224
649;261.13;84.30306949349188
350;4863.72;108.68592022957382
444;1.04;101.02040862692598
350;0.58;108.68592022957382
37;30.23;134.21044290647566
149;22.27;125.07706737991654
946;38.49;60.083314748955615
744;13.91;76.55600989507118
595;28.44;88.70666126522573
932;69.38;61.224986689775506
820;6.34;70.35836221633464
948;138.25;59.92021875740991
654;6.29;83.89532951462763
14;0.84;136.0860468092512
676;6.31;82.10127360762493
218;29.38;119.45025567158993
1;211.63;137.14617075429825
786;19.09;73.13099407261151
420;269.06;102.97756052547436
41;138.7;133.88425092338426
875;1.5;65.87322244882792
74;128.64;131.19316706288024
44;22.8;133.63960693606572
19;7.22;135.67830683038696
851;2.38;67.8303743473763
338;162.39;109.66449617884801
968;1.14;58.28925884195293
865;30.06;66.68870240655642
330;28.74;110.31688014503081
314;162.3;111.6216480773964
540;32.82;93.19180103273246
781;2.65;73.53873405147576
32;36.29;134.6181828853399
567;54.57;90.99000514686551
803;37.27;71.74467814447307
8;63.48;136.5753347838883
536;7.04;93.51799301582385
366;317.1;107.38115229720823
46;135.72;133.47651094452002
36;33.31;134.29199090224853
357;34.59;108.11508425916388
50;78.16;133.15031896142864
852;81.23;67.74882635160346
34;30.53;134.4550868937942
46;30.75;133.47651094452002
882;271.78;65.30238647841797
297;11.32;113.00796400553483
326;167.64;110.64307212812221
841;18.72;68.64585430510479
20;40.59;135.5967588346141
993;27.7;56.2505589476317
24;28.08;135.27056685152272
361;66.69;107.78889227607249
126;0.94;126.95267128269208
774;7.44;74.1095700218857
724;6.14;78.18696981052817
1;213.6;137.14617075429825
41;121.27;133.88425092338426
920;10.05;62.20356263904969
479;96.63;98.16622877487626
344;1.61;109.17520820421092
734;27.18;77.37148985279967
186;121.1;122.05979153632111
478;252.95;98.24777677064911
262;4972.17;115.86214385758456
584;46.73;89.60368921872708
439;83.47;101.42814860579023
746;1.91;76.39291390352548
436;1.2;101.67279259310878
403;11.96;104.36387645361282
532;1.25;93.84418499891524
93;31.49;129.6437551431961
780;50.09;73.62028204724861
797;26.23;72.23396611911016
861;53.61;67.01489438964781
932;0.24;61.224986689775506
523;1.05;94.57811696087089
668;168.54;82.75365757380774
684;1.81;81.44888964144215
715;9.63;78.92090177248382
589;2.38;89.19594923986284
889;31.26;64.73155050800803
182;31.63;122.3859835194125
342;89.47;109.33830419575662
117;1.46;127.68660324464771
488;1.05;97.43229681292061
239;15.9;117.7377477603601
796;1.24;72.31551411488302
74;181.37;131.19316706288024
189;275.99;121.81514754900256
319;207.6;111.21390809853216
894;1.9;64.32381052914378
499;31.45;96.53526885941926
11;17.47;136.33069079656974
219;239.64;119.36870767581709
987;1.85;56.7398469222688
542;7.66;93.02870504118675
260;39.13;116.02523984913026
169;85.87;123.44610746445956
627;17.04;86.09712540049455
546;76.7;92.70251305809535
795;96.66;72.39706211065587
694;93.97;80.63340968371365
727;0.28;77.94232582320961
605;32.26;87.89118130749725
957;9.07;59.18628679545428
673;219.43;82.34591759494349
887;103.37;64.89464649955373
354;20.28;108.35972824648243
910;25.75;63.01904259677819
217;12.1;119.53180366736278
275;1.46;114.80201991253753
792;69.41;72.64170609797442
654;236.89;83.89532951462763
37;128.71;134.21044290647566
581;15.21;89.84833320604562
348;5.33;108.84901622111951
885;41.91;65.05774249109943
551;1.18;92.2947730792311
37;0.77;134.21044290647566
559;83.61;91.64238911304831
154;0.29;124.6693274010523
281;43.49;114.31273193790042
842;12.14;68.56430630933195
880;24.9;65.46548246996367
29;150.84;134.86282687265847
176;0.9;122.87527149404961
47;44.95;133.39496294874718
833;149.1;69.29823827128759
36;27.95;134.29199090224853
641;195.54;84.95545345967466
561;90.51;91.47929312150262
946;4.89;60.083314748955615
115;104.91;127.84969923619342
416;17.39;103.30375250856576
320;10.29;111.1323601027593
361;92.27;107.78889227607249
14;4.38;136.0860468092512
440;11.86;101.34660061001739
63;0.73;132.09019501638159
169;221.24;123.44610746445956
140;56.34;125.81099934187219
20;249.13;135.5967588346141
1;36.86;137.14617075429825
988;70.17;56.658298926495945
59;14.56;132.416386999473
238;89.42;117.81929575613295
693;11.27;80.7149576794865
2;193.64;137.0646227585254
4;159.13;136.90152676697969
45;23.88;133.55805894029288
902;17.14;63.67142656296099
92;4.45;129.72530313896894
153;9.73;124.75087539682514
792;157.59;72.64170609797442
804;6.33;71.66313014870022
451;63.63;100.44957265651604
172;65.99;123.201463477141
445;4.71;100.93886063115313
3;89.8;136.98307476275255
914;127.08;62.6928506136868
966;76.9;58.45235483349863
6;4.58;136.73843077543398
8;194.62;136.5753347838883
552;23.3;92.21322508345825
452;27.43;100.36802466074319
47;93.6;133.39496294874718
668;25.65;82.75365757380774
971;48.48;58.04461485463439
974;87.96;57.799970867315835
414;61.69;103.46684850011147
6;211.24;136.73843077543398
453;103.66;100.28647666497034
11;186.28;136.33069079656974
373;129.15;106.81031632679829
110;1.38;128.25743921505767
779;11.23;73.70183004302146
703;254.54;79.899477721758
99;37.02;129.154467168559
34;107.47;134.4550868937942
940;10.47;60.57260272359271
999;9.1;55.76127097299461
956;135.19;59.26783479122713
323;4395.21;110.88771611544075
120;1.44;127.44195925732917
494;22.61;96.94300883828352
12;22.97;136.2491428007969
657;11.35;83.65068552730907
564;1.86;91.23464913418407
706;7.2;79.65483373443945
743;22.35;76.63755789084404
348;17.23;108.84901622111951
172;234.45;123.201463477141
23;79.03;135.35211484729555
498;33.24;96.61681685519213
43;16.6;133.72115493183856
348;161.25;108.84901622111951
44;6.87;133.63960693606572
487;160.19;97.51384480869346
383;47.74;105.99483636906979
47;181.23;133.39496294874718
230;0.86;118.47167972231574
549;25.09;92.45786907077681
227;66.32;118.7163237096343
251;10.47;116.7591718110859
364;1.1;107.54424828875393
800;56.45;71.98932213179162
334;99.43;109.99068816193942
545;72.82;92.7840610538682
35;32.09;134.37353889802137
775;23.77;74.02802202611285
283;6.57;114.14963594635472
131;280.49;126.54493130382782
37;298.22;134.21044290647566
30;1.9;134.7812788768856
937;0.24;60.81724671091126
603;8.18;88.05427729904294
870;1479.2;66.28096242769216
377;5.48;106.4841243437069
959;76.77;59.02319080390858
336;23.5;109.82759217039371
126;56.23;126.95267128269208
346;4358.52;109.01211221266522
845;26.01;68.3196623220134
61;148.25;132.2532910079273
701;1.3;80.0625737133037
193;92.35;121.48895556591117
546;33.22;92.70251305809535
423;0.97;102.73291653815582
179;39.93;122.63062750673106
59;14.45;132.416386999473
175;28.27;122.95681948982246
409;1.59;103.87458847897571
480;27.35;98.08468077910341
32;7.75;134.6181828853399
126;2.87;126.95267128269208
793;6.17;72.56015810220157
44;12.68;133.63960693606572
421;7.42;102.89601252970152
865;15.1;66.68870240655642
571;78.99;90.66381316377411
835;192.2;69.1351422797419
413;147.74;103.5483964958843
322;217.09;110.9692641112136
263;117.77;115.78059586181172
442;7.83;101.18350461847169
629;1.4;85.93402940894886
834;31.81;69.21669027551474
804;260.37;71.66313014870022
939;53.83;60.65415071936556
629;18.07;85.93402940894886
17;5.58;135.84140282193266
633;90.03;85.60783742585747
930;1.29;61.38808268132121
628;160.89;86.01557740472171
728;259.11;77.86077782743678
171;67.93;123.28301147291386
45;6.78;133.55805894029288
7;26.17;136.65688277966115
7;69.3;136.65688277966115
791;7.95;72.72325409374726
492;104.0;97.1061048298292
42;120.54;133.80270292761142
81;15.19;130.6223310924703
511;63.78;95.55669291014507
40;35.1;133.96579891915712
48;15.33;133.3134149529743
281;4.76;114.31273193790042
943;13.48;60.32795873627417
927;134.75;61.63272666863975
440;22.06;101.34660061001739
196;11.13;121.24431157859262
867;30.44;66.52560641501071
816;250.8;70.68455419942603
351;5.83;108.60437223380097
484;0.76;97.75848879601202
704;60.65;79.81792972598515
731;164.74;77.61613384011822
933;24.98;61.143438694002654
739;1.33;76.96374987393543
179;1.88;122.63062750673106
903;23.57;63.58987856718814
488;5.94;97.43229681292061
28;235.81;134.9443748684313
852;34.97;67.74882635160346
957;31.52;59.18628679545428
846;18.8;68.23811432624055
47;16.69;133.39496294874718
368;0.85;107.21805630566254
750;139.14;76.06672192043408
797;259.91;72.23396611911016
863;198.82;66.85179839810212
352;0.76;108.52282423802812
869;23.43;66.36251042346501
659;54.46;83.48758953576338
512;133.65;95.47514491437224
704;21.0;79.81792972598515
90;237.91;129.88839913051464
21;79.02;135.51521083884126
592;161.92;88.95130525254427
671;0.86;82.50901358648917
660;7.61;83.40604153999053
286;13.49;113.90499195903618
386;83.67;105.75019238175125
90;1.56;129.88839913051464
872;8.76;66.11786643614647
888;206.75;64.81309850378088
90;0.99;129.88839913051464
357;105.46;108.11508425916388
794;1.4;72.47861010642872
476;53.64;98.4108727621948
697;11.56;80.3887656963951
645;11.17;84.62926147658327
514;96.57;95.31204892282653
826;2.37;69.86907424169753
577;231.96;90.17452518913703
620;73.88;86.6679613709045
38;2.18;134.12889491070283
700;35.3;80.14412170907656
34;95.94;134.4550868937942
583;23.7;89.68523721449992
318;98.88;111.295456094305
960;262.13;58.941642808135725
432;7.87;101.99898457620017
113;237.1;128.0127952277391
408;309.97;103.95613647474856
935;12.17;60.980342702456966
29;271.01;134.86282687265847
21;16.4;135.51521083884126
132;191.37;126.46338330805497
5;209.77;136.81997877120685
176;17.98;122.87527149404961
24;7.04;135.27056685152272
63;36.6;132.09019501638159
304;36.53;112.43712803512489
1;17.75;137.14617075429825
27;34.57;135.02592286420415
189;27.76;121.81514754900256
43;13.33;133.72115493183856
196;60.53;121.24431157859262
881;165.34;65.38393447419082
844;162.67;68.40121031778625
708;111.07;79.49173774289376
47;13.18;133.39496294874718
936;20.07;60.898794706684114
930;61.07;61.38808268132121
785;68.5;73.21254206838437
512;249.78;95.47514491437224
49;44.55;133.23186695720148
41;19.08;133.88425092338426
7;4.07;136.65688277966115
874;17.39;65.95477044460077
928;0.74;61.55117867286691
175;8.76;122.95681948982246
11;53.52;136.33069079656974
350;19.08;108.68592022957382
1;6.08;137.14617075429825
203;9.77;120.67347560818267
544;1.09;92.86560904964105
736;293.5;77.20839386125398
14;278.64;136.0860468092512
6;511.19;136.73843077543398
849;69.57;67.99347033892201
507;31.26;95.88288489323648
21;16.78;135.51521083884126
909;9.52;63.10059059255104
682;34.7;81.61198563298784
808;0.29;71.33693816560883
29;154.72;134.86282687265847
34;132.95;134.4550868937942
819;8.53;70.43991021210748
673;62.53;82.34591759494349
678;32.48;81.93817761607923
616;32.31;86.9941533539959
253;123.29;116.5960758195402
30;40.99;134.7812788768856
982;265.48;57.14758690113304
151;13.15;124.91397138837084
10;199.27;136.4122387923426
835;131.75;69.1351422797419
759;42.94;75.33278995847844
16;1.0;135.9229508177055
445;71.97;100.93886063115313
368;299.42;107.21805630566254
745;72.32;76.47446189929833
449;1.32;100.61266864806174
218;7.26;119.45025567158993
132;127.49;126.46338330805497
412;1.16;103.62994449165717
798;5.14;72.15241812333731
1;123.82;137.14617075429825
692;28.95;80.79650567525934
895;4.83;64.24226253337093
941;7.38;60.49105472781986
690;5.81;80.95960166680504
39;0.88;134.04734691492996
756;38.09;75.577433945797
567;4.17;90.99000514686551
630;23.29;85.85248141317601
200;251.76;120.91811959550122
796;49.65;72.31551411488302
389;8.21;105.5055483944327
6;56.49;136.73843077543398
16;22.83;135.9229508177055
31;226.59;134.69973088111277
928;27.91;61.55117867286691
156;441.73;124.5062314095066
33;20.57;134.53663488956707
4;17.9;136.90152676697969
715;1.54;78.92090177248382
408;181.8;103.95613647474856
33;12.78;134.53663488956707
159;26.28;124.26158742218804
136;25.74;126.13719132496358
115;0.91;127.84969923619342
747;1.15;76.31136590775264
19;38.33;135.67830683038696
514;0.27;95.31204892282653
80;83.58;130.70387908824316
6;28.79;136.73843077543398
598;4.93;88.4620172779072
208;8.0;120.26573562931843
452;92.43;100.36802466074319
635;30.6;85.44474143431177
6;37.11;136.73843077543398
8;4848.75;136.5753347838883
23;65.32;135.35211484729555
857;240.52;67.34108637273921
802;18.32;71.82622614024592
294;44.7;113.25260799285338
493;7.53;97.02455683405637
845;7.22;68.3196623220134
725;27.98;78.10542181475532
17;128.7;135.84140282193266
23;0.8;135.35211484729555
330;116.69;110.31688014503081
951;6.31;59.67557477009137
432;16.68;101.99898457620017
194;12.6;121.40740757013832
929;10.73;61.46963067709406
16;23.56;135.9229508177055
43;42.09;133.72115493183856
74;153.74;131.19316706288024
47;53.55;133.39496294874718
361;75.46;107.78889227607249
737;299.84;77.12684586548113
67;1561.95;131.76400303329018
332;271.34;110.1537841534851
67;22.64;131.76400303329018
906;40.36;63.3452345798696
42;20.13;133.80270292761142
7;142.68;136.65688277966115
783;195.58;73.37563805993005
214;178.34;119.77644765468133
428;74.21;102.32517655929158
573;217.89;90.50071717222842
499;23.5;96.53526885941926
367;5.1;107.29960430143538
244;22.49;117.33000778149585
786;37.97;73.13099407261151
50;235.59;133.15031896142864
933;46.52;61.143438694002654
729;98.87;77.77922983166393
162;32.43;124.0169434348695
606;19.53;87.80963331172438
129;133.79;126.70802729537353
13;277.81;136.16759480502404
18;129.46;135.7598548261598
773;4.55;74.19111801765855
246;247.58;117.16691178995015
9;0.85;136.49378678811544
317;48.18;111.37700409007785
941;6.25;60.49105472781986
723;1.0;78.26851780630102
8;20.27;136.5753347838883
993;144.98;56.2505589476317
120;80.36;127.44195925732917
1;128.18;137.14617075429825
33;25.22;134.53663488956707
469;27.54;98.98170873260474
728;23.31;77.86077782743678
228;12.28;118.63477571386144
58;72.84;132.49793499524583
35;28.92;134.37353889802137
16;77.42;135.9229508177055
452;6.28;100.36802466074319
433;2.11;101.91743658042734
483;14.92;97.84003679178485
379;223.17;106.32102835216119
505;8.81;96.04598088478218
813;5.19;70.92919818674459
695;7.37;80.5518616879408
293;118.02;113.33415598862624
469;36.81;98.98170873260474
895;43.58;64.24226253337093
978;57.97;57.473778884224444
27;291.9;135.02592286420415
893;10.96;64.40535852491664
24;28.49;135.27056685152272
1000;30.29;55.67972297722176
574;8.36;90.41916917645557
401;189.48;104.5269724451585
646;12.38;84.54771348081042
822;260.94;70.19526622478894
89;36.42;129.9699471262875
29;76.68;134.86282687265847
109;0.99;128.3389872108305
16;77.68;135.9229508177055
966;16.73;58.45235483349863
711;7.99;79.24709375557521
579;28.07;90.01142919759133
982;2.09;57.14758690113304
100;245.41;129.07291917278616
502;4.1;96.29062487210072
829;7.33;69.62443025437899
773;17.14;74.19111801765855
940;0.74;60.57260272359271
104;319.31;128.74672718969475
978;124.28;57.473778884224444
16;0.95;135.9229508177055
380;71.64;106.23948035638834
47;22.64;133.39496294874718
27;100.78;135.02592286420415
960;214.65;58.941642808135725
225;83.11;118.87941970117998
751;1.77;75.98517392466124
209;188.97;120.18418763354558
809;32.07;71.25539016983598
659;5.53;83.48758953576338
302;34.9;112.60022402667059
222;243.61;119.12406368849854
38;1.62;134.12889491070283
448;102.94;100.69421664383458
109;6.46;128.3389872108305
44;0.94;133.63960693606572
414;0.8;103.46684850011147
591;100.31;89.03285324831714
981;21.87;57.22913489690589
821;23.86;70.27681422056179
14;255.54;136.0860468092512
405;90.29;104.20078046206712
169;174.82;123.44610746445956
515;104.58;95.23050092705368
98;6.29;129.23601516433186
206;86.16;120.42883162086413
420;22.39;102.97756052547436
228;53.56;118.63477571386144
9;2.4;136.49378678811544
513;34.44;95.39359691859937
762;27.99;75.08814597115989
592;9.1;88.95130525254427
632;92.6;85.6893854216303
521;8.57;94.74121295241659
53;104.02;132.90567497411007
357;24.78;108.11508425916388
588;85.5;89.27749723563568
50;180.61;133.15031896142864
863;43.83;66.85179839810212
19;26.79;135.67830683038696
197;15.88;121.16276358281976
19;271.07;135.67830683038696
650;6.63;84.22152149771902
673;71.94;82.34591759494349
816;70.21;70.68455419942603
692;41.24;80.79650567525934
957;51.98;59.18628679545428
482;98.23;97.92158478755772
721;71.7;78.43161379784672
833;37.94;69.29823827128759
542;279.06;93.02870504118675
934;5.89;61.0618906982298
966;65.21;58.45235483349863
238;0.87;117.81929575613295
35;5.46;134.37353889802137
690;100.24;80.95960166680504
639;13.41;85.11854945122036
19;18.61;135.67830683038696
4;80.95;136.90152676697969
696;96.32;80.47031369216795
546;175.66;92.70251305809535
207;219.27;120.34728362509128
21;20.63;135.51521083884126
343;23.31;109.25675619998377
990;176.84;56.49520293495024
2;1.2;137.0646227585254
920;15.45;62.20356263904969
275;27.69;114.80201991253753
396;41.25;104.93471242402276
323;254.34;110.88771611544075
696;117.84;80.47031369216795
24;26.5;135.27056685152272
19;6.78;135.67830683038696
728;1.06;77.86077782743678
37;209.11;134.21044290647566
329;103.5;110.39842814080366
35;0.86;134.37353889802137
733;44.75;77.45303784857254
744;240.68;76.55600989507118
546;234.24;92.70251305809535
472;20.25;98.7370647452862
14;1391.3;136.0860468092512
161;401.19;124.09849143064235
414;27.51;103.46684850011147
172;67.89;123.201463477141
21;214.88;135.51521083884126
631;63.95;85.77093341740316
835;0.31;69.1351422797419
426;1.1;102.48827255083728
17;0.25;135.84140282193266
30;43.21;134.7812788768856
986;42.97;56.82139491804165
329;16.81;110.39842814080366
904;277.68;63.508330571415286
367;115.51;107.29960430143538
206;0.74;120.42883162086413
17;30.23;135.84140282193266
398;15.27;104.77161643247706
359;155.23;107.95198826761818
76;97.94;131.03007107133453
939;142.81;60.65415071936556
29;86.37;134.86282687265847
7;59.54;136.65688277966115
321;173.44;111.05081210698646
468;108.04;99.06325672837761
658;22.15;83.56913753153623
3;141.86;136.98307476275255
801;109.64;71.90777413601877
214;29.76;119.77644765468133
35;4.04;134.37353889802137
9;1.47;136.49378678811544
10;95.07;136.4122387923426
700;30.37;80.14412170907656
45;31.81;133.55805894029288
6;0.7;136.73843077543398
314;1.36;111.6216480773964
61;213.87;132.2532910079273
650;0.78;84.22152149771902
159;6.17;124.26158742218804
309;5.66;112.02938805626064
816;1.21;70.68455419942603
43;136.77;133.72115493183856
598;6.75;88.4620172779072
937;34.8;60.81724671091126
32;33.45;134.6181828853399
535;0.86;93.5995410115967
444;29.0;101.02040862692598
111;8.9;128.1758912192848
227;102.11;118.7163237096343
15;225.32;136.00449881347836
594;61.61;88.78820926099858
316;1.14;111.4585520858507
970;104.66;58.126162850407226
211;29.53;120.02109164199987
11;7.43;136.33069079656974
843;182.79;68.4827583135591
832;290.43;69.37978626706044
68;132.21;131.68245503751734
748;10.94;76.22981791197978
794;2.34;72.47861010642872
536;31.99;93.51799301582385
785;0.84;73.21254206838437
277;1.53;114.63892392099183
22;11.92;135.43366284306842
34;7.07;134.4550868937942
983;8.18;57.06603890536019
953;22.81;59.51247877854567
964;2.3;58.615450825044334
423;0.28;102.73291653815582
731;9.62;77.61613384011822
776;250.1;73.94647403034
365;0.47;107.46270029298108
27;108.59;135.02592286420415
29;311.84;134.86282687265847
743;2.28;76.63755789084404
788;0.99;72.96789808106581
345;10.32;109.09366020843807
640;7.35;85.03700145544752
564;70.97;91.23464913418407
115;96.48;127.84969923619342
28;99.75;134.9443748684313
407;0.98;104.03768447052141
3;18.82;136.98307476275255
698;0.76;80.30721770062226
16;99.22;135.9229508177055
764;7.72;74.92504997961419
619;7.42;86.74950936667736
48;73.05;133.3134149529743
760;24.6;75.25124196270559
738;14.24;77.04529786970828
37;45.75;134.21044290647566
190;8.8;121.73359955322971
2;33.26;137.0646227585254
867;77.97;66.52560641501071
642;232.27;84.87390546390182
597;160.58;88.54356527368003
972;118.67;57.96306685886154
66;87.36;131.84555102906305
549;8.5;92.45786907077681
32;28.84;134.6181828853399
33;1.17;134.53663488956707
850;18.89;67.91192234314916
379;17.03;106.32102835216119
512;23.54;95.47514491437224
733;283.18;77.45303784857254
38;2.59;134.12889491070283
812;5.71;71.01074618251742
262;4057.46;115.86214385758456
509;168.39;95.71978890169078
500;3.92;96.45372086364642
910;5.53;63.01904259677819
153;37.55;124.75087539682514
271;15.88;115.12821189562892
6;27.65;136.73843077543398
20;9.47;135.5967588346141
517;28.85;95.06740493550798
210;24.61;120.10263963777273
564;0.3;91.23464913418407
909;59.42;63.10059059255104
14;34.94;136.0860468092512
342;44.1;109.33830419575662
552;0.67;92.21322508345825
361;28.78;107.78889227607249
616;21.67;86.9941533539959
91;21.17;129.8068511347418
617;17.55;86.91260535822305
7;103.73;136.65688277966115
219;212.36;119.36870767581709
41;38.97;133.88425092338426
18;73.49;135.7598548261598
173;29.25;123.11991548136815
204;49.89;120.59192761240982
980;4.17;57.31068289267874
23;22.22;135.35211484729555
853;42.37;67.6672783558306
469;28.06;98.98170873260474
429;9.74;102.24362856351873
42;12.43;133.80270292761142
836;256.98;69.05359428396905
136;104.47;126.13719132496358
370;1.22;107.05496031411684
10;27.64;136.4122387923426
489;281.81;97.35074881714777
123;85.8;127.19731527001062
12;35.75;136.2491428007969
341;21.3;109.41985219152946
61;1.18;132.2532910079273
639;68.89;85.11854945122036
446;0.67;100.85731263538028
51;87.12;133.06877096565577
913;163.89;62.77439860945964
600;7.07;88.29892128636149
309;8.13;112.02938805626064
923;79.1;61.95891865173115
408;25.14;103.95613647474856
787;30.79;73.04944607683866
807;68.26;71.41848616138168
322;176.06;110.9692641112136
10;303.81;136.4122387923426
28;7.1;134.9443748684313
554;159.41;92.05012909191257
993;25.55;56.2505589476317
25;22.45;135.18901885574985
42;4.94;133.80270292761142
582;1.81;89.76678521027279
277;26.76;114.63892392099183
1;24.71;137.14617075429825
449;148.1;100.61266864806174
85;9.34;130.29613910937888
360;175.94;107.87044027184533
645;288.65;84.62926147658327
36;48.19;134.29199090224853
575;6.01;90.33762118068273
34;7.11;134.4550868937942
705;59.98;79.73638173021232
178;17.51;122.71217550250391
556;22.39;91.88703310036686
887;78.76;64.89464649955373
454;226.73;100.2049286691975
530;7.51;94.00728099046094
20;15.05;135.5967588346141
837;31.76;68.9720462881962
279;4.29;114.47582792944613
30;1.21;134.7812788768856
952;32.23;59.59402677431852
19;45.84;135.67830683038696
406;6.23;104.11923246629425
388;35.22;105.58709639020555
396;81.69;104.93471242402276
593;26.43;88.86975725677144
730;1.68;77.69768183589107
819;27.33;70.43991021210748
93;1.56;129.6437551431961
228;27.9;118.63477571386144
928;44.48;61.55117867286691
154;58.62;124.6693274010523
684;39.98;81.44888964144215
636;9.14;85.36319343853891
153;204.79;124.75087539682514
762;72.24;75.08814597115989
541;222.53;93.11025303695959
49;9.34;133.23186695720148
28;0.75;134.9443748684313
406;27.66;104.11923246629425
40;72.51;133.96579891915712
797;157.11;72.23396611911016
946;62.25;60.083314748955615
886;12.22;64.97619449532658
247;155.52;117.08536379417731
731;74.14;77.61613384011822
431;0.73;102.08053257197302
409;7.81;103.87458847897571
418;0.31;103.14065651702006
571;73.11;90.66381316377411
241;60.96;117.5746517688144
264;23.0;115.69904786603887
167;24.15;123.60920345600525
967;22.44;58.37080683772578
45;27.85;133.55805894029288
26;73.23;135.107470859977
31;286.86;134.69973088111277
859;6.52;67.17799038119351
36;1.81;134.29199090224853
836;0.69;69.05359428396905
33;26.87;134.53663488956707
167;283.82;123.60920345600525
332;4602.07;110.1537841534851
830;10.82;69.54288225860614
936;77.0;60.898794706684114
615;83.49;87.07570134976875
783;135.68;73.37563805993005
828;126.4;69.70597825015184
556;119.38;91.88703310036686
28;41.13;134.9443748684313
18;6.89;135.7598548261598
583;19.04;89.68523721449992
266;29.65;115.53595187449316
775;1.03;74.02802202611285
155;9.84;124.58777940527945
555;116.5;91.9685810961397
21;90.84;135.51521083884126
623;42.21;86.42331738358595
301;0.29;112.68177202244344
321;211.04;111.05081210698646
87;42.68;130.1330431178332
191;0.6;121.65205155745687
463;107.33;99.47099670724185
15;13.33;136.00449881347836
38;0.41;134.12889491070283
21;18.94;135.51521083884126
820;82.34;70.35836221633464
27;168.84;135.02592286420415
154;222.15;124.6693274010523
23;33.74;135.35211484729555
40;26.78;133.96579891915712
576;22.28;90.25607318490987
351;26.57;108.60437223380097
404;41.27;104.28232845783995
45;6.35;133.55805894029288
706;88.58;79.65483373443945
18;25.15;135.7598548261598
16;278.93;135.9229508177055
778;74.26;73.7833780387943
200;22.97;120.91811959550122
1;148.12;137.14617075429825
121;25.88;127.36041126155632
339;1.43;109.58294818307516
904;44.69;63.508330571415286
826;2.41;69.86907424169753
335;34.65;109.90914016616657
387;88.89;105.6686443859784
268;12.25;115.37285588294748
853;70.24;67.6672783558306
317;13.33;111.37700409007785
116;228.51;127.76815124042056
25;65.66;135.18901885574985
644;280.88;84.71080947235612
950;216.53;59.757122765864224
42;82.62;133.80270292761142
929;0.72;61.46963067709406
34;7.1;134.4550868937942
742;133.41;76.71910588661689
85;4294.31;130.29613910937888
155;122.47;124.58777940527945
748;7.7;76.22981791197978
840;47.53;68.72740230087764
486;0.47;97.59539280446631
529;0.91;94.08882898623379
606;117.01;87.80963331172438
195;63.78;121.32585957436547
188;20.96;121.89669554477541
345;5.82;109.09366020843807
585;211.39;89.52214122295422
450;42.2;100.53112065228889
761;93.15;75.16969396693275
34;0.88;134.4550868937942
893;17.56;64.40535852491664
45;29.14;133.55805894029288
720;2.14;78.51316179361956
930;12.7;61.38808268132121
759;23.99;75.33278995847844
36;181.2;134.29199090224853
82;0.7;130.54078309669745
952;1.89;59.59402677431852
501;22.61;96.37217286787357
585;428.27;89.52214122295422
1;4148.23;137.14617075429825
951;11.22;59.67557477009137
658;0.91;83.56913753153623
469;29.53;98.98170873260474
18;22.97;135.7598548261598
434;9.82;101.83588858465447
750;77.95;76.06672192043408
437;11.92;101.59124459733593
303;103.47;112.51867603089774
957;0.89;59.18628679545428
2;10.57;137.0646227585254
474;89.22;98.5739687537405
605;1378.61;87.89118130749725
4;31.33;136.90152676697969
959;205.79;59.02319080390858
20;58.04;135.5967588346141
229;37.96;118.55322771808859
80;36.01;130.70387908824316
111;23.08;128.1758912192848
8;20.13;136.5753347838883
22;1.16;135.43366284306842
11;293.28;136.33069079656974
880;6.28;65.46548246996367
37;89.96;134.21044290647566
940;9.03;60.57260272359271
475;212.3;98.49242075796766
770;283.78;74.43576200497711
850;338.2;67.91192234314916
387;82.01;105.6686443859784
495;34.85;96.86146084251067
946;7.66;60.083314748955615
28;25.75;134.9443748684313
22;53.43;135.43366284306842
375;7.69;106.64722033525258
335;41.99;109.90914016616657
41;81.72;133.88425092338426
24;32.91;135.27056685152272
99;26.08;129.154467168559
598;31.15;88.4620172779072
469;73.22;98.98170873260474
755;22.75;75.65898194156983
477;82.73;98.32932476642196
26;35.44;135.107470859977
242;0.84;117.49310377304155
286;84.57;113.90499195903618
594;12.8;88.78820926099858
982;265.29;57.14758690113304
695;1.21;80.5518616879408
440;0.77;101.34660061001739
682;36.67;81.61198563298784
463;6.91;99.47099670724185
642;32.43;84.87390546390182
617;109.47;86.91260535822305
946;1666.93;60.083314748955615
12;11.5;136.2491428007969
853;16.41;67.6672783558306
247;25.04;117.08536379417731
169;4.16;123.44610746445956
680;98.61;81.77508162453354
959;45.11;59.02319080390858
987;32.17;56.7398469222688
4;62.3;136.90152676697969
596;4.91;88.62511326945288
524;12.74;94.49656896509804
671;240.25;82.50901358648917
552;20.89;92.21322508345825
108;0.42;128.42053520660338
368;17.46;107.21805630566254
872;84.18;66.11786643614647
940;1.29;60.57260272359271
23;190.4;135.35211484729555
31;32.85;134.69973088111277
20;221.34;135.5967588346141
58;19.71;132.49793499524583
568;19.94;90.90845715109268
841;32.76;68.64585430510479
802;30.54;71.82622614024592
947;223.62;60.001766753182764
314;40.52;111.6216480773964
624;0.7;86.3417693878131
21;187.45;135.51521083884126
349;26.56;108.76746822534668
688;102.56;81.12269765835075
276;1.11;114.72047191676467
715;15.35;78.92090177248382
987;32.02;56.7398469222688
230;54.25;118.47167972231574
47;2.24;133.39496294874718
833;1.78;69.29823827128759
230;4.06;118.47167972231574
719;21.5;78.59470978939243
15;4.7;136.00449881347836
92;200.64;129.72530313896894
217;16.4;119.53180366736278
731;24.46;77.61613384011822
338;85.39;109.66449617884801
45;74.74;133.55805894029288
889;6.65;64.73155050800803
36;2.35;134.29199090224853
889;1.12;64.73155050800803
515;202.84;95.23050092705368
60;15.12;132.33483900370013
249;18.7;116.92226780263161
149;28.8;125.07706737991654
77;7.13;130.9485230755617
798;1.75;72.15241812333731
25;12.7;135.18901885574985
873;14.34;66.03631844037362
411;21.48;103.71149248743001
245;22.89;117.248459785723
757;0.67;75.49588595002413
901;33.89;63.75297455873384
938;26.05;60.73569871513841
997;410.92;55.9243669645403
24;23.42;135.27056685152272
603;105.34;88.05427729904294
13;27.46;136.16759480502404
115;22.02;127.84969923619342
277;59.73;114.63892392099183
189;183.71;121.81514754900256
680;52.07;81.77508162453354
295;292.41;113.17105999708053
49;0.69;133.23186695720148
315;10.92;111.54010008162355
851;54.96;67.8303743473763
900;1.27;63.83452255450669
757;79.83;75.49588595002413
49;78.71;133.23186695720148
6;20.24;136.73843077543398
15;232.29;136.00449881347836
626;68.96;86.17867339626741
85;79.85;130.29613910937888
572;22.26;90.58226516800127
742;166.49;76.71910588661689
675;38.14;82.1828216033978
156;35.67;124.5062314095066
489;1.43;97.35074881714777
503;17.71;96.20907687632787
130;68.35;126.62647929960067
932;4.58;61.224986689775506
4;41.8;136.90152676697969
348;114.79;108.84901622111951
189;20.59;121.81514754900256
906;4.87;63.3452345798696
768;29.8;74.5988579965228
12;34.82;136.2491428007969
806;7.01;71.50003415715453
25;13.87;135.18901885574985
75;4.57;131.1116190671074
12;0.28;136.2491428007969
869;164.21;66.36251042346501
628;1478.38;86.01557740472171
407;0.99;104.03768447052141
562;23.33;91.39774512572976
368;81.64;107.21805630566254
798;23.21;72.15241812333731
542;21.28;93.02870504118675
6;33.83;136.73843077543398
523;12.08;94.57811696087089
117;158.54;127.68660324464771
475;4.93;98.49242075796766
421;160.49;102.89601252970152
7;86.74;136.65688277966115
12;13.1;136.2491428007969
49;233.12;133.23186695720148
709;21.23;79.41018974712091
982;13.62;57.14758690113304
768;9.23;74.5988579965228
285;33.67;113.98653995480903
904;2.05;63.508330571415286
1;193.47;137.14617075429825
811;68.02;71.09229417829027
21;27.82;135.51521083884126
835;11.76;69.1351422797419
945;144.64;60.16486274472847
42;44.43;133.80270292761142
936;31.98;60.898794706684114
4;0.71;136.90152676697969
813;20.67;70.92919818674459
5;93.2;136.81997877120685
864;25.87;66.77025040232927
531;8.97;93.92573299468809
861;162.98;67.01489438964781
887;7.93;64.89464649955373
890;186.38;64.65000251223518
302;422.83;112.60022402667059
625;38.78;86.26022139204025
443;42.51;101.10195662269884
223;1.52;119.04251569272569
987;30.61;56.7398469222688
7;45.98;136.65688277966115
916;24.76;62.5297546221411
986;1.04;56.82139491804165
772;20.96;74.2726660134314
651;15.32;84.13997350194617
676;0.78;82.10127360762493
104;36.43;128.74672718969475
49;5.74;133.23186695720148
16;168.14;135.9229508177055
1;6.97;137.14617075429825
693;74.25;80.7149576794865
548;102.85;92.53941706654965
42;35.53;133.80270292761142
766;29.21;74.7619539880685
904;39.88;63.508330571415286
857;0.27;67.34108637273921
513;4.5;95.39359691859937
627;8.06;86.09712540049455
121;1.43;127.36041126155632
20;21.62;135.5967588346141
376;0.75;106.56567233947973
574;29.78;90.41916917645557
565;7.85;91.15310113841122
515;20.9;95.23050092705368
875;53.44;65.87322244882792
557;10.94;91.80548510459401
4;83.19;136.90152676697969
464;2.09;99.389448711469
25;126.5;135.18901885574985
380;0.86;106.23948035638834
132;1.08;126.46338330805497
249;16.95;116.92226780263161
167;23.67;123.60920345600525
44;27.88;133.63960693606572
581;36.56;89.84833320604562
81;42.84;130.6223310924703
181;472.36;122.46753151518536
905;4.2;63.426782575642434
790;17.64;72.80480208952011
928;66.07;61.55117867286691
1;99.04;137.14617075429825
2;29.24;137.0646227585254
652;0.92;84.05842550617332
2;34.76;137.0646227585254
153;2.35;124.75087539682514
331;109.64;110.23533214925796
702;0.3;79.98102571753085
114;24.51;127.93124723196627
18;63.55;135.7598548261598
861;59.26;67.01489438964781
742;29.8;76.71910588661689
979;25.34;57.39223088845159
831;102.37;69.46133426283329
33;161.97;134.53663488956707
18;8.71;135.7598548261598
888;19.94;64.81309850378088
841;20.41;68.64585430510479
786;84.73;73.13099407261151
863;204.97;66.85179839810212
206;78.14;120.42883162086413
34;1.17;134.4550868937942
567;13.15;90.99000514686551
30;18.32;134.7812788768856
742;451.57;76.71910588661689
177;201.7;122.79372349827676
28;27.13;134.9443748684313
43;6.27;133.72115493183856
530;237.31;94.00728099046094
416;10.98;103.30375250856576
348;38.32;108.84901622111951
932;20.12;61.224986689775506
951;69.55;59.67557477009137
290;77.05;113.57879997594478
235;2.33;118.0639397434515
676;35.89;82.10127360762493
36;8.69;134.29199090224853
472;28.09;98.7370647452862
40;10.09;133.96579891915712
477;214.15;98.32932476642196
901;61.85;63.75297455873384
875;0.65;65.87322244882792
846;278.91;68.23811432624055
827;30.57;69.78752624592468
1;20.07;137.14617075429825
44;34.65;133.63960693606572
970;2.19;58.126162850407226
618;53.33;86.8310573624502
15;19.22;136.00449881347836
822;49.87;70.19526622478894
74;24.68;131.19316706288024
411;20.35;103.71149248743001
726;8.34;78.02387381898248
242;104.64;117.49310377304155
289;250.07;113.66034797171763
605;57.22;87.89118130749725
27;0.47;135.02592286420415
996;248.57;56.00591496031315
431;274.71;102.08053257197302
825;39.4;69.95062223747038
859;14.68;67.17799038119351
21;133.49;135.51521083884126
776;18.67;73.94647403034
186;98.98;122.05979153632111
991;5.33;56.41365493917739
27;10.46;135.02592286420415
311;21.35;111.86629206471494
851;8.03;67.8303743473763
975;28.52;57.718422871542984
66;15.07;131.84555102906305
360;27.52;107.87044027184533
997;30.08;55.9243669645403
288;1.51;113.74189596749048
309;31.12;112.02938805626064
436;17.5;101.67279259310878
450;18.05;100.53112065228889
442;4.76;101.18350461847169
899;124.94;63.91607055027954
10;68.65;136.4122387923426
34;1.76;134.4550868937942
700;10.52;80.14412170907656
592;1.24;88.95130525254427
32;69.21;134.6181828853399
551;210.65;92.2947730792311
738;26.38;77.04529786970828
644;148.95;84.71080947235612
989;27.45;56.576750930723094
787;64.1;73.04944607683866
763;23.52;75.00659797538705
443;239.38;101.10195662269884
577;0.93;90.17452518913703
524;11.93;94.49656896509804
20;60.48;135.5967588346141
24;211.84;135.27056685152272
7;59.78;136.65688277966115
372;0.71;106.89186432257114
884;149.17;65.13929048687227
703;21.96;79.899477721758
815;0.63;70.76610219519888
984;20.8;56.984490909587336
772;39.09;74.2726660134314
85;1.19;130.29613910937888
139;5.39;125.89254733764503
819;52.79;70.43991021210748
919;338.24;62.285110634822544
254;169.04;116.51452782376737
614;82.88;87.1572493455416
683;12.23;81.53043763721499
22;165.6;135.43366284306842
52;80.89;132.98722296988294
609;30.21;87.56498932440584
568;162.64;90.90845715109268
798;4.97;72.15241812333731
392;0.84;105.26090440711415
327;95.31;110.56152413234936
803;34.66;71.74467814447307
606;5.38;87.80963331172438
960;52.43;58.941642808135725
782;23.31;73.4571860557029
850;209.92;67.91192234314916
206;70.16;120.42883162086413
6;1.68;136.73843077543398
97;2.36;129.3175631601047
14;45.74;136.0860468092512
936;207.86;60.898794706684114
863;245.2;66.85179839810212
943;23.72;60.32795873627417
782;10.76;73.4571860557029
490;27.66;97.26920082137491
353;1.63;108.44127624225527
2;225.59;137.0646227585254
135;33.66;126.21873932073643
751;238.88;75.98517392466124
781;45.14;73.53873405147576
927;10.26;61.63272666863975
659;84.04;83.48758953576338
10;55.73;136.4122387923426
514;141.71;95.31204892282653
721;25.35;78.43161379784672
428;258.91;102.32517655929158
26;23.47;135.107470859977
686;135.16;81.28579364989645
802;7.01;71.82622614024592
644;9.06;84.71080947235612
877;24.27;65.71012645728221
314;13.94;111.6216480773964
403;150.68;104.36387645361282
542;93.68;93.02870504118675
353;136.11;108.44127624225527
730;60.93;77.69768183589107
305;37.99;112.35558003935205
245;59.41;117.248459785723
203;10.28;120.67347560818267
23;116.14;135.35211484729555
13;3.97;136.16759480502404
976;15.69;57.63687487577013
26;146.82;135.107470859977
906;47.22;63.3452345798696
43;101.61;133.72115493183856
866;147.91;66.60715441078356
628;8.12;86.01557740472171
41;0.84;133.88425092338426
536;1.1;93.51799301582385
452;18.52;100.36802466074319
736;17.51;77.20839386125398
879;56.11;65.54703046573653
101;1.75;128.99137117701332
902;93.69;63.67142656296099
920;1.34;62.20356263904969
2;0.48;137.0646227585254
816;20.88;70.68455419942603
863;1.18;66.85179839810212
12;221.75;136.2491428007969
106;4.82;128.58363119814905
2;93.22;137.0646227585254
626;8.88;86.17867339626741
277;86.62;114.63892392099183
642;31.36;84.87390546390182
48;2.71;133.3134149529743
171;21.84;123.28301147291386
668;11.5;82.75365757380774
671;228.27;82.50901358648917
214;64.05;119.77644765468133
776;6.87;73.94647403034
382;7.24;106.07638436484264
53;19.37;132.90567497411007
404;6.68;104.28232845783995
479;14.26;98.16622877487626
171;42.97;123.28301147291386
323;6.96;110.88771611544075
14;7.88;136.0860468092512
556;17.8;91.88703310036686
386;20.13;105.75019238175125
23;71.45;135.35211484729555
494;26.72;96.94300883828352
951;4.92;59.67557477009137
293;136.42;113.33415598862624
854;29.56;67.58573036005775
107;197.06;128.5020832023762
748;193.06;76.22981791197978
505;1.1;96.04598088478218
236;9.22;117.98239174767865
450;80.6;100.53112065228889
28;6.51;134.9443748684313
659;1.09;83.48758953576338
262;67.93;115.86214385758456
985;295.0;56.9029429138145
33;4.98;134.53663488956707
414;28.05;103.46684850011147
11;0.92;136.33069079656974
28;0.24;134.9443748684313
7;414.75;136.65688277966115
919;180.37;62.285110634822544
329;122.97;110.39842814080366
301;254.78;112.68177202244344
598;40.63;88.4620172779072
250;236.0;116.84071980685876
743;27.31;76.63755789084404
478;29.52;98.24777677064911
14;28.22;136.0860468092512
401;16.43;104.5269724451585
530;46.25;94.00728099046094
794;0.73;72.47861010642872
622;290.94;86.5048653793588
251;37.79;116.7591718110859
309;106.13;112.02938805626064
334;1.1;109.99068816193942
42;4.86;133.80270292761142
673;18.05;82.34591759494349
365;69.97;107.46270029298108
890;18.17;64.65000251223518
47;12.49;133.39496294874718
759;4.96;75.33278995847844
24;26.71;135.27056685152272
371;135.23;106.97341231834399
564;54.44;91.23464913418407
950;67.77;59.757122765864224
931;6.97;61.30653468554836
363;0.65;107.62579628452679
12;68.65;136.2491428007969
491;146.81;97.18765282560207
635;345.62;85.44474143431177
42;188.81;133.80270292761142
556;79.88;91.88703310036686
39;46.36;134.04734691492996
439;5.93;101.42814860579023
624;111.11;86.3417693878131
558;257.64;91.72393710882116
946;21.63;60.083314748955615
790;230.13;72.80480208952011
45;5.55;133.55805894029288
906;8.01;63.3452345798696
291;201.13;113.49725198017194
191;30.69;121.65205155745687
786;228.85;73.13099407261151
418;1.4;103.14065651702006
980;31.92;57.31068289267874
996;0.68;56.00591496031315
717;8.51;78.75780578093811
87;33.39;130.1330431178332
40;3.97;133.96579891915712
850;117.82;67.91192234314916
49;92.61;133.23186695720148
920;21.02;62.20356263904969
44;22.11;133.63960693606572
469;25.23;98.98170873260474
135;32.42;126.21873932073643
4;264.32;136.90152676697969
920;18.11;62.20356263904969
249;246.59;116.92226780263161
2;90.9;137.0646227585254
865;15.06;66.68870240655642
136;10.48;126.13719132496358
442;54.57;101.18350461847169
35;9.94;134.37353889802137
454;30.5;100.2049286691975
536;209.18;93.51799301582385
463;0.74;99.47099670724185
342;6.63;109.33830419575662
972;23.91;57.96306685886154
114;256.0;127.93124723196627
146;38.23;125.32171136723508
506;239.47;95.96443288900932
43;46.49;133.72115493183856
6;89.94;136.73843077543398
2;1.91;137.0646227585254
294;120.52;113.25260799285338
715;239.35;78.92090177248382
50;95.07;133.15031896142864
7;82.42;136.65688277966115
780;388.48;73.62028204724861
31;0.32;134.69973088111277
40;9.26;133.96579891915712
126;6.35;126.95267128269208
793;35.63;72.56015810220157
32;56.11;134.6181828853399
672;27.41;82.42746559071634
399;1.69;104.6900684367042
550;253.35;92.37632107500396
519;2.13;94.90430894396229
876;34.86;65.79167445305507
554;31.5;92.05012909191257
314;172.01;111.6216480773964
222;25.76;119.12406368849854
328;170.93;110.47997613657651
111;76.14;128.1758912192848
270;42.63;115.20975989140177
28;122.04;134.9443748684313
506;89.92;95.96443288900932
1;5.28;137.14617075429825
223;127.61;119.04251569272569
36;53.45;134.29199090224853
49;20.42;133.23186695720148
17;20.29;135.84140282193266
364;1684.26;107.54424828875393
370;1.07;107.05496031411684
508;17.17;95.80133689746363
760;79.63;75.25124196270559
173;4.89;123.11991548136815
226;4909.03;118.79787170540715
309;71.35;112.02938805626064
840;26.88;68.72740230087764
697;24.64;80.3887656963951
489;260.6;97.35074881714777
16;180.87;135.9229508177055
36;40.34;134.29199090224853
950;1.25;59.757122765864224
849;41.48;67.99347033892201
784;20.45;73.29409006415722
313;9.17;111.70319607316925
552;189.9;92.21322508345825
451;15.79;100.44957265651604
798;51.31;72.15241812333731
788;40.5;72.96789808106581
898;1.17;63.99761854605238
496;65.76;96.77991284673783
459;1.25;99.79718869033324
382;61.48;106.07638436484264
29;233.28;134.86282687265847
50;61.16;133.15031896142864
918;20.59;62.366658630595396
331;53.84;110.23533214925796
176;8.39;122.87527149404961
19;152.75;135.67830683038696
885;5.73;65.05774249109943
311;183.73;111.86629206471494
24;29.9;135.27056685152272
324;19.78;110.8061681196679
2;8.41;137.0646227585254
153;94.45;124.75087539682514
987;278.24;56.7398469222688
684;33.32;81.44888964144215
61;130.28;132.2532910079273
23;87.14;135.35211484729555
477;199.97;98.32932476642196
372;9.79;106.89186432257114
651;7.74;84.13997350194617
33;246.32;134.53663488956707
58;172.5;132.49793499524583
266;26.38;115.53595187449316
22;23.15;135.43366284306842
699;37.84;80.2256697048494
892;281.08;64.48690652068949
635;0.72;85.44474143431177
103;253.67;128.82827518546762
175;184.13;122.95681948982246
36;102.05;134.29199090224853
556;1.4;91.88703310036686
305;22.32;112.35558003935205
486;5.07;97.59539280446631
184;13.89;122.22288752786682
675;0.73;82.1828216033978
965;219.55;58.53390282927148
555;22.01;91.9685810961397
44;0.69;133.63960693606572
886;276.24;64.97619449532658
224;310.0;118.96096769695284
779;9.3;73.70183004302146
987;5.36;56.7398469222688
782;134.83;73.4571860557029
993;241.32;56.2505589476317
570;30.55;90.74536115954697
881;32.14;65.38393447419082
320;37.01;111.1323601027593
46;0.53;133.47651094452002
425;7.78;102.56982054661012
278;10.03;114.55737592521898
593;30.93;88.86975725677144
33;148.73;134.53663488956707
153;19.99;124.75087539682514
30;6.27;134.7812788768856
81;232.3;130.6223310924703
19;1.31;135.67830683038696
729;8.39;77.77922983166393
19;8.36;135.67830683038696
401;1.92;104.5269724451585
609;9.91;87.56498932440584
942;57.99;60.40950673204702
706;18.35;79.65483373443945
114;21.47;127.93124723196627
166;1.3;123.6907514517781
346;48.21;109.01211221266522
453;270.66;100.28647666497034
905;1.7;63.426782575642434
327;20.81;110.56152413234936
570;5.73;90.74536115954697
62;211.44;132.17174301215442
168;2.29;123.52765546023241
46;1.65;133.47651094452002
777;17.35;73.86492603456716
848;0.96;68.07501833469485
558;17.08;91.72393710882116
7;0.68;136.65688277966115
621;1.25;86.58641337513166
408;11.94;103.95613647474856
5;22.13;136.81997877120685
528;27.3;94.17037698200664
175;38.37;122.95681948982246
455;149.01;100.12338067342463
494;5.8;96.94300883828352
920;141.43;62.20356263904969
399;41.23;104.6900684367042
5;33.16;136.81997877120685
652;1.88;84.05842550617332
20;15.71;135.5967588346141
506;7.51;95.96443288900932
196;17.51;121.24431157859262
535;12.1;93.5995410115967
848;0.84;68.07501833469485
20;64.41;135.5967588346141
41;34.6;133.88425092338426
733;22.59;77.45303784857254
16;57.88;135.9229508177055
719;12.18;78.59470978939243
434;96.44;101.83588858465447
2;8.4;137.0646227585254
39;225.14;134.04734691492996
128;0.69;126.78957529114638
29;88.62;134.86282687265847
33;0.84;134.53663488956707
671;12.31;82.50901358648917
49;94.41;133.23186695720148
673;25.62;82.34591759494349
19;39.32;135.67830683038696
34;140.67;134.4550868937942
814;83.37;70.84765019097173
749;12.08;76.14826991620694
50;39.04;133.15031896142864
615;99.03;87.07570134976875
857;1.59;67.34108637273921
313;63.6;111.70319607316925
22;66.12;135.43366284306842
995;7.84;56.087462956086
665;6.4;82.99830156112628
747;4.97;76.31136590775264
872;48.04;66.11786643614647
583;128.92;89.68523721449992
310;40.67;111.94784006048779
993;12.61;56.2505589476317
103;18.64;128.82827518546762
928;14.71;61.55117867286691
18;32.92;135.7598548261598
697;1.46;80.3887656963951
943;0.68;60.32795873627417
289;21.02;113.66034797171763
918;74.58;62.366658630595396
346;1.21;109.01211221266522
300;0.71;112.76332001821629
578;214.46;90.09297719336416
42;1.9;133.80270292761142
992;1.91;56.332106943404554
493;71.08;97.02455683405637
43;36.93;133.72115493183856
544;10.67;92.86560904964105
621;27.59;86.58641337513166
13;54.24;136.16759480502404
690;2.6;80.95960166680504
556;1332.33;91.88703310036686
398;8.87;104.77161643247706
898;161.98;63.99761854605238
299;106.22;112.84486801398914
48;39.19;133.3134149529743
937;0.77;60.81724671091126
5;163.12;136.81997877120685
16;1.36;135.9229508177055
496;40.06;96.77991284673783
762;42.43;75.08814597115989
3;1.02;136.98307476275255
400;36.52;104.60852044093136
418;4.83;103.14065651702006
757;6.09;75.49588595002413
30;111.54;134.7812788768856
564;4.74;91.23464913418407
309;6.57;112.02938805626064
600;77.67;88.29892128636149
40;64.86;133.96579891915712
705;0.26;79.73638173021232
927;7.93;61.63272666863975
160;87.4;124.18003942641519
29;12.18;134.86282687265847
18;124.33;135.7598548261598
795;156.55;72.39706211065587
181;1.74;122.46753151518536
151;80.69;124.91397138837084
727;0.85;77.94232582320961
801;313.79;71.90777413601877
16;0.92;135.9229508177055
3;48.28;136.98307476275255
769;19.46;74.51731000074994
16;3.8;135.9229508177055
773;1.46;74.19111801765855
692;28.35;80.79650567525934
47;36.15;133.39496294874718
293;14.81;113.33415598862624
385;33.47;105.8317403775241
184;94.17;122.22288752786682
991;22.95;56.41365493917739
640;5.86;85.03700145544752
489;31.1;97.35074881714777
741;10.3;76.80065388238972
731;12.69;77.61613384011822
256;29.9;116.35143183222166
751;84.13;75.98517392466124
779;4.98;73.70183004302146
33;4.62;134.53663488956707
476;1.22;98.4108727621948
880;27.94;65.46548246996367
476;102.97;98.4108727621948
3;97.38;136.98307476275255
976;18.29;57.63687487577013
481;1.25;98.00313278333056
693;71.12;80.7149576794865
324;26.51;110.8061681196679
10;0.68;136.4122387923426
764;7.72;74.92504997961419
8;39.45;136.5753347838883
10;1.17;136.4122387923426
627;31.94;86.09712540049455
166;24.31;123.6907514517781
45;286.64;133.55805894029288
928;58.82;61.55117867286691
7;79.45;136.65688277966115
470;92.3;98.90016073683191
43;17.79;133.72115493183856
79;359.17;130.785427084016
26;2.1;135.107470859977
234;4709.4;118.14548773922435
89;7.98;129.9699471262875
606;135.29;87.80963331172438
36;165.66;134.29199090224853
115;11.54;127.84969923619342
47;63.7;133.39496294874718
945;20.0;60.16486274472847
29;32.35;134.86282687265847
897;33.99;64.07916654182523
45;11.85;133.55805894029288
586;45.53;89.44059322718138
45;99.16;133.55805894029288
23;247.27;135.35211484729555
464;15.11;99.389448711469
252;104.28;116.67762381531305
54;1.17;132.82412697833723
27;37.31;135.02592286420415
11;2.35;136.33069079656974
4;0.9;136.90152676697969
27;13.99;135.02592286420415
19;0.26;135.67830683038696
726;6.31;78.02387381898248
332;8.24;110.1537841534851
346;157.07;109.01211221266522
756;25.66;75.577433945797
636;11.18;85.36319343853891
30;86.53;134.7812788768856
37;70.9;134.21044290647566
107;22.29;128.5020832023762
12;19.43;136.2491428007969
584;23.44;89.60368921872708
271;181.19;115.12821189562892
978;13.12;57.473778884224444
579;26.67;90.01142919759133
730;1.38;77.69768183589107
382;60.88;106.07638436484264
31;12.34;134.69973088111277
67;6.04;131.76400303329018
47;66.37;133.39496294874718
99;6.16;129.154467168559
202;61.98;120.75502360395552
140;244.29;125.81099934187219
784;2.36;73.29409006415722
33;55.11;134.53663488956707
13;63.09;136.16759480502404
29;29.57;134.86282687265847
22;34.45;135.43366284306842
371;226.98;106.97341231834399
712;0.87;79.16554575980237
99;186.9;129.154467168559
978;37.86;57.473778884224444
958;8.58;59.10473879968143
91;115.47;129.8068511347418
26;43.34;135.107470859977
343;90.96;109.25675619998377
302;246.9;112.60022402667059
763;168.5;75.00659797538705
579;221.29;90.01142919759133
273;116.12;114.96511590408322
64;28.14;132.00864702060872
43;252.05;133.72115493183856
794;1.02;72.47861010642872
162;237.52;124.0169434348695
829;70.53;69.62443025437899
155;14.3;124.58777940527945
624;113.46;86.3417693878131
348;0.72;108.84901622111951
795;17.8;72.39706211065587
189;5.86;121.81514754900256
135;0.62;126.21873932073643
724;0.85;78.18696981052817
2;1.75;137.0646227585254
696;27.93;80.47031369216795
2;62.85;137.0646227585254
593;21.88;88.86975725677144
562;17.96;91.39774512572976
179;0.73;122.63062750673106
897;63.74;64.07916654182523
914;4.44;62.6928506136868
907;245.37;63.263686584096746
1;14.04;137.14617075429825
667;12.46;82.83520556958058
29;17.98;134.86282687265847
525;212.64;94.41502096932518
189;10.74;121.81514754900256
34;29.14;134.4550868937942
754;63.47;75.7405299373427
465;32.08;99.30790071569615
192;6.45;121.57050356168402
169;12.96;123.44610746445956
834;0.9;69.21669027551474
887;13.79;64.89464649955373
175;149.44;122.95681948982246
488;22.68;97.43229681292061
724;7.18;78.18696981052817
838;83.93;68.89049829242335
658;55.77;83.56913753153623
398;204.15;104.77161643247706
615;34.23;87.07570134976875
411;7.23;103.71149248743001
34;8.08;134.4550868937942
43;73.95;133.72115493183856
227;55.02;118.7163237096343
230;72.15;118.47167972231574
1;259.08;137.14617075429825
725;6.45;78.10542181475532
34;25.7;134.4550868937942
193;7.25;121.48895556591117
36;0.83;134.29199090224853
479;74.38;98.16622877487626
16;5.2;135.9229508177055
921;5.0;62.122014643276856
150;32.09;124.99551938414369
986;23.41;56.82139491804165
182;59.38;122.3859835194125
645;78.93;84.62926147658327
707;46.42;79.57328573866661
822;1.32;70.19526622478894
899;283.52;63.91607055027954
341;17.0;109.41985219152946
977;85.18;57.55532687999728
31;7.57;134.69973088111277
35;2.16;134.37353889802137
39;155.32;134.04734691492996
15;5.33;136.00449881347836
306;65.13;112.2740320435792
249;1.88;116.92226780263161
852;139.91;67.74882635160346
112;80.13;128.09434322351197
90;0.74;129.88839913051464
696;12.53;80.47031369216795
9;215.81;136.49378678811544
565;248.16;91.15310113841122
118;21.32;127.60505524887486
953;36.3;59.51247877854567
7;12.86;136.65688277966115
826;22.66;69.86907424169753
99;66.1;129.154467168559
430;213.84;102.16208056774587
1;26.77;137.14617075429825
1;60.1;137.14617075429825
50;252.89;133.15031896142864
718;116.07;78.67625778516526
518;104.34;94.98585693973513
454;22.54;100.2049286691975
8;17.04;136.5753347838883
478;10.21;98.24777677064911
269;142.46;115.29130788717461
24;32.96;135.27056685152272
438;70.49;101.50969660156308
36;21.51;134.29199090224853
560;400.27;91.56084111727546
528;8.34;94.17037698200664
839;64.9;68.8089502966505
18;5.79;135.7598548261598
33;66.44;134.53663488956707
18;5116.54;135.7598548261598
120;26.42;127.44195925732917
183;27.55;122.30443552363965
635;54.75;85.44474143431177
953;27.48;59.51247877854567
6;150.33;136.73843077543398
20;77.99;135.5967588346141
237;18.68;117.9008437519058
559;22.85;91.64238911304831
11;78.75;136.33069079656974
13;224.76;136.16759480502404
530;17.6;94.00728099046094
926;0.95;61.7142746644126
313;22.88;111.70319607316925
38;39.32;134.12889491070283
983;25.83;57.06603890536019
13;0.69;136.16759480502404
2;1.16;137.0646227585254
359;7.15;107.95198826761818
397;29.16;104.8531644282499
487;45.98;97.51384480869346
277;18.28;114.63892392099183
574;195.98;90.41916917645557
942;5.38;60.40950673204702
167;0.74;123.60920345600525
34;26.64;134.4550868937942
838;1.21;68.89049829242335
456;1.43;100.0418326776518
213;11.65;119.85799565045419
330;1.0;110.31688014503081
168;12.01;123.52765546023241
313;15.63;111.70319607316925
351;62.99;108.60437223380097
570;69.18;90.74536115954697
872;12.08;66.11786643614647
36;0.74;134.29199090224853
848;61.18;68.07501833469485
902;4.87;63.67142656296099
731;23.69;77.61613384011822
688;167.54;81.12269765835075
17;4.75;135.84140282193266
235;163.11;118.0639397434515
12;25.62;136.2491428007969
169;70.63;123.44610746445956
139;151.99;125.89254733764503
863;0.45;66.85179839810212
92;103.18;129.72530313896894
118;187.26;127.60505524887486
784;53.41;73.29409006415722
110;275.64;128.25743921505767
22;2.23;135.43366284306842
438;30.55;101.50969660156308
666;75.62;82.91675356535343
6;1.21;136.73843077543398
109;27.92;128.3389872108305
468;2.05;99.06325672837761
364;98.56;107.54424828875393
858;253.83;67.25953837696636
895;12.16;64.24226253337093
210;34.96;120.10263963777273
943;0.66;60.32795873627417
631;24.54;85.77093341740316
194;75.28;121.40740757013832
31;22.2;134.69973088111277
217;5.32;119.53180366736278
286;70.27;113.90499195903618
61;27.71;132.2532910079273
892;136.45;64.48690652068949
354;0.88;108.35972824648243
366;77.47;107.38115229720823
6;89.03;136.73843077543398
844;20.69;68.40121031778625
82;226.61;130.54078309669745
591;30.65;89.03285324831714
751;29.56;75.98517392466124
995;7.74;56.087462956086
2;65.02;137.0646227585254
553;31.35;92.1316770876854
871;310.58;66.19941443191932
283;167.49;114.14963594635472
272;26.15;115.04666389985607
160;35.15;124.18003942641519
269;256.09;115.29130788717461
169;413.25;123.44610746445956
18;34.42;135.7598548261598
23;39.53;135.35211484729555
577;188.49;90.17452518913703
2;1.45;137.0646227585254
834;211.87;69.21669027551474
560;37.72;91.56084111727546
40;248.69;133.96579891915712
527;63.39;94.25192497777948
515;0.79;95.23050092705368
96;44.92;129.39911115587756
693;21.89;80.7149576794865
945;8.51;60.16486274472847
411;146.83;103.71149248743001
353;119.13;108.44127624225527
18;33.18;135.7598548261598
16;1.79;135.9229508177055
171;34.74;123.28301147291386
875;1.2;65.87322244882792
606;5.91;87.80963331172438
213;99.37;119.85799565045419
938;150.43;60.73569871513841
364;13.77;107.54424828875393
159;284.79;124.26158742218804
102;156.73;128.90982318124045
909;2.36;63.10059059255104
688;35.18;81.12269765835075
260;260.57;116.02523984913026
244;23.31;117.33000778149585
111;8.13;128.1758912192848
10;7.25;136.4122387923426
221;4814.95;119.20561168427139
522;249.85;94.65966495664374
886;160.82;64.97619449532658
1;207.68;137.14617075429825
34;16.3;134.4550868937942
333;5.26;110.07223615771227
472;234.31;98.7370647452862
244;48.78;117.33000778149585
829;220.74;69.62443025437899
25;33.06;135.18901885574985
850;2.32;67.91192234314916
46;24.99;133.47651094452002
192;1.73;121.57050356168402
30;87.59;134.7812788768856
649;12.8;84.30306949349188
383;12.04;105.99483636906979
426;92.76;102.48827255083728
608;2.24;87.6465373201787
328;31.93;110.47997613657651
499;236.03;96.53526885941926
728;2.07;77.86077782743678
192;269.27;121.57050356168402
473;15.61;98.65551674951335
23;77.41;135.35211484729555
27;244.81;135.02592286420415
471;97.82;98.81861274105906
427;16.42;102.40672455506441
846;54.28;68.23811432624055
74;79.4;131.19316706288024
28;249.51;134.9443748684313
14;260.47;136.0860468092512
341;15.94;109.41985219152946
933;12.84;61.143438694002654
493;56.06;97.02455683405637
571;2.08;90.66381316377411
453;25.47;100.28647666497034
448;158.34;100.69421664383458
21;28.06;135.51521083884126
618;26.88;86.8310573624502
821;54.31;70.27681422056179
365;5.78;107.46270029298108
32;25.13;134.6181828853399
6;15.75;136.73843077543398
882;31.74;65.30238647841797
617;74.8;86.91260535822305
445;22.39;100.93886063115313
808;69.34;71.33693816560883
173;152.02;123.11991548136815
470;1.03;98.90016073683191
936;159.4;60.898794706684114
719;26.3;78.59470978939243
38;18.07;134.12889491070283
767;31.56;74.68040599229565
979;372.88;57.39223088845159
702;0.28;79.98102571753085
218;35.35;119.45025567158993
347;67.1;108.93056421689238
420;33.05;102.97756052547436
10;146.67;136.4122387923426
28;77.23;134.9443748684313
48;17.17;133.3134149529743
131;9.53;126.54493130382782
16;127.22;135.9229508177055
934;42.44;61.0618906982298
600;4.99;88.29892128636149
275;96.07;114.80201991253753
507;4.97;95.88288489323648
747;1.11;76.31136590775264
50;99.66;133.15031896142864
893;1.43;64.40535852491664
42;303.76;133.80270292761142
430;0.69;102.16208056774587
453;1.15;100.28647666497034
604;19.62;87.97272930327009
627;0.92;86.09712540049455
34;16.36;134.4550868937942
42;37.88;133.80270292761142
960;18.59;58.941642808135725
19;264.02;135.67830683038696
885;237.42;65.05774249109943
372;231.53;106.89186432257114
623;6.35;86.42331738358595
677;215.57;82.0197256118521
766;287.64;74.7619539880685
42;185.18;133.80270292761142
899;60.42;63.91607055027954
344;4.48;109.17520820421092
685;0.71;81.36734164566928
30;68.16;134.7812788768856
679;32.17;81.85662962030639
858;23.74;67.25953837696636
97;1.27;129.3175631601047
264;4653.47;115.69904786603887
871;39.8;66.19941443191932
422;4.59;102.81446453392867
335;7.09;109.90914016616657
327;36.12;110.56152413234936
769;1.44;74.51731000074994
856;34.62;67.42263436851206
266;23.84;115.53595187449316
38;153.5;134.12889491070283
373;34.53;106.81031632679829
17;141.82;135.84140282193266
36;5.2;134.29199090224853
449;10.23;100.61266864806174
46;1.54;133.47651094452002
949;63.1;59.838670761637076
31;1.69;134.69973088111277
222;14.7;119.12406368849854
977;17.43;57.55532687999728
608;0.73;87.6465373201787
957;260.5;59.18628679545428
772;74.22;74.2726660134314
25;1.31;135.18901885574985
6;101.08;136.73843077543398
692;241.13;80.79650567525934
598;80.59;88.4620172779072
717;8.15;78.75780578093811
583;20.84;89.68523721449992
302;29.56;112.60022402667059
62;31.27;132.17174301215442
142;78.07;125.64790335032649
30;16.1;134.7812788768856
37;0.77;134.21044290647566
704;181.18;79.81792972598515
49;26.41;133.23186695720148
788;16.8;72.96789808106581
396;72.95;104.93471242402276
432;210.16;101.99898457620017
46;1.11;133.47651094452002
22;5.37;135.43366284306842
982;19.86;57.14758690113304
371;4.36;106.97341231834399
406;5.98;104.11923246629425
718;265.88;78.67625778516526
622;134.46;86.5048653793588
713;1.43;79.0839977640295
16;28.04;135.9229508177055
837;2.25;68.9720462881962
216;8.98;119.61335166313563
243;121.81;117.4115557772687
382;17.64;106.07638436484264
109;7.88;128.3389872108305
890;0.25;64.65000251223518
3;93.76;136.98307476275255
658;19.4;83.56913753153623
854;12.98;67.58573036005775
604;35.26;87.97272930327009
626;1.41;86.17867339626741
907;67.77;63.263686584096746
475;45.96;98.49242075796766
385;0.87;105.8317403775241
734;472.83;77.37148985279967
396;45.71;104.93471242402276
282;114.28;114.23118394212759
351;155.06;108.60437223380097
331;23.36;110.23533214925796
944;29.59;60.24641074050132
901;10.9;63.75297455873384
24;89.21;135.27056685152272
720;32.2;78.51316179361956
642;34.64;84.87390546390182
178;54.82;122.71217550250391
238;11.09;117.81929575613295
2;212.14;137.0646227585254
729;1.11;77.77922983166393
615;10.97;87.07570134976875
20;29.69;135.5967588346141
478;1.42;98.24777677064911
50;41.09;133.15031896142864
187;79.49;121.97824354054826
10;192.47;136.4122387923426
497;90.78;96.69836485096496
99;24.29;129.154467168559
735;1.68;77.28994185702683
103;36.92;128.82827518546762
656;25.15;83.73223352308193
850;103.19;67.91192234314916
453;62.46;100.28647666497034
625;6.94;86.26022139204025
36;23.4;134.29199090224853
186;9.31;122.05979153632111
904;31.66;63.508330571415286
325;26.26;110.72462012389505
50;21.95;133.15031896142864
723;18.9;78.26851780630102
967;0.95;58.37080683772578
412;12.31;103.62994449165717
511;70.2;95.55669291014507
523;119.89;94.57811696087089
182;54.72;122.3859835194125
28;1.76;134.9443748684313
580;1.46;89.92988120181847
234;192.82;118.14548773922435
20;1.77;135.5967588346141
212;5.7;119.93954364622704
702;67.44;79.98102571753085
485;8.58;97.67694080023915
29;79.72;134.86282687265847
154;264.5;124.6693274010523
43;11.6;133.72115493183856
46;423.91;133.47651094452002
193;11.24;121.48895556591117
5;18.07;136.81997877120685
138;5323.37;125.97409533341788
321;1.09;111.05081210698646
511;18.29;95.55669291014507
704;1.18;79.81792972598515
28;67.12;134.9443748684313
994;22.56;56.16901095185885
75;1.06;131.1116190671074
30;194.93;134.7812788768856
917;17.98;62.44820662636825
566;79.43;91.07155314263836
50;12.82;133.15031896142864
327;21.77;110.56152413234936
900;1.07;63.83452255450669
19;14.41;135.67830683038696
737;15.95;77.12684586548113
385;103.04;105.8317403775241
37;215.36;134.21044290647566
312;65.81;111.7847440689421
707;16.48;79.57328573866661
373;15.93;106.81031632679829
26;2.07;135.107470859977
387;16.23;105.6686443859784
749;16.71;76.14826991620694
597;13.61;88.54356527368003
762;275.98;75.08814597115989
32;16.85;134.6181828853399
573;140.14;90.50071717222842
33;19.38;134.53663488956707
14;30.57;136.0860468092512
404;174.44;104.28232845783995
297;6.71;113.00796400553483
881;283.13;65.38393447419082
249;239.4;116.92226780263161
30;13.2;134.7812788768856
573;0.75;90.50071717222842
799;80.79;72.07087012756448
44;8.17;133.63960693606572
19;99.6;135.67830683038696
960;83.48;58.941642808135725
31;30.5;134.69973088111277
525;88.78;94.41502096932518
715;6.99;78.92090177248382
309;30.53;112.02938805626064
4;212.11;136.90152676697969
5;258.68;136.81997877120685
50;33.92;133.15031896142864
50;466.57;133.15031896142864
565;1.22;91.15310113841122
607;33.37;87.72808531595155
728;34.59;77.86077782743678
615;80.09;87.07570134976875
807;9.18;71.41848616138168
755;9.65;75.65898194156983
46;60.74;133.47651094452002
22;35.66;135.43366284306842
40;47.54;133.96579891915712
98;77.01;129.23601516433186
892;39.7;64.48690652068949
657;93.77;83.65068552730907
343;43.09;109.25675619998377
742;7.49;76.71910588661689
573;103.41;90.50071717222842
13;73.82;136.16759480502404
807;38.91;71.41848616138168
854;155.63;67.58573036005775
22;145.43;135.43366284306842
625;51.91;86.26022139204025
987;0.82;56.7398469222688
764;187.54;74.92504997961419
632;276.35;85.6893854216303
527;14.03;94.25192497777948
936;0.97;60.898794706684114
12;0.77;136.2491428007969
385;7.5;105.8317403775241
231;159.75;118.39013172654289
896;16.06;64.16071453759808
560;44.16;91.56084111727546
542;38.14;93.02870504118675
15;4.94;136.00449881347836
16;28.15;135.9229508177055
306;7.6;112.2740320435792
500;267.99;96.45372086364642
853;79.98;67.6672783558306
9;5.47;136.49378678811544
760;12.8;75.25124196270559
17;35.2;135.84140282193266
952;1.27;59.59402677431852
980;266.33;57.31068289267874
1;5.87;137.14617075429825
745;17.89;76.47446189929833
580;11.91;89.92988120181847
99;4.63;129.154467168559
538;1.16;93.35489702427815
628;150.48;86.01557740472171
34;34.66;134.4550868937942
23;5.02;135.35211484729555
23;32.59;135.35211484729555
708;5.18;79.49173774289376
374;31.29;106.72876833102544
884;304.63;65.13929048687227
12;8.48;136.2491428007969
610;136.61;87.48344132863299
323;9.59;110.88771611544075
569;234.59;90.82690915531981
905;33.91;63.426782575642434
3;113.92;136.98307476275255
276;8.26;114.72047191676467
137;21.11;126.05564332919073
143;20.9;125.56635535455364
861;88.7;67.01489438964781
211;33.69;120.02109164199987
1;34.19;137.14617075429825
456;29.34;100.0418326776518
923;195.53;61.95891865173115
127;28.79;126.87112328691923
232;58.39;118.30858373077004
19;48.26;135.67830683038696
30;183.11;134.7812788768856
656;6.43;83.73223352308193
19;1.16;135.67830683038696
32;5.96;134.6181828853399
564;0.69;91.23464913418407
44;0.88;133.63960693606572
919;31.34;62.285110634822544
3;1.96;136.98307476275255
25;19.91;135.18901885574985
470;4.85;98.90016073683191
193;15.93;121.48895556591117
375;163.36;106.64722033525258
635;18.13;85.44474143431177
129;77.68;126.70802729537353
28;6.43;134.9443748684313
202;149.72;120.75502360395552
21;1.8;135.51521083884126
375;1.68;106.64722033525258
628;26.89;86.01557740472171
969;19.48;58.20771084618008
259;27.25;116.10678784490311
459;14.44;99.79718869033324
729;214.74;77.77922983166393
36;44.3;134.29199090224853
454;1.61;100.2049286691975
562;259.71;91.39774512572976
123;30.3;127.19731527001062
984;1.02;56.984490909587336
818;82.54;70.52145820788033
593;73.46;88.86975725677144
184;32.1;122.22288752786682
901;0.8;63.75297455873384
163;42.63;123.93539543909665
15;211.47;136.00449881347836
873;228.89;66.03631844037362
982;5.26;57.14758690113304
714;0.86;79.00244976825667
13;33.33;136.16759480502404
916;297.8;62.5297546221411
438;25.82;101.50969660156308
521;32.42;94.74121295241659
177;2.2;122.79372349827676
881;242.68;65.38393447419082
516;24.54;95.14895293128083
544;31.35;92.86560904964105
108;124.39;128.42053520660338
796;69.12;72.31551411488302
605;34.33;87.89118130749725
42;0.74;133.80270292761142
983;275.93;57.06603890536019
680;184.62;81.77508162453354
536;154.36;93.51799301582385
727;180.09;77.94232582320961
140;20.98;125.81099934187219
340;10.68;109.50140018730232
6;34.52;136.73843077543398
973;23.73;57.88151886308869
27;36.76;135.02592286420415
9;65.11;136.49378678811544
633;29.3;85.60783742585747
899;142.03;63.91607055027954
9;0.84;136.49378678811544
903;26.78;63.58987856718814
980;142.34;57.31068289267874
773;211.86;74.19111801765855
438;110.6;101.50969660156308
935;4.16;60.980342702456966
949;30.44;59.838670761637076
9;28.93;136.49378678811544
839;27.69;68.8089502966505
2;1.66;137.0646227585254
217;23.96;119.53180366736278
40;27.25;133.96579891915712
44;0.25;133.63960693606572
312;32.15;111.7847440689421
471;175.93;98.81861274105906
701;64.78;80.0625737133037
858;5.93;67.25953837696636
15;15.53;136.00449881347836
163;90.95;123.93539543909665
1;26.86;137.14617075429825
513;1.84;95.39359691859937
992;0.88;56.332106943404554
999;29.65;55.76127097299461
71;105.05;131.43781105019877
874;19.42;65.95477044460077
390;94.69;105.42400039865984
13;66.05;136.16759480502404
207;28.62;120.34728362509128
300;239.38;112.76332001821629
282;2.26;114.23118394212759
350;23.11;108.68592022957382
267;25.14;115.45440387872031
844;18.63;68.40121031778625
416;37.2;103.30375250856576
595;24.93;88.70666126522573
159;15.91;124.26158742218804
843;83.01;68.4827583135591
24;6.08;135.27056685152272
708;12.15;79.49173774289376
638;1.63;85.20009744699321
732;30.42;77.53458584434537
928;139.67;61.55117867286691
666;19.08;82.91675356535343
551;62.68;92.2947730792311
17;17.36;135.84140282193266
668;5.06;82.75365757380774
261;10.17;115.94369185335742
38;59.26;134.12889491070283
394;0.27;105.09780841556845
952;10.02;59.59402677431852
670;24.19;82.59056158226204
429;34.86;102.24362856351873
191;32.45;121.65205155745687
248;9.39;117.00381579840446
963;74.05;58.69699882081717
645;273.51;84.62926147658327
908;69.59;63.182138588323895
44;19.03;133.63960693606572
344;26.02;109.17520820421092
684;8.36;81.44888964144215
38;73.55;134.12889491070283
834;69.66;69.21669027551474
974;113.57;57.799970867315835
316;56.38;111.4585520858507
251;34.48;116.7591718110859
790;30.19;72.80480208952011
30;83.29;134.7812788768856
167;2.12;123.60920345600525
218;74.25;119.45025567158993
1;221.15;137.14617075429825
247;4.54;117.08536379417731
444;241.24;101.02040862692598
18;71.95;135.7598548261598
899;26.9;63.91607055027954
550;85.21;92.37632107500396
904;102.94;63.508330571415286
798;0.85;72.15241812333731
31;265.97;134.69973088111277
98;41.74;129.23601516433186
793;11.91;72.56015810220157
759;1.59;75.33278995847844
900;6.87;63.83452255450669
984;129.63;56.984490909587336
855;28.46;67.5041823642849
980;84.99;57.31068289267874
446;149.0;100.85731263538028
916;12.66;62.5297546221411
771;104.88;74.35421400920424
111;29.68;128.1758912192848
945;0.76;60.16486274472847
40;287.74;133.96579891915712
17;112.02;135.84140282193266
4;1413.63;136.90152676697969
551;68.74;92.2947730792311
9;24.35;136.49378678811544
841;203.76;68.64585430510479
759;140.96;75.33278995847844
697;30.06;80.3887656963951
915;1393.92;62.61130261791395
41;0.71;133.88425092338426
565;6.67;91.15310113841122
807;22.32;71.41848616138168
11;5.0;136.33069079656974
513;1.16;95.39359691859937
43;353.52;133.72115493183856
164;6.4;123.8538474433238
608;8.09;87.6465373201787
560;5.64;91.56084111727546
753;156.68;75.82207793311554
486;13.39;97.59539280446631
21;24.72;135.51521083884126
681;11.81;81.69353362876069
3;85.81;136.98307476275255
1;0.56;137.14617075429825
440;7.68;101.34660061001739
49;0.24;133.23186695720148
519;5.21;94.90430894396229
40;1.06;133.96579891915712
986;37.58;56.82139491804165
409;224.2;103.87458847897571
822;0.54;70.19526622478894
194;1.47;121.40740757013832
863;20.15;66.85179839810212
872;211.58;66.11786643614647
317;119.95;111.37700409007785
749;64.46;76.14826991620694
447;274.57;100.77576463960744
631;251.48;85.77093341740316
7;1.1;136.65688277966115
283;36.54;114.14963594635472
808;184.09;71.33693816560883
983;1.04;57.06603890536019
433;1.3;101.91743658042734
57;199.97;132.57948299101866
984;36.88;56.984490909587336
895;2.11;64.24226253337093
205;1.23;120.51037961663698
354;279.99;108.35972824648243
35;25.19;134.37353889802137
792;1.43;72.64170609797442
476;85.55;98.4108727621948
393;1.18;105.1793564113413
855;89.32;67.5041823642849
540;2.19;93.19180103273246
481;7.48;98.00313278333056
875;6.51;65.87322244882792
5;40.74;136.81997877120685
5;65.53;136.81997877120685
667;265.28;82.83520556958058
506;131.23;95.96443288900932
875;26.97;65.87322244882792
960;75.05;58.941642808135725
308;0.63;112.1109360520335
798;28.0;72.15241812333731
972;0.8;57.96306685886154
348;68.6;108.84901622111951
573;26.45;90.50071717222842
389;2.04;105.5055483944327
29;6.28;134.86282687265847
471;224.83;98.81861274105906
10;232.2;136.4122387923426
71;444.77;131.43781105019877
22;37.08;135.43366284306842
325;1.39;110.72462012389505
510;9.87;95.63824090591793
217;80.45;119.53180366736278
482;116.42;97.92158478755772
181;0.84;122.46753151518536
714;0.68;79.00244976825667
471;85.85;98.81861274105906
4;22.61;136.90152676697969
871;118.41;66.19941443191932
436;1.23;101.67279259310878
176;39.04;122.87527149404961
397;82.13;104.8531644282499
48;46.67;133.3134149529743
925;239.05;61.79582266018545
874;31.34;65.95477044460077
608;6.49;87.6465373201787
4;5.15;136.90152676697969
988;132.92;56.658298926495945
305;24.43;112.35558003935205
726;29.03;78.02387381898248
955;27.93;59.34938278699997
776;257.45;73.94647403034
42;157.65;133.80270292761142
370;166.28;107.05496031411684
131;0.69;126.54493130382782
118;189.81;127.60505524887486
46;32.96;133.47651094452002
407;45.15;104.03768447052141
482;147.47;97.92158478755772
381;5.07;106.15793236061549
342;1684.18;109.33830419575662
123;34.73;127.19731527001062
176;1425.86;122.87527149404961
904;38.17;63.508330571415286
673;67.97;82.34591759494349
141;10.62;125.72945134609934
532;21.79;93.84418499891524
118;9.59;127.60505524887486
537;5.53;93.436445020051
971;223.62;58.04461485463439
722;0.7;78.35006580207387
587;15.62;89.35904523140853
92;111.56;129.72530313896894
292;1.63;113.41570398439909
922;23.46;62.040466647504005
24;260.07;135.27056685152272
748;77.42;76.22981791197978
122;141.29;127.27886326578347
7;46.94;136.65688277966115
174;179.98;123.0383674855953
468;115.34;99.06325672837761
54;103.94;132.82412697833723
93;86.26;129.6437551431961
797;27.23;72.23396611911016
248;11.32;117.00381579840446
436;32.2;101.67279259310878
583;271.38;89.68523721449992
351;167.23;108.60437223380097
347;0.58;108.93056421689238
682;59.51;81.61198563298784
940;23.01;60.57260272359271
771;262.71;74.35421400920424
1;220.34;137.14617075429825
719;190.28;78.59470978939243
315;25.38;111.54010008162355
394;0.32;105.09780841556845
652;141.81;84.05842550617332
730;9.76;77.69768183589107
306;22.79;112.2740320435792
743;1.04;76.63755789084404
435;140.75;101.75434058888163
196;27.9;121.24431157859262
585;23.69;89.52214122295422
324;4.88;110.8061681196679
224;1.05;118.96096769695284
274;12.1;114.88356790831037
702;1.12;79.98102571753085
535;0.24;93.5995410115967
743;32.44;76.63755789084404
869;33.52;66.36251042346501
112;46.49;128.09434322351197
443;27.19;101.10195662269884
842;7.91;68.56430630933195
932;4.79;61.224986689775506
1;155.78;137.14617075429825
376;189.81;106.56567233947973
1;11.74;137.14617075429825
23;103.57;135.35211484729555
275;55.73;114.80201991253753
828;33.75;69.70597825015184
849;190.29;67.99347033892201
26;9.8;135.107470859977
168;32.16;123.52765546023241
132;25.64;126.46338330805497
371;78.1;106.97341231834399
805;1.27;71.58158215292737
647;4.19;84.46616548503758
377;84.21;106.4841243437069
768;54.68;74.5988579965228
336;7.69;109.82759217039371
210;5.39;120.10263963777273
614;32.89;87.1572493455416
25;58.01;135.18901885574985
460;241.77;99.71564069456039
845;28.05;68.3196623220134
37;26.94;134.21044290647566
173;103.7;123.11991548136815
464;142.09;99.389448711469
249;4.84;116.92226780263161
586;21.21;89.44059322718138
164;103.63;123.8538474433238
920;5.03;62.20356263904969
916;0.31;62.5297546221411
460;6.35;99.71564069456039
46;68.23;133.47651094452002
686;95.39;81.28579364989645
559;15.09;91.64238911304831
236;106.67;117.98239174767865
563;58.22;91.31619712995692
750;0.92;76.06672192043408
6;70.54;136.73843077543398
451;4.81;100.44957265651604
822;117.68;70.19526622478894
27;14.74;135.02592286420415
966;1.45;58.45235483349863
444;77.34;101.02040862692598
679;274.35;81.85662962030639
664;21.12;83.07984955689912
818;34.37;70.52145820788033
42;52.27;133.80270292761142
33;8.4;134.53663488956707
44;274.43;133.63960693606572
36;30.68;134.29199090224853
546;1.14;92.70251305809535
737;393.54;77.12684586548113
21;35.71;135.51521083884126
813;1475.67;70.92919818674459
664;11.74;83.07984955689912
18;47.9;135.7598548261598
354;237.49;108.35972824648243
969;21.79;58.20771084618008
490;5.01;97.26920082137491
1;174.34;137.14617075429825
20;24.07;135.5967588346141
549;35.72;92.45786907077681
25;33.18;135.18901885574985
996;210.61;56.00591496031315
991;2.14;56.41365493917739
43;129.86;133.72115493183856
625;6.36;86.26022139204025
398;44.57;104.77161643247706
519;72.29;94.90430894396229
768;254.63;74.5988579965228
350;203.44;108.68592022957382
1;1.57;137.14617075429825
293;154.53;113.33415598862624
282;0.73;114.23118394212759
21;24.24;135.51521083884126
501;0.95;96.37217286787357
61;1.55;132.2532910079273
787;80.26;73.04944607683866
33;16.87;134.53663488956707
169;245.22;123.44610746445956
233;43.49;118.2270357349972
180;72.62;122.54907951095821
285;7.52;113.98653995480903
882;61.98;65.30238647841797
28;247.61;134.9443748684313
31;54.52;134.69973088111277
671;87.86;82.50901358648917
97;139.55;129.3175631601047
31;277.74;134.69973088111277
31;143.45;134.69973088111277
736;1.21;77.20839386125398
561;2.06;91.47929312150262
19;4.39;135.67830683038696
697;117.87;80.3887656963951
627;33.84;86.09712540049455
48;212.69;133.3134149529743
350;55.0;108.68592022957382
713;30.16;79.0839977640295
597;218.17;88.54356527368003
17;1.19;135.84140282193266
961;0.87;58.860094812362874
638;20.3;85.20009744699321
333;16.24;110.07223615771227
47;40.12;133.39496294874718
712;168.98;79.16554575980237
933;1.17;61.143438694002654
727;64.6;77.94232582320961
38;48.39;134.12889491070283
11;5.19;136.33069079656974
43;29.06;133.72115493183856
684;98.59;81.44888964144215
35;10.05;134.37353889802137
80;17.59;130.70387908824316
383;1.72;105.99483636906979
10;106.62;136.4122387923426
291;23.39;113.49725198017194
24;28.46;135.27056685152272
46;209.22;133.47651094452002
91;185.12;129.8068511347418
919;56.23;62.285110634822544
47;282.2;133.39496294874718
758;17.34;75.4143379542513
20;1.54;135.5967588346141
913;32.4;62.77439860945964
535;199.92;93.5995410115967
978;1.41;57.473778884224444
130;0.81;126.62647929960067
831;105.82;69.46133426283329
140;61.91;125.81099934187219
837;1.03;68.9720462881962
22;36.6;135.43366284306842
462;29.11;99.55254470301469
286;10.91;113.90499195903618
30;191.5;134.7812788768856
220;65.23;119.28715968004424
195;283.04;121.32585957436547
336;98.38;109.82759217039371
254;146.33;116.51452782376737
595;29.25;88.70666126522573
943;181.38;60.32795873627417
373;77.25;106.81031632679829
174;19.22;123.0383674855953
12;33.35;136.2491428007969
787;57.86;73.04944607683866
971;35.31;58.04461485463439
988;151.1;56.658298926495945
752;192.23;75.90362592888839
361;149.03;107.78889227607249
4;148.14;136.90152676697969
740;31.76;76.88220187816259
112;40.89;128.09434322351197
25;1.44;135.18901885574985
650;23.65;84.22152149771902
411;171.56;103.71149248743001
348;4.64;108.84901622111951
25;34.15;135.18901885574985
29;17.46;134.86282687265847
604;223.13;87.97272930327009
7;5.63;136.65688277966115
951;98.0;59.67557477009137
220;225.84;119.28715968004424
786;192.36;73.13099407261151
346;27.56;109.01211221266522
948;153.75;59.92021875740991
787;24.34;73.04944607683866
746;8.66;76.39291390352548
286;1623.22;113.90499195903618
629;33.35;85.93402940894886
619;1.43;86.74950936667736
679;77.28;81.85662962030639
102;1.05;128.90982318124045
932;101.46;61.224986689775506
820;132.98;70.35836221633464
668;2.23;82.75365757380774
5;183.93;136.81997877120685
15;7.7;136.00449881347836
766;101.41;74.7619539880685
421;214.44;102.89601252970152
17;28.79;135.84140282193266
444;12.67;101.02040862692598
85;46.94;130.29613910937888
544;80.85;92.86560904964105
855;11.79;67.5041823642849
405;6.2;104.20078046206712
876;140.02;65.79167445305507
900;0.83;63.83452255450669
734;208.25;77.37148985279967
948;101.57;59.92021875740991
738;16.08;77.04529786970828
373;21.18;106.81031632679829
342;22.34;109.33830419575662
205;68.48;120.51037961663698
40;0.54;133.96579891915712
207;281.56;120.34728362509128
901;6.7;63.75297455873384
712;7.38;79.16554575980237
969;14.19;58.20771084618008
794;1.63;72.47861010642872
532;52.37;93.84418499891524
364;0.85;107.54424828875393
806;31.11;71.50003415715453
252;197.66;116.67762381531305
446;284.67;100.85731263538028
526;21.45;94.33347297355235
16;41.1;135.9229508177055
285;275.97;113.98653995480903
411;47.93;103.71149248743001
682;8.25;81.61198563298784
4;39.98;136.90152676697969
26;160.55;135.107470859977
171;19.68;123.28301147291386
795;222.28;72.39706211065587
742;1.83;76.71910588661689
82;221.55;130.54078309669745
10;13.0;136.4122387923426
807;20.84;71.41848616138168
637;0.98;85.28164544276606
684;47.93;81.44888964144215
597;41.96;88.54356527368003
31;59.5;134.69973088111277
613;83.29;87.23879734131444
358;30.48;108.03353626339103
86;77.07;130.21459111360605
116;144.66;127.76815124042056
380;23.0;106.23948035638834
13;7.18;136.16759480502404
249;171.8;116.92226780263161
503;77.72;96.20907687632787
264;17.0;115.69904786603887
94;55.72;129.56220714742327
623;335.32;86.42331738358595
311;0.91;111.86629206471494
572;35.3;90.58226516800127
334;62.83;109.99068816193942
305;9.39;112.35558003935205
473;6.99;98.65551674951335
8;56.07;136.5753347838883
600;19.4;88.29892128636149
701;29.97;80.0625737133037
693;93.45;80.7149576794865
28;7.49;134.9443748684313
954;141.48;59.43093078277282
232;120.9;118.30858373077004
5;21.22;136.81997877120685
45;39.04;133.55805894029288
946;234.75;60.083314748955615
353;8.65;108.44127624225527
235;66.73;118.0639397434515
651;63.27;84.13997350194617
535;77.98;93.5995410115967
326;0.77;110.64307212812221
635;128.62;85.44474143431177
630;0.41;85.85248141317601
693;33.27;80.7149576794865
764;2.86;74.92504997961419
36;23.43;134.29199090224853
610;28.65;87.48344132863299
966;1.09;58.45235483349863
742;213.84;76.71910588661689
674;1.16;82.26436959917064
995;9.85;56.087462956086
965;8.76;58.53390282927148
426;0.72;102.48827255083728
304;146.05;112.43712803512489
215;52.2;119.69489965890848
308;294.99;112.1109360520335
704;21.17;79.81792972598515
338;220.05;109.66449617884801
11;0.82;136.33069079656974
568;10.65;90.90845715109268
538;69.28;93.35489702427815
845;124.84;68.3196623220134
159;66.52;124.26158742218804
825;64.24;69.95062223747038
876;43.67;65.79167445305507
543;202.54;92.9471570454139
6;0.91;136.73843077543398
634;0.71;85.5262894300846
46;87.44;133.47651094452002
516;22.24;95.14895293128083
523;200.04;94.57811696087089
61;159.26;132.2532910079273
885;32.02;65.05774249109943
575;199.98;90.33762118068273
842;161.71;68.56430630933195
45;1.29;133.55805894029288
886;62.17;64.97619449532658
189;11.02;121.81514754900256
506;32.19;95.96443288900932
35;13.4;134.37353889802137
804;11.83;71.66313014870022
376;31.02;106.56567233947973
488;36.55;97.43229681292061
10;0.48;136.4122387923426
292;27.73;113.41570398439909
419;8.68;103.05910852124723
693;29.83;80.7149576794865
255;214.43;116.4329798279945
44;6.88;133.63960693606572
734;6.68;77.37148985279967
6;1.55;136.73843077543398
583;1.6;89.68523721449992
906;7.96;63.3452345798696
235;100.23;118.0639397434515
113;16.48;128.0127952277391
503;8.3;96.20907687632787
790;218.05;72.80480208952011
667;13.01;82.83520556958058
86;9.87;130.21459111360605
305;26.25;112.35558003935205
964;68.03;58.615450825044334
18;28.7;135.7598548261598
476;11.46;98.4108727621948
637;36.55;85.28164544276606
222;64.87;119.12406368849854
401;264.42;104.5269724451585
336;70.59;109.82759217039371
186;115.95;122.05979153632111
195;103.18;121.32585957436547
305;223.84;112.35558003935205
713;41.63;79.0839977640295
987;180.39;56.7398469222688
812;197.47;71.01074618251742
214;1.8;119.77644765468133
891;1.0;64.56845451646232
632;32.16;85.6893854216303
635;18.49;85.44474143431177
37;230.03;134.21044290647566
935;16.67;60.980342702456966
822;39.01;70.19526622478894
778;4.15;73.7833780387943
678;251.33;81.93817761607923
260;5.11;116.02523984913026
790;7.13;72.80480208952011
964;58.97;58.615450825044334
67;161.05;131.76400303329018
319;11.12;111.21390809853216
525;26.06;94.41502096932518
10;79.16;136.4122387923426
144;11.07;125.48480735878078
639;28.17;85.11854945122036
60;217.98;132.33483900370013
935;18.19;60.980342702456966
592;1.13;88.95130525254427
665;10.3;82.99830156112628
100;8.65;129.07291917278616
282;247.83;114.23118394212759
44;15.13;133.63960693606572
106;75.64;128.58363119814905
43;0.93;133.72115493183856
18;34.7;135.7598548261598
875;18.5;65.87322244882792
23;8.42;135.35211484729555
432;18.3;101.99898457620017
678;100.28;81.93817761607923
655;274.79;83.81378151885477
30;12.42;134.7812788768856
28;4.34;134.9443748684313
16;8.02;135.9229508177055
422;9.83;102.81446453392867
176;8.06;122.87527149404961
803;178.3;71.74467814447307
974;85.42;57.799970867315835
223;348.61;119.04251569272569
695;23.79;80.5518616879408
424;285.1;102.65136854238297
4;26.68;136.90152676697969
648;1.44;84.38461748926471
180;215.17;122.54907951095821
901;28.6;63.75297455873384
34;9.98;134.4550868937942
931;1.49;61.30653468554836
4;184.76;136.90152676697969
41;22.64;133.88425092338426
587;0.91;89.35904523140853
117;9.91;127.68660324464771
50;101.88;133.15031896142864
176;189.66;122.87527149404961
956;69.56;59.26783479122713
586;61.97;89.44059322718138
342;5.22;109.33830419575662
481;25.31;98.00313278333056
356;13.84;108.19663225493673
41;225.43;133.88425092338426
196;12.04;121.24431157859262
216;1.1;119.61335166313563
829;87.66;69.62443025437899
557;13.44;91.80548510459401
802;186.12;71.82622614024592
41;28.52;133.88425092338426
326;26.15;110.64307212812221
690;5.31;80.95960166680504
46;2.79;133.47651094452002
149;218.67;125.07706737991654
577;228.47;90.17452518913703
420;18.96;102.97756052547436
9;36.34;136.49378678811544
828;0.73;69.70597825015184
435;19.76;101.75434058888163
259;19.39;116.10678784490311
537;15.54;93.436445020051
690;19.68;80.95960166680504
37;6.36;134.21044290647566
58;46.62;132.49793499524583
912;37.82;62.85594660523249
707;23.26;79.57328573866661
375;22.58;106.64722033525258
147;4.95;125.24016337146224
36;4.67;134.29199090224853
785;29.2;73.21254206838437
685;6.38;81.36734164566928
857;3.89;67.34108637273921
429;35.75;102.24362856351873
694;0.77;80.63340968371365
539;167.05;93.2733490285053
208;0.94;120.26573562931843
947;11.32;60.001766753182764
785;8.62;73.21254206838437
30;110.21;134.7812788768856
834;249.66;69.21669027551474
116;12.15;127.76815124042056
490;31.38;97.26920082137491
662;6.72;83.24294554844482
611;7.34;87.40189333286014
479;9.68;98.16622877487626
7;187.57;136.65688277966115
756;286.68;75.577433945797
750;249.18;76.06672192043408
540;81.11;93.19180103273246
345;28.21;109.09366020843807
551;8.19;92.2947730792311
651;11.14;84.13997350194617
17;11.85;135.84140282193266
104;8.46;128.74672718969475
797;8.18;72.23396611911016
833;159.28;69.29823827128759
44;5.41;133.63960693606572
791;1.83;72.72325409374726
555;56.34;91.9685810961397
134;0.27;126.30028731650928
215;148.0;119.69489965890848
889;0.82;64.73155050800803
251;69.08;116.7591718110859
7;215.92;136.65688277966115
6;25.44;136.73843077543398
261;81.02;115.94369185335742
376;59.47;106.56567233947973
889;62.91;64.73155050800803
221;72.55;119.20561168427139
36;89.4;134.29199090224853
527;120.58;94.25192497777948
267;5262.78;115.45440387872031
11;4.05;136.33069079656974
63;149.22;132.09019501638159
730;247.78;77.69768183589107
8;69.78;136.5753347838883
313;47.62;111.70319607316925
815;43.01;70.76610219519888
508;76.8;95.80133689746363
140;23.05;125.81099934187219
568;1.08;90.90845715109268
173;92.36;123.11991548136815
16;227.02;135.9229508177055
450;9.16;100.53112065228889
25;2.35;135.18901885574985
782;20.96;73.4571860557029
45;0.72;133.55805894029288
635;66.98;85.44474143431177
87;15.14;130.1330431178332
75;246.49;131.1116190671074
279;146.26;114.47582792944613
386;92.71;105.75019238175125
938;1.32;60.73569871513841
366;219.79;107.38115229720823
212;12.4;119.93954364622704
420;193.87;102.97756052547436
401;69.06;104.5269724451585
145;54.61;125.40325936300793
357;1.11;108.11508425916388
821;18.81;70.27681422056179
31;44.94;134.69973088111277
516;18.66;95.14895293128083
325;112.35;110.72462012389505
875;11.99;65.87322244882792
924;0.88;61.8773706559583
892;161.43;64.48690652068949
431;38.39;102.08053257197302
37;38.05;134.21044290647566
989;7.53;56.576750930723094
181;4887.22;122.46753151518536
856;37.95;67.42263436851206
23;4232.02;135.35211484729555
33;35.6;134.53663488956707
176;82.64;122.87527149404961
887;60.62;64.89464649955373
561;11.14;91.47929312150262
418;1.81;103.14065651702006
40;8.24;133.96579891915712
325;7.72;110.72462012389505
683;103.91;81.53043763721499
542;86.3;93.02870504118675
923;230.15;61.95891865173115
313;2.24;111.70319607316925
631;7.46;85.77093341740316
102;175.09;128.90982318124045
271;38.27;115.12821189562892
928;22.3;61.55117867286691
174;33.55;123.0383674855953
14;19.63;136.0860468092512
639;47.51;85.11854945122036
363;32.12;107.62579628452679
43;14.92;133.72115493183856
50;1346.67;133.15031896142864
433;281.88;101.91743658042734
41;120.03;133.88425092338426
676;7.21;82.10127360762493
293;6.22;113.33415598862624
263;188.87;115.78059586181172
769;1.05;74.51731000074994
17;10.33;135.84140282193266
595;0.73;88.70666126522573
935;58.77;60.980342702456966
578;42.49;90.09297719336416
17;30.53;135.84140282193266
695;259.94;80.5518616879408
795;38.6;72.39706211065587
262;23.47;115.86214385758456
32;1.39;134.6181828853399
253;57.78;116.5960758195402
613;24.36;87.23879734131444
959;1.21;59.02319080390858
51;204.63;133.06877096565577
839;12.45;68.8089502966505
163;183.85;123.93539543909665
813;12.17;70.92919818674459
40;33.35;133.96579891915712
36;7.83;134.29199090224853
7;34.83;136.65688277966115
361;65.78;107.78889227607249
954;1.88;59.43093078277282
925;0.86;61.79582266018545
16;13.26;135.9229508177055
366;16.67;107.38115229720823
115;1.6;127.84969923619342
388;14.13;105.58709639020555
551;99.88;92.2947730792311
858;27.06;67.25953837696636
277;28.47;114.63892392099183
16;1464.46;135.9229508177055
844;26.59;68.40121031778625
621;34.17;86.58641337513166
190;243.91;121.73359955322971
759;40.53;75.33278995847844
27;88.99;135.02592286420415
16;120.57;135.9229508177055
799;26.23;72.07087012756448
719;60.05;78.59470978939243
229;2.2;118.55322771808859
285;27.72;113.98653995480903
624;30.71;86.3417693878131
850;34.23;67.91192234314916
3;7.72;136.98307476275255
468;5.31;99.06325672837761
468;40.84;99.06325672837761
47;40.34;133.39496294874718
626;21.29;86.17867339626741
620;86.91;86.6679613709045
872;118.05;66.11786643614647
286;71.24;113.90499195903618
47;11.48;133.39496294874718
225;88.99;118.87941970117998
321;37.15;111.05081210698646
580;83.17;89.92988120181847
391;222.24;105.342452402887
49;19.4;133.23186695720148
366;9.46;107.38115229720823
820;0.74;70.35836221633464
177;62.86;122.79372349827676
511;12.16;95.55669291014507
28;215.07;134.9443748684313
175;132.88;122.95681948982246
459;0.91;99.79718869033324
50;252.35;133.15031896142864
603;30.26;88.05427729904294
435;1271.65;101.75434058888163
781;1.77;73.53873405147576
34;29.69;134.4550868937942
4;209.48;136.90152676697969
28;23.64;134.9443748684313
46;154.4;133.47651094452002
32;134.39;134.6181828853399
120;243.38;127.44195925732917
84;6.26;130.37768710515175
356;2.03;108.19663225493673
659;21.41;83.48758953576338
752;4.29;75.90362592888839
11;73.63;136.33069079656974
7;100.21;136.65688277966115
48;9.18;133.3134149529743
423;276.52;102.73291653815582
18;91.97;135.7598548261598
920;1.75;62.20356263904969
597;18.43;88.54356527368003
894;225.03;64.32381052914378
21;229.9;135.51521083884126
10;223.24;136.4122387923426
15;78.24;136.00449881347836
575;494.95;90.33762118068273
170;10.32;123.3645594686867
672;36.31;82.42746559071634
672;81.28;82.42746559071634
827;27.91;69.78752624592468
564;31.18;91.23464913418407
654;21.55;83.89532951462763
357;0.81;108.11508425916388
517;51.44;95.06740493550798
160;117.38;124.18003942641519
719;30.69;78.59470978939243
942;172.41;60.40950673204702
24;29.49;135.27056685152272
156;1487.29;124.5062314095066
521;232.76;94.74121295241659
921;130.84;62.122014643276856
613;67.96;87.23879734131444
940;18.48;60.57260272359271
117;61.04;127.68660324464771
944;25.92;60.24641074050132
823;81.4;70.11371822901609
33;57.51;134.53663488956707
48;7.63;133.3134149529743
323;10.12;110.88771611544075
976;27.14;57.63687487577013
35;153.76;134.37353889802137
679;280.31;81.85662962030639
941;222.36;60.49105472781986
236;35.22;117.98239174767865
677;96.52;82.0197256118521
971;32.72;58.04461485463439
570;21.26;90.74536115954697
593;31.07;88.86975725677144
277;46.43;114.63892392099183
432;57.16;101.99898457620017
800;214.05;71.98932213179162
35;33.23;134.37353889802137
400;70.23;104.60852044093136
42;19.65;133.80270292761142
767;10.86;74.68040599229565
297;7.09;113.00796400553483
946;72.48;60.083314748955615
40;80.54;133.96579891915712
487;238.36;97.51384480869346
880;88.07;65.46548246996367
67;55.57;131.76400303329018
7;34.76;136.65688277966115
920;17.4;62.20356263904969
519;1.92;94.90430894396229
136;168.1;126.13719132496358
11;0.84;136.33069079656974
110;60.73;128.25743921505767
1;7.0;137.14617075429825
679;9.85;81.85662962030639
678;5.64;81.93817761607923
703;78.22;79.899477721758
93;81.42;129.6437551431961
266;13.96;115.53595187449316
497;28.19;96.69836485096496
879;95.28;65.54703046573653
158;0.46;124.3431354179609
49;59.16;133.23186695720148
143;6.58;125.56635535455364
55;8.72;132.74257898256437
732;6.53;77.53458584434537
833;13.73;69.29823827128759
46;39.32;133.47651094452002
459;1.8;99.79718869033324
638;2.33;85.20009744699321
159;24.98;124.26158742218804
439;142.21;101.42814860579023
375;17.17;106.64722033525258
463;8.02;99.47099670724185
215;4.91;119.69489965890848
150;30.54;124.99551938414369
64;0.77;132.00864702060872
655;21.59;83.81378151885477
880;38.85;65.46548246996367
164;72.33;123.8538474433238
30;204.57;134.7812788768856
34;70.71;134.4550868937942
740;0.23;76.88220187816259
28;109.0;134.9443748684313
1;73.56;137.14617075429825
948;1.78;59.92021875740991
620;28.21;86.6679613709045
38;91.53;134.12889491070283
453;29.63;100.28647666497034
21;0.82;135.51521083884126
44;61.32;133.63960693606572
312;33.39;111.7847440689421
44;264.87;133.63960693606572
758;14.09;75.4143379542513
171;0.27;123.28301147291386
876;249.23;65.79167445305507
627;15.97;86.09712540049455
100;2.13;129.07291917278616
577;21.29;90.17452518913703
666;1.08;82.91675356535343
278;51.61;114.55737592521898
350;9.28;108.68592022957382
7;7.76;136.65688277966115
195;82.89;121.32585957436547
186;1.51;122.05979153632111
837;60.09;68.9720462881962
992;211.78;56.332106943404554
6;1.19;136.73843077543398
908;9.97;63.182138588323895
9;6.58;136.49378678811544
154;162.35;124.6693274010523
11;5.47;136.33069079656974
427;102.68;102.40672455506441
435;190.91;101.75434058888163
463;6.28;99.47099670724185
36;4.63;134.29199090224853
825;22.79;69.95062223747038
193;77.59;121.48895556591117
35;30.98;134.37353889802137
209;267.5;120.18418763354558
33;22.59;134.53663488956707
501;222.16;96.37217286787357
156;127.84;124.5062314095066
688;63.33;81.12269765835075
488;22.99;97.43229681292061
430;1.64;102.16208056774587
561;111.62;91.47929312150262
493;42.97;97.02455683405637
323;1.3;110.88771611544075
56;68.53;132.66103098679153
361;75.02;107.78889227607249
658;166.68;83.56913753153623
333;59.91;110.07223615771227
370;23.18;107.05496031411684
933;87.95;61.143438694002654
710;111.31;79.32864175134806
15;194.77;136.00449881347836
16;9.26;135.9229508177055
983;1.05;57.06603890536019
6;21.62;136.73843077543398
407;1.22;104.03768447052141
925;159.82;61.79582266018545
142;157.24;125.64790335032649
664;114.52;83.07984955689912
234;116.46;118.14548773922435
696;100.57;80.47031369216795
430;1.85;102.16208056774587
17;4854.68;135.84140282193266
3;1.25;136.98307476275255
34;16.49;134.4550868937942
925;35.28;61.79582266018545
823;253.47;70.11371822901609
991;3.96;56.41365493917739
89;204.95;129.9699471262875
21;0.98;135.51521083884126
799;8.41;72.07087012756448
311;86.54;111.86629206471494
192;80.83;121.57050356168402
905;107.86;63.426782575642434
44;8.79;133.63960693606572
876;8.35;65.79167445305507
598;2.35;88.4620172779072
38;1635.84;134.12889491070283
787;0.63;73.04944607683866
7;1.73;136.65688277966115
264;96.41;115.69904786603887
981;30.15;57.22913489690589
938;32.83;60.73569871513841
94;153.83;129.56220714742327
854;180.26;67.58573036005775
348;15.43;108.84901622111951
188;22.93;121.89669554477541
341;164.42;109.41985219152946
507;0.24;95.88288489323648
293;124.11;113.33415598862624
25;5.21;135.18901885574985
520;1.21;94.82276094818943
143;28.34;125.56635535455364
836;32.7;69.05359428396905
22;24.92;135.43366284306842
959;70.93;59.02319080390858
38;67.74;134.12889491070283
550;227.92;92.37632107500396
114;11.46;127.93124723196627
764;13.76;74.92504997961419
539;20.64;93.2733490285053
671;54.95;82.50901358648917
37;23.33;134.21044290647566
407;5.29;104.03768447052141
989;3.84;56.576750930723094
367;1.61;107.29960430143538
790;1.41;72.80480208952011
37;31.52;134.21044290647566
37;1.24;134.21044290647566
789;7.62;72.88635008529296
223;1.29;119.04251569272569
140;123.82;125.81099934187219
472;165.34;98.7370647452862
911;35.6;62.93749460100534
294;30.95;113.25260799285338
33;144.21;134.53663488956707
184;89.08;122.22288752786682
842;94.19;68.56430630933195
417;78.73;103.22220451279291
502;22.6;96.29062487210072
44;6.38;133.63960693606572
6;17.83;136.73843077543398
551;1.25;92.2947730792311
509;10.2;95.71978890169078
200;237.58;120.91811959550122
315;24.04;111.54010008162355
113;0.95;128.0127952277391
527;25.94;94.25192497777948
915;1.31;62.61130261791395
6;57.75;136.73843077543398
808;1561.79;71.33693816560883
36;251.97;134.29199090224853
839;104.63;68.8089502966505
771;180.55;74.35421400920424
470;183.73;98.90016073683191
692;2.14;80.79650567525934
45;0.94;133.55805894029288
37;1.41;134.21044290647566
42;65.24;133.80270292761142
642;11.84;84.87390546390182
680;1.27;81.77508162453354
678;251.56;81.93817761607923
428;1.31;102.32517655929158
38;43.81;134.12889491070283
848;1.19;68.07501833469485
40;156.65;133.96579891915712
142;1.42;125.64790335032649
682;264.76;81.61198563298784
651;4.98;84.13997350194617
399;11.66;104.6900684367042
382;25.61;106.07638436484264
886;150.5;64.97619449532658
89;16.79;129.9699471262875
673;1.43;82.34591759494349
671;59.19;82.50901358648917
514;20.93;95.31204892282653
142;18.62;125.64790335032649
801;149.27;71.90777413601877
138;17.31;125.97409533341788
374;133.95;106.72876833102544
591;16.12;89.03285324831714
864;19.07;66.77025040232927
331;0.48;110.23533214925796
17;16.47;135.84140282193266
276;93.56;114.72047191676467
470;51.19;98.90016073683191
15;1412.0;136.00449881347836
760;149.01;75.25124196270559
360;29.66;107.87044027184533
59;25.85;132.416386999473
7;1.12;136.65688277966115
14;133.42;136.0860468092512
33;72.42;134.53663488956707
98;1534.79;129.23601516433186
846;235.82;68.23811432624055
599;5.62;88.38046928213433
388;231.0;105.58709639020555
705;32.9;79.73638173021232
528;38.25;94.17037698200664
778;26.27;73.7833780387943
937;267.39;60.81724671091126
27;233.97;135.02592286420415
951;8.1;59.67557477009137
49;283.13;133.23186695720148
382;0.86;106.07638436484264
649;29.5;84.30306949349188
747;35.74;76.31136590775264
934;30.86;61.0618906982298
982;95.11;57.14758690113304
556;66.41;91.88703310036686
176;0.84;122.87527149404961
341;1.08;109.41985219152946
33;7.82;134.53663488956707
454;30.54;100.2049286691975
19;22.7;135.67830683038696
187;27.68;121.97824354054826
991;4.26;56.41365493917739
130;1.73;126.62647929960067
19;86.52;135.67830683038696
199;64.45;120.99966759127408
904;9.53;63.508330571415286
440;123.39;101.34660061001739
678;32.44;81.93817761607923
607;25.98;87.72808531595155
893;0.3;64.40535852491664
493;67.97;97.02455683405637
275;1.47;114.80201991253753
49;4.53;133.23186695720148
644;9.64;84.71080947235612
401;218.79;104.5269724451585
647;61.54;84.46616548503758
281;16.68;114.31273193790042
14;32.06;136.0860468092512
19;6.96;135.67830683038696
308;226.48;112.1109360520335
406;22.24;104.11923246629425
599;187.73;88.38046928213433
288;36.62;113.74189596749048
618;7.77;86.8310573624502
601;33.4;88.21737329058864
32;82.27;134.6181828853399
36;0.82;134.29199090224853
251;57.47;116.7591718110859
324;58.46;110.8061681196679
276;69.57;114.72047191676467
434;24.69;101.83588858465447
389;56.66;105.5055483944327
145;0.79;125.40325936300793
202;0.9;120.75502360395552
794;6.63;72.47861010642872
741;234.83;76.80065388238972
712;268.87;79.16554575980237
44;183.2;133.63960693606572
2;94.13;137.0646227585254
260;75.52;116.02523984913026
435;67.62;101.75434058888163
70;10.38;131.51935904597164
437;75.43;101.59124459733593
89;26.81;129.9699471262875
429;239.91;102.24362856351873
836;32.71;69.05359428396905
623;17.69;86.42331738358595
438;12.87;101.50969660156308
800;30.43;71.98932213179162
891;86.42;64.56845451646232
979;18.92;57.39223088845159
32;85.9;134.6181828853399
448;32.75;100.69421664383458
296;187.87;113.08951200130768
967;21.03;58.37080683772578
342;11.92;109.33830419575662
560;25.86;91.56084111727546
510;7.82;95.63824090591793
350;26.48;108.68592022957382
23;78.59;135.35211484729555
586;20.57;89.44059322718138
15;34.13;136.00449881347836
19;84.71;135.67830683038696
457;25.12;99.96028468187895
22;1.44;135.43366284306842
5;4.44;136.81997877120685
875;97.01;65.87322244882792
776;223.58;73.94647403034
745;17.97;76.47446189929833
13;77.78;136.16759480502404
520;1.25;94.82276094818943
219;5.49;119.36870767581709
508;248.65;95.80133689746363
829;4.57;69.62443025437899
337;1.11;109.74604417462086
309;35.31;112.02938805626064
186;185.94;122.05979153632111
35;4.82;134.37353889802137
233;1.56;118.2270357349972
8;1.48;136.5753347838883
615;32.41;87.07570134976875
239;0.7;117.7377477603601
33;14.32;134.53663488956707
940;118.13;60.57260272359271
245;198.54;117.248459785723
306;269.12;112.2740320435792
16;5.82;135.9229508177055
933;16.8;61.143438694002654
266;137.93;115.53595187449316
520;12.5;94.82276094818943
964;86.58;58.615450825044334
664;214.48;83.07984955689912
785;0.24;73.21254206838437
388;1.53;105.58709639020555
11;1.47;136.33069079656974
600;1.44;88.29892128636149
9;14.8;136.49378678811544
136;32.15;126.13719132496358
73;34.01;131.2747150586531
267;167.6;115.45440387872031
470;111.07;98.90016073683191
463;35.19;99.47099670724185
910;281.3;63.01904259677819
1;283.6;137.14617075429825
42;5.84;133.80270292761142
294;26.52;113.25260799285338
609;7.21;87.56498932440584
358;197.27;108.03353626339103
782;242.63;73.4571860557029
662;4.42;83.24294554844482
236;222.0;117.98239174767865
48;16.37;133.3134149529743
47;28.33;133.39496294874718
748;53.72;76.22981791197978
504;28.57;96.12752888055502
872;117.38;66.11786643614647
879;25.96;65.54703046573653
370;29.41;107.05496031411684
44;22.38;133.63960693606572
477;6.33;98.32932476642196
310;43.24;111.94784006048779
416;28.1;103.30375250856576
811;1.78;71.09229417829027
265;1.29;115.61749987026602
614;9.98;87.1572493455416
668;7.92;82.75365757380774
571;90.36;90.66381316377411
42;138.93;133.80270292761142
751;29.41;75.98517392466124
29;241.79;134.86282687265847
61;172.26;132.2532910079273
913;202.41;62.77439860945964
854;224.68;67.58573036005775
608;8.41;87.6465373201787
5;32.7;136.81997877120685
599;26.75;88.38046928213433
29;222.89;134.86282687265847
801;44.75;71.90777413601877
566;1.24;91.07155314263836
786;1.38;73.13099407261151
141;248.69;125.72945134609934
61;218.1;132.2532910079273
185;29.26;122.14133953209397
772;65.8;74.2726660134314
372;18.45;106.89186432257114
1;78.86;137.14617075429825
371;49.9;106.97341231834399
950;11.95;59.757122765864224
770;8.56;74.43576200497711
218;0.83;119.45025567158993
872;6.14;66.11786643614647
227;245.47;118.7163237096343
643;79.78;84.79235746812897
1;29.52;137.14617075429825
675;16.83;82.1828216033978
248;27.69;117.00381579840446
113;16.04;128.0127952277391
30;34.51;134.7812788768856
5;27.66;136.81997877120685
33;4.89;134.53663488956707
49;79.39;133.23186695720148
332;57.48;110.1537841534851
92;1.05;129.72530313896894
210;12.46;120.10263963777273
48;31.79;133.3134149529743
920;56.2;62.20356263904969
918;239.22;62.366658630595396
869;13.04;66.36251042346501
739;14.49;76.96374987393543
916;12.64;62.5297546221411
450;26.1;100.53112065228889
764;109.9;74.92504997961419
97;28.23;129.3175631601047
17;253.35;135.84140282193266
223;2.29;119.04251569272569
819;23.26;70.43991021210748
491;18.66;97.18765282560207
302;14.36;112.60022402667059
2;83.99;137.0646227585254
14;168.79;136.0860468092512
884;2.31;65.13929048687227
55;26.87;132.74257898256437
962;72.95;58.77854681659002
27;6.63;135.02592286420415
937;0.82;60.81724671091126
32;8.53;134.6181828853399
188;2.17;121.89669554477541
289;7.69;113.66034797171763
849;129.51;67.99347033892201
329;36.49;110.39842814080366
321;56.86;111.05081210698646
244;17.36;117.33000778149585
773;43.58;74.19111801765855
335;311.16;109.90914016616657
540;0.75;93.19180103273246
20;57.66;135.5967588346141
216;167.82;119.61335166313563
689;25.43;81.0411496625779
267;85.9;115.45440387872031
246;7.64;117.16691178995015
421;306.33;102.89601252970152
198;29.33;121.08121558704693
496;12.28;96.77991284673783
687;51.99;81.2042456541236
687;237.36;81.2042456541236
219;91.02;119.36870767581709
41;29.72;133.88425092338426
37;18.46;134.21044290647566
941;0.78;60.49105472781986
372;36.26;106.89186432257114
514;16.3;95.31204892282653
732;227.36;77.53458584434537
217;249.13;119.53180366736278
413;38.67;103.5483964958843
480;6.47;98.08468077910341
742;60.42;76.71910588661689
37;1.84;134.21044290647566
904;5.51;63.508330571415286
373;34.94;106.81031632679829
11;253.1;136.33069079656974
102;75.17;128.90982318124045
354;23.1;108.35972824648243
598;33.66;88.4620172779072
542;2.33;93.02870504118675
832;1.24;69.37978626706044
11;10.45;136.33069079656974
42;81.43;133.80270292761142
59;63.2;132.416386999473
843;179.69;68.4827583135591
45;29.79;133.55805894029288
803;90.23;71.74467814447307
66;0.89;131.84555102906305
797;36.99;72.23396611911016
812;15.05;71.01074618251742
593;38.23;88.86975725677144
874;59.69;65.95477044460077
963;8.94;58.69699882081717
902;19.09;63.67142656296099
205;34.08;120.51037961663698
812;94.66;71.01074618251742
154;21.7;124.6693274010523
269;227.49;115.29130788717461
584;2.13;89.60368921872708
915;144.77;62.61130261791395
791;15.06;72.72325409374726
361;18.54;107.78889227607249
186;235.64;122.05979153632111
503;136.26;96.20907687632787
858;35.04;67.25953837696636
516;15.37;95.14895293128083
48;29.99;133.3134149529743
50;89.31;133.15031896142864
749;0.82;76.14826991620694
290;61.58;113.57879997594478
432;222.45;101.99898457620017
374;106.04;106.72876833102544
995;11.78;56.087462956086
762;199.99;75.08814597115989
277;26.44;114.63892392099183
579;1.1;90.01142919759133
989;243.28;56.576750930723094
14;0.3;136.0860468092512
668;165.09;82.75365757380774
491;10.9;97.18765282560207
616;27.53;86.9941533539959
898;41.73;63.99761854605238
33;0.88;134.53663488956707
757;1.91;75.49588595002413
368;227.45;107.21805630566254
301;21.14;112.68177202244344
747;0.87;76.31136590775264
884;2.38;65.13929048687227
465;269.74;99.30790071569615
704;12.08;79.81792972598515
198;75.44;121.08121558704693
157;63.56;124.42468341373375
12;57.16;136.2491428007969
17;119.12;135.84140282193266
702;2.23;79.98102571753085
431;18.55;102.08053257197302
157;29.54;124.42468341373375
739;159.8;76.96374987393543
36;37.55;134.29199090224853
618;22.33;86.8310573624502
698;18.73;80.30721770062226
195;8.91;121.32585957436547
247;5.65;117.08536379417731
932;0.47;61.224986689775506
759;4.54;75.33278995847844
402;16.41;104.44542444938565
84;157.21;130.37768710515175
236;1.35;117.98239174767865
262;232.02;115.86214385758456
135;9.77;126.21873932073643
803;43.44;71.74467814447307
46;6.88;133.47651094452002
461;7.41;99.63409269878755
213;7.2;119.85799565045419
58;6.78;132.49793499524583
114;47.83;127.93124723196627
220;42.37;119.28715968004424
15;208.21;136.00449881347836
871;4.16;66.19941443191932
452;131.88;100.36802466074319
97;52.53;129.3175631601047
139;38.48;125.89254733764503
884;77.92;65.13929048687227
5;190.34;136.81997877120685
524;82.02;94.49656896509804
100;63.53;129.07291917278616
133;8.33;126.38183531228213
28;220.57;134.9443748684313
85;12.67;130.29613910937888
868;393.17;66.44405841923786
323;2.32;110.88771611544075
703;9.99;79.899477721758
27;56.4;135.02592286420415
156;20.81;124.5062314095066
999;19.02;55.76127097299461
46;7.42;133.47651094452002
22;336.02;135.43366284306842
187;46.69;121.97824354054826
500;63.72;96.45372086364642
784;137.0;73.29409006415722
653;151.79;83.97687751040047
572;114.77;90.58226516800127
770;23.89;74.43576200497711
661;22.63;83.32449354421769
391;24.66;105.342452402887
46;46.43;133.47651094452002
6;1.02;136.73843077543398
49;1.42;133.23186695720148
504;12.91;96.12752888055502
713;4.84;79.0839977640295
647;15.99;84.46616548503758
361;32.76;107.78889227607249
15;21.03;136.00449881347836
681;31.27;81.69353362876069
783;0.27;73.37563805993005
26;245.46;135.107470859977
178;91.19;122.71217550250391
167;129.87;123.60920345600525
847;4.58;68.1565663304677
384;4.58;105.91328837329695
447;0.29;100.77576463960744
92;222.5;129.72530313896894
101;25.67;128.99137117701332
699;107.78;80.2256697048494
322;67.21;110.9692641112136
131;0.52;126.54493130382782
337;55.01;109.74604417462086
800;92.44;71.98932213179162
838;37.68;68.89049829242335
153;11.54;124.75087539682514
10;26.58;136.4122387923426
78;79.68;130.86697507978883
94;41.23;129.56220714742327
274;68.21;114.88356790831037
124;10.69;127.11576727423777
397;93.42;104.8531644282499
436;96.87;101.67279259310878
23;56.56;135.35211484729555
422;1.06;102.81446453392867
239;15.04;117.7377477603601
128;23.97;126.78957529114638
702;188.08;79.98102571753085
20;51.86;135.5967588346141
365;245.6;107.46270029298108
93;1.54;129.6437551431961
8;11.15;136.5753347838883
515;1.47;95.23050092705368
29;1.32;134.86282687265847
41;23.99;133.88425092338426
248;336.6;117.00381579840446
360;2.2;107.87044027184533
1;11.77;137.14617075429825
580;13.06;89.92988120181847
630;136.44;85.85248141317601
507;51.98;95.88288489323648
782;4.65;73.4571860557029
5;282.26;136.81997877120685
747;266.54;76.31136590775264
14;273.26;136.0860468092512
757;24.8;75.49588595002413
113;136.82;128.0127952277391
134;9.96;126.30028731650928
280;0.76;114.39427993367327
478;8.8;98.24777677064911
991;16.1;56.41365493917739
964;281.09;58.615450825044334
423;20.83;102.73291653815582
49;252.39;133.23186695720148
243;13.36;117.4115557772687
36;241.86;134.29199090224853
30;15.9;134.7812788768856
202;151.03;120.75502360395552
1000;246.43;55.67972297722176
297;35.37;113.00796400553483
547;99.61;92.62096506232251
854;1.86;67.58573036005775
229;157.77;118.55322771808859
411;49.71;103.71149248743001
339;222.03;109.58294818307516
327;39.86;110.56152413234936
735;178.68;77.28994185702683
873;1.2;66.03631844037362
823;28.75;70.11371822901609
811;171.69;71.09229417829027
395;88.69;105.0162604197956
854;74.88;67.58573036005775
751;38.88;75.98517392466124
257;26.01;116.26988383644881
134;7.1;126.30028731650928
678;71.51;81.93817761607923
17;23.65;135.84140282193266
178;84.23;122.71217550250391
642;30.94;84.87390546390182
639;138.18;85.11854945122036
887;65.34;64.89464649955373
22;11.73;135.43366284306842
871;284.0;66.19941443191932
579;416.77;90.01142919759133
852;24.27;67.74882635160346
173;281.34;123.11991548136815
816;34.55;70.68455419942603
751;1632.71;75.98517392466124
740;1.29;76.88220187816259
261;0.79;115.94369185335742
783;34.89;73.37563805993005
428;134.18;102.32517655929158
567;1.37;90.99000514686551
309;1634.46;112.02938805626064
909;17.6;63.10059059255104
222;4100.31;119.12406368849854
802;11.88;71.82622614024592
509;0.42;95.71978890169078
986;159.07;56.82139491804165
448;46.95;100.69421664383458
958;0.82;59.10473879968143
209;19.82;120.18418763354558
92;30.71;129.72530313896894
210;86.85;120.10263963777273
280;29.8;114.39427993367327
290;1.24;113.57879997594478
148;12.95;125.1586153756894
107;16.96;128.5020832023762
882;72.91;65.30238647841797
878;135.28;65.62857846150938
976;26.64;57.63687487577013
16;82.08;135.9229508177055
138;19.92;125.97409533341788
632;1534.05;85.6893854216303
46;17.01;133.47651094452002
16;196.82;135.9229508177055
180;47.18;122.54907951095821
504;20.12;96.12752888055502
3;27.93;136.98307476275255
13;69.4;136.16759480502404
895;33.06;64.24226253337093
33;0.98;134.53663488956707
800;28.16;71.98932213179162
159;74.59;124.26158742218804
636;6.06;85.36319343853891
50;8.57;133.15031896142864
366;39.41;107.38115229720823
794;45.97;72.47861010642872
28;19.72;134.9443748684313
411;114.42;103.71149248743001
510;176.89;95.63824090591793
9;256.93;136.49378678811544
825;268.9;69.95062223747038
865;1275.01;66.68870240655642
808;245.5;71.33693816560883
20;1.08;135.5967588346141
328;84.56;110.47997613657651
531;1.76;93.92573299468809
642;280.49;84.87390546390182
53;23.36;132.90567497411007
23;283.21;135.35211484729555
30;26.68;134.7812788768856
762;79.45;75.08814597115989
267;21.34;115.45440387872031
15;180.7;136.00449881347836
36;12.66;134.29199090224853
582;75.81;89.76678521027279
924;117.65;61.8773706559583
990;23.24;56.49520293495024
716;41.74;78.83935377671096
596;67.04;88.62511326945288
454;183.23;100.2049286691975
21;1.32;135.51521083884126
389;181.68;105.5055483944327
16;4.21;135.9229508177055
409;61.75;103.87458847897571
18;1.63;135.7598548261598
153;0.77;124.75087539682514
240;25.5;117.65619976458726
352;314.26;108.52282423802812
281;12.56;114.31273193790042
3;32.28;136.98307476275255
692;151.36;80.79650567525934
623;141.55;86.42331738358595
911;33.83;62.93749460100534
32;21.78;134.6181828853399
24;148.28;135.27056685152272
885;144.97;65.05774249109943
442;225.81;101.18350461847169
965;76.3;58.53390282927148
10;31.41;136.4122387923426
22;4.67;135.43366284306842
14;12.71;136.0860468092512
797;222.45;72.23396611911016
635;103.23;85.44474143431177
614;2.28;87.1572493455416
675;266.68;82.1828216033978
53;1239.9;132.90567497411007
813;96.13;70.92919818674459
887;84.91;64.89464649955373
525;13.14;94.41502096932518
805;18.51;71.58158215292737
580;8.03;89.92988120181847
4;6.76;136.90152676697969
922;33.85;62.040466647504005
52;34.2;132.98722296988294
10;75.91;136.4122387923426
372;8.43;106.89186432257114
394;31.81;105.09780841556845
154;22.25;124.6693274010523
933;118.73;61.143438694002654
682;32.5;81.61198563298784
35;277.68;134.37353889802137
527;5.69;94.25192497777948
920;0.5;62.20356263904969
45;223.59;133.55805894029288
270;93.56;115.20975989140177
734;28.83;77.37148985279967
567;61.27;90.99000514686551
278;1370.15;114.55737592521898
396;13.68;104.93471242402276
903;0.47;63.58987856718814
978;24.02;57.473778884224444
461;17.83;99.63409269878755
879;18.2;65.54703046573653
371;266.1;106.97341231834399
732;1.1;77.53458584434537
533;102.93;93.7626370031424
190;99.02;121.73359955322971
222;11.2;119.12406368849854
488;26.95;97.43229681292061
843;0.26;68.4827583135591
16;11.08;135.9229508177055
462;27.26;99.55254470301469
12;22.78;136.2491428007969
644;1.53;84.71080947235612
43;6.38;133.72115493183856
811;18.82;71.09229417829027
415;0.74;103.38530050433862
578;26.65;90.09297719336416
387;12.96;105.6686443859784
972;254.12;57.96306685886154
266;24.09;115.53595187449316
15;1.42;136.00449881347836
438;2.03;101.50969660156308
18;35.87;135.7598548261598
451;7.8;100.44957265651604
269;30.81;115.29130788717461
323;258.7;110.88771611544075
50;175.29;133.15031896142864
11;1.62;136.33069079656974
41;23.11;133.88425092338426
125;7.32;127.03421927846492
905;69.64;63.426782575642434
734;11.2;77.37148985279967
448;32.58;100.69421664383458
247;0.79;117.08536379417731
17;236.99;135.84140282193266
220;225.91;119.28715968004424
14;0.74;136.0860468092512
821;18.41;70.27681422056179
29;213.85;134.86282687265847
362;111.94;107.70734428029962
266;21.33;115.53595187449316
28;96.52;134.9443748684313
419;26.21;103.05910852124723
999;146.98;55.76127097299461
594;82.86;88.78820926099858
228;63.28;118.63477571386144
644;12.89;84.71080947235612
542;1.09;93.02870504118675
233;1.05;118.2270357349972
59;6.78;132.416386999473
10;21.65;136.4122387923426
227;142.25;118.7163237096343
849;25.6;67.99347033892201
287;6.41;113.82344396326333
10;60.47;136.4122387923426
345;191.94;109.09366020843807
407;18.52;104.03768447052141
19;0.84;135.67830683038696
889;57.33;64.73155050800803
741;43.84;76.80065388238972
21;0.68;135.51521083884126
842;7.45;68.56430630933195
226;6.44;118.79787170540715
48;6.69;133.3134149529743
875;0.47;65.87322244882792
59;27.27;132.416386999473
36;95.97;134.29199090224853
603;72.99;88.05427729904294
549;36.21;92.45786907077681
498;19.62;96.61681685519213
585;43.01;89.52214122295422
966;154.65;58.45235483349863
31;16.41;134.69973088111277
70;67.03;131.51935904597164
29;77.48;134.86282687265847
571;1.03;90.66381316377411
966;71.52;58.45235483349863
37;218.06;134.21044290647566
318;4250.55;111.295456094305
396;241.18;104.93471242402276
937;22.07;60.81724671091126
621;12.8;86.58641337513166
870;151.06;66.28096242769216
882;41.19;65.30238647841797
895;109.91;64.24226253337093
17;24.66;135.84140282193266
1;19.44;137.14617075429825
391;1.38;105.342452402887
649;175.82;84.30306949349188
49;4.25;133.23186695720148
443;13.07;101.10195662269884
708;21.36;79.49173774289376
27;1555.51;135.02592286420415
722;287.5;78.35006580207387
40;87.07;133.96579891915712
42;121.57;133.80270292761142
842;21.12;68.56430630933195
508;1.82;95.80133689746363
194;6.91;121.40740757013832
28;0.98;134.9443748684313
368;22.74;107.21805630566254
33;71.88;134.53663488956707
301;29.96;112.68177202244344
714;175.36;79.00244976825667
285;57.58;113.98653995480903
610;46.68;87.48344132863299
343;78.94;109.25675619998377
8;210.7;136.5753347838883
452;21.12;100.36802466074319
2;4.28;137.0646227585254
937;8.4;60.81724671091126
445;21.65;100.93886063115313
38;8.2;134.12889491070283
864;0.75;66.77025040232927
151;28.23;124.91397138837084
805;268.36;71.58158215292737
32;1.31;134.6181828853399
11;22.63;136.33069079656974
242;8.06;117.49310377304155
213;10.0;119.85799565045419
108;0.82;128.42053520660338
513;254.92;95.39359691859937
344;28.86;109.17520820421092
34;12.57;134.4550868937942
722;31.57;78.35006580207387
18;97.94;135.7598548261598
62;7.76;132.17174301215442
268;1.68;115.37285588294748
13;25.65;136.16759480502404
924;224.03;61.8773706559583
540;5.89;93.19180103273246
306;0.95;112.2740320435792
985;53.66;56.9029429138145
90;20.96;129.88839913051464
174;33.61;123.0383674855953
271;8.09;115.12821189562892
907;75.26;63.263686584096746
537;79.78;93.436445020051
919;34.41;62.285110634822544
85;28.94;130.29613910937888
7;190.72;136.65688277966115
194;81.79;121.40740757013832
255;24.02;116.4329798279945
358;0.88;108.03353626339103
661;14.24;83.32449354421769
4;10.81;136.90152676697969
436;39.68;101.67279259310878
33;64.49;134.53663488956707
385;7.55;105.8317403775241
371;1.24;106.97341231834399
857;160.73;67.34108637273921
751;17.55;75.98517392466124
37;26.64;134.21044290647566
99;213.03;129.154467168559
561;136.89;91.47929312150262
122;22.57;127.27886326578347
15;19.56;136.00449881347836
28;37.09;134.9443748684313
36;21.66;134.29199090224853
36;102.88;134.29199090224853
465;36.21;99.30790071569615
28;96.15;134.9443748684313
194;7.13;121.40740757013832
668;1.84;82.75365757380774
686;140.98;81.28579364989645
687;3.89;81.2042456541236
31;280.76;134.69973088111277
37;0.98;134.21044290647566
48;58.88;133.3134149529743
169;9.97;123.44610746445956
137;10.51;126.05564332919073
829;64.06;69.62443025437899
366;6.52;107.38115229720823
939;1.08;60.65415071936556
910;2.47;63.01904259677819
328;5.33;110.47997613657651
139;5.81;125.89254733764503
360;5.53;107.87044027184533
185;38.57;122.14133953209397
335;201.5;109.90914016616657
889;78.32;64.73155050800803
943;1.09;60.32795873627417
680;135.44;81.77508162453354
821;11.0;70.27681422056179
233;169.0;118.2270357349972
533;31.06;93.7626370031424
41;42.82;133.88425092338426
719;7.33;78.59470978939243
37;279.34;134.21044290647566
741;195.99;76.80065388238972
615;139.43;87.07570134976875
99;1.27;129.154467168559
45;8.28;133.55805894029288
21;78.83;135.51521083884126
238;25.53;117.81929575613295
36;30.41;134.29199090224853
348;28.95;108.84901622111951
300;71.73;112.76332001821629
8;1.17;136.5753347838883
817;10.81;70.60300620365318
26;45.09;135.107470859977
384;5.97;105.91328837329695
4;10.94;136.90152676697969
808;14.78;71.33693816560883
676;1348.15;82.10127360762493
17;114.93;135.84140282193266
562;1.33;91.39774512572976
163;35.66;123.93539543909665
46;17.52;133.47651094452002
570;2.61;90.74536115954697
26;0.7;135.107470859977
28;285.15;134.9443748684313
939;73.09;60.65415071936556
563;13.54;91.31619712995692
902;9.49;63.67142656296099
483;186.36;97.84003679178485
602;267.74;88.13582529481579
503;30.23;96.20907687632787
711;195.96;79.24709375557521
269;1309.17;115.29130788717461
48;7.76;133.3134149529743
27;18.1;135.02592286420415
53;16.8;132.90567497411007
368;70.3;107.21805630566254
496;1.83;96.77991284673783
166;60.2;123.6907514517781
20;31.0;135.5967588346141
979;38.16;57.39223088845159
991;18.67;56.41365493917739
477;234.89;98.32932476642196
361;119.43;107.78889227607249
92;124.1;129.72530313896894
983;6.81;57.06603890536019
518;70.88;94.98585693973513
205;83.46;120.51037961663698
89;1.13;129.9699471262875
43;11.08;133.72115493183856
50;90.24;133.15031896142864
224;243.93;118.96096769695284
14;82.95;136.0860468092512
16;10.75;135.9229508177055
10;1.08;136.4122387923426
453;98.11;100.28647666497034
837;101.64;68.9720462881962
2;93.27;137.0646227585254
464;26.37;99.389448711469
12;35.73;136.2491428007969
883;28.44;65.22083848264512
393;1.25;105.1793564113413
386;8.77;105.75019238175125
48;0.41;133.3134149529743
925;93.81;61.79582266018545
821;1.05;70.27681422056179
325;1.3;110.72462012389505
554;27.49;92.05012909191257
222;12.88;119.12406368849854
859;21.42;67.17799038119351
437;392.88;101.59124459733593
248;144.62;117.00381579840446
257;80.81;116.26988383644881
873;284.17;66.03631844037362
118;8.07;127.60505524887486
393;15.92;105.1793564113413
33;10.53;134.53663488956707
693;1.66;80.7149576794865
226;23.08;118.79787170540715
350;56.41;108.68592022957382
70;16.96;131.51935904597164
450;17.64;100.53112065228889
599;327.03;88.38046928213433
604;75.5;87.97272930327009
49;18.96;133.23186695720148
989;5.53;56.576750930723094
968;37.84;58.28925884195293
421;1.25;102.89601252970152
546;6.81;92.70251305809535
922;8.02;62.040466647504005
701;16.99;80.0625737133037
322;6.66;110.9692641112136
911;28.5;62.93749460100534
890;36.69;64.65000251223518
395;145.06;105.0162604197956
7;31.43;136.65688277966115
11;0.99;136.33069079656974
959;8.38;59.02319080390858
30;74.8;134.7812788768856
566;39.95;91.07155314263836
891;29.92;64.56845451646232
398;15.62;104.77161643247706
32;13.62;134.6181828853399
99;12.98;129.154467168559
13;0.73;136.16759480502404
15;19.08;136.00449881347836
633;17.72;85.60783742585747
48;19.29;133.3134149529743
660;22.5;83.40604153999053
643;1.35;84.79235746812897
994;1.13;56.16901095185885
885;79.73;65.05774249109943
43;2.79;133.72115493183856
947;127.72;60.001766753182764
801;60.73;71.90777413601877
60;32.87;132.33483900370013
87;11.5;130.1330431178332
712;27.24;79.16554575980237
447;36.47;100.77576463960744
17;88.53;135.84140282193266
215;4954.4;119.69489965890848
4;9.8;136.90152676697969
147;5.22;125.24016337146224
138;93.38;125.97409533341788
21;27.99;135.51521083884126
913;16.74;62.77439860945964
453;5.3;100.28647666497034
5;8.8;136.81997877120685
793;10.29;72.56015810220157
60;80.67;132.33483900370013
861;37.18;67.01489438964781
49;51.06;133.23186695720148
98;2.07;129.23601516433186
46;71.39;133.47651094452002
24;30.95;135.27056685152272
922;4.39;62.040466647504005
226;8.39;118.79787170540715
372;40.9;106.89186432257114
417;52.19;103.22220451279291
953;63.81;59.51247877854567
47;15.97;133.39496294874718
707;12.41;79.57328573866661
808;14.56;71.33693816560883
675;106.98;82.1828216033978
780;1.41;73.62028204724861
710;30.23;79.32864175134806
19;37.4;135.67830683038696
321;48.86;111.05081210698646
13;70.65;136.16759480502404
419;28.18;103.05910852124723
567;13.79;90.99000514686551
43;49.31;133.72115493183856
19;23.71;135.67830683038696
976;11.7;57.63687487577013
924;34.9;61.8773706559583
145;176.87;125.40325936300793
868;1.74;66.44405841923786
466;1.41;99.2263527199233
990;1.34;56.49520293495024
813;4.54;70.92919818674459
305;4.87;112.35558003935205
537;8.58;93.436445020051
552;22.6;92.21322508345825
38;23.05;134.12889491070283
318;38.72;111.295456094305
13;33.74;136.16759480502404
940;14.05;60.57260272359271
34;0.81;134.4550868937942
821;78.63;70.27681422056179
189;1.09;121.81514754900256
307;154.63;112.19248404780635
47;41.66;133.39496294874718
765;28.54;74.84350198384135
341;36.35;109.41985219152946
472;26.84;98.7370647452862
147;89.2;125.24016337146224
11;260.99;136.33069079656974
206;0.78;120.42883162086413
270;1.4;115.20975989140177
515;171.65;95.23050092705368
613;29.63;87.23879734131444
10;247.48;136.4122387923426
23;68.18;135.35211484729555
562;21.6;91.39774512572976
788;7.7;72.96789808106581
186;102.89;122.05979153632111
220;58.58;119.28715968004424
300;0.8;112.76332001821629
205;271.88;120.51037961663698
29;9.37;134.86282687265847
26;78.23;135.107470859977
134;7.57;126.30028731650928
32;23.75;134.6181828853399
31;78.88;134.69973088111277
248;4543.98;117.00381579840446
936;32.8;60.898794706684114
41;2.35;133.88425092338426
580;71.17;89.92988120181847
215;97.93;119.69489965890848
255;4.6;116.4329798279945
87;1.47;130.1330431178332
5;140.41;136.81997877120685
506;2.47;95.96443288900932
566;221.23;91.07155314263836
245;21.57;117.248459785723
10;22.55;136.4122387923426
663;22.23;83.16139755267199
53;17.11;132.90567497411007
616;7.59;86.9941533539959
180;4.7;122.54907951095821
387;19.97;105.6686443859784
62;5.65;132.17174301215442
778;20.78;73.7833780387943
697;28.32;80.3887656963951
143;30.94;125.56635535455364
542;94.21;93.02870504118675
744;218.99;76.55600989507118
391;84.08;105.342452402887
505;71.25;96.04598088478218
45;159.74;133.55805894029288
52;47.67;132.98722296988294
272;81.25;115.04666389985607
726;31.87;78.02387381898248
24;7.73;135.27056685152272
117;78.82;127.68660324464771
142;1.31;125.64790335032649
118;12.1;127.60505524887486
21;23.6;135.51521083884126
40;10.47;133.96579891915712
8;15.36;136.5753347838883
3;0.88;136.98307476275255
35;28.4;134.37353889802137
148;1.83;125.1586153756894
584;0.68;89.60368921872708
432;12.89;101.99898457620017
635;2.09;85.44474143431177
28;9.23;134.9443748684313
23;57.61;135.35211484729555
19;26.59;135.67830683038696
813;1.09;70.92919818674459
277;78.52;114.63892392099183
983;0.8;57.06603890536019
845;246.32;68.3196623220134
291;29.76;113.49725198017194
621;22.56;86.58641337513166
35;13.99;134.37353889802137
950;217.28;59.757122765864224
31;94.51;134.69973088111277
20;6.41;135.5967588346141
861;279.74;67.01489438964781
492;17.37;97.1061048298292
254;233.73;116.51452782376737
500;79.0;96.45372086364642
212;26.3;119.93954364622704
247;1.22;117.08536379417731
21;0.24;135.51521083884126
484;7.49;97.75848879601202
178;28.59;122.71217550250391
414;180.68;103.46684850011147
426;24.1;102.48827255083728
31;11.49;134.69973088111277
273;0.86;114.96511590408322
903;89.99;63.58987856718814
891;0.87;64.56845451646232
386;24.06;105.75019238175125
332;7.47;110.1537841534851
629;25.71;85.93402940894886
292;41.85;113.41570398439909
9;33.65;136.49378678811544
135;8.89;126.21873932073643
2;18.93;137.0646227585254
244;23.51;117.33000778149585
598;29.64;88.4620172779072
714;222.2;79.00244976825667
602;38.79;88.13582529481579
9;33.77;136.49378678811544
710;455.84;79.32864175134806
659;30.26;83.48758953576338
723;22.04;78.26851780630102
41;22.69;133.88425092338426
406;65.45;104.11923246629425
428;20.45;102.32517655929158
41;241.45;133.88425092338426
37;27.31;134.21044290647566
50;18.08;133.15031896142864
315;1.83;111.54010008162355
394;19.12;105.09780841556845
297;91.78;113.00796400553483
26;72.32;135.107470859977
13;86.71;136.16759480502404
108;12.08;128.42053520660338
3;1.2;136.98307476275255
582;27.07;89.76678521027279
986;7.93;56.82139491804165
739;23.33;76.96374987393543
97;22.51;129.3175631601047
951;35.75;59.67557477009137
23;456.33;135.35211484729555
133;25.96;126.38183531228213
8;0.74;136.5753347838883
676;70.1;82.10127360762493
446;30.59;100.85731263538028
500;94.01;96.45372086364642
12;1.42;136.2491428007969
461;30.07;99.63409269878755
9;0.72;136.49378678811544
95;25.83;129.4806591516504
311;20.72;111.86629206471494
49;2.26;133.23186695720148
626;19.8;86.17867339626741
543;1.11;92.9471570454139
33;35.23;134.53663488956707
14;237.41;136.0860468092512
260;46.74;116.02523984913026
30;30.84;134.7812788768856
330;0.85;110.31688014503081
906;5.38;63.3452345798696
42;27.56;133.80270292761142
600;48.35;88.29892128636149
47;7.56;133.39496294874718
836;42.85;69.05359428396905
81;52.47;130.6223310924703
25;19.43;135.18901885574985
50;4.72;133.15031896142864
606;27.34;87.80963331172438
342;66.27;109.33830419575662
47;1.2;133.39496294874718
451;21.71;100.44957265651604
651;198.46;84.13997350194617
47;96.68;133.39496294874718
29;34.45;134.86282687265847
48;250.23;133.3134149529743
132;37.84;126.46338330805497
185;174.05;122.14133953209397
785;317.86;73.21254206838437
294;1.53;113.25260799285338
724;47.47;78.18696981052817
14;5260.7;136.0860468092512
42;6.34;133.80270292761142
890;19.18;64.65000251223518
942;20.2;60.40950673204702
830;36.1;69.54288225860614
290;67.03;113.57879997594478
7;27.03;136.65688277966115
717;1.06;78.75780578093811
25;35.4;135.18901885574985
14;245.04;136.0860468092512
38;475.33;134.12889491070283
645;83.79;84.62926147658327
26;7.93;135.107470859977
9;16.61;136.49378678811544
46;90.48;133.47651094452002
820;39.03;70.35836221633464
685;1.15;81.36734164566928
763;14.58;75.00659797538705
199;6.4;120.99966759127408
624;5.17;86.3417693878131
20;35.04;135.5967588346141
191;114.07;121.65205155745687
39;39.17;134.04734691492996
599;165.46;88.38046928213433
407;1.61;104.03768447052141
225;13.45;118.87941970117998
574;123.18;90.41916917645557
819;164.01;70.43991021210748
81;34.98;130.6223310924703
811;0.79;71.09229417829027
34;268.34;134.4550868937942
32;67.21;134.6181828853399
565;115.47;91.15310113841122
893;195.15;64.40535852491664
205;210.47;120.51037961663698
877;236.64;65.71012645728221
724;153.13;78.18696981052817
775;34.87;74.02802202611285
80;9.91;130.70387908824316
6;6.55;136.73843077543398
34;120.43;134.4550868937942
614;1.29;87.1572493455416
451;7.57;100.44957265651604
263;63.43;115.78059586181172
979;61.29;57.39223088845159
27;147.49;135.02592286420415
43;67.86;133.72115493183856
50;167.07;133.15031896142864
318;213.17;111.295456094305
743;0.72;76.63755789084404
314;37.9;111.6216480773964
861;61.98;67.01489438964781
278;25.49;114.55737592521898
895;0.87;64.24226253337093
721;5.81;78.43161379784672
87;73.52;130.1330431178332
385;33.27;105.8317403775241
777;8.04;73.86492603456716
50;10.97;133.15031896142864
8;20.89;136.5753347838883
801;127.19;71.90777413601877
233;1.02;118.2270357349972
209;193.66;120.18418763354558
134;18.54;126.30028731650928
393;4.75;105.1793564113413
57;4763.86;132.57948299101866
574;0.72;90.41916917645557
914;1.39;62.6928506136868
11;206.6;136.33069079656974
784;68.37;73.29409006415722
554;39.54;92.05012909191257
891;4.97;64.56845451646232
18;119.77;135.7598548261598
46;162.13;133.47651094452002
51;44.37;133.06877096565577
519;8.38;94.90430894396229
793;205.38;72.56015810220157
977;60.7;57.55532687999728
14;122.81;136.0860468092512
889;1.38;64.73155050800803
636;5.89;85.36319343853891
761;75.21;75.16969396693275
609;25.91;87.56498932440584
278;31.14;114.55737592521898
610;25.41;87.48344132863299
882;155.35;65.30238647841797
757;4.31;75.49588595002413
265;67.67;115.61749987026602
934;1.41;61.0618906982298
46;262.72;133.47651094452002
47;29.87;133.39496294874718
371;1.61;106.97341231834399
186;230.14;122.05979153632111
876;37.9;65.79167445305507
20;123.62;135.5967588346141
11;60.28;136.33069079656974
30;215.53;134.7812788768856
860;91.29;67.09644238542066
969;227.66;58.20771084618008
102;74.74;128.90982318124045
20;0.71;135.5967588346141
15;73.31;136.00449881347836
511;37.98;95.55669291014507
966;24.9;58.45235483349863
956;10.35;59.26783479122713
906;289.35;63.3452345798696
370;40.45;107.05496031411684
704;1.03;79.81792972598515
887;36.92;64.89464649955373
402;16.17;104.44542444938565
17;275.63;135.84140282193266
227;85.42;118.7163237096343
822;116.02;70.19526622478894
300;1.03;112.76332001821629
24;130.32;135.27056685152272
758;7.67;75.4143379542513
391;6.49;105.342452402887
524;83.26;94.49656896509804
570;27.57;90.74536115954697
553;5.09;92.1316770876854
58;80.54;132.49793499524583
643;100.31;84.79235746812897
42;1.08;133.80270292761142
42;12.31;133.80270292761142
25;22.29;135.18901885574985
582;107.69;89.76678521027279
1;34.81;137.14617075429825
349;181.31;108.76746822534668
96;14.65;129.39911115587756
986;28.33;56.82139491804165
944;64.58;60.24641074050132
8;9.38;136.5753347838883
373;1.39;106.81031632679829
579;14.99;90.01142919759133
480;26.98;98.08468077910341
490;1.34;97.26920082137491
269;23.36;115.29130788717461
199;8.47;120.99966759127408
31;1.3;134.69973088111277
23;85.47;135.35211484729555
209;18.75;120.18418763354558
35;20.34;134.37353889802137
522;64.62;94.65966495664374
831;154.55;69.46133426283329
759;25.15;75.33278995847844
280;115.05;114.39427993367327
917;5.58;62.44820662636825
620;9.15;86.6679613709045
196;1.03;121.24431157859262
890;97.6;64.65000251223518
1;0.58;137.14617075429825
18;86.45;135.7598548261598
378;78.75;106.40257634793404
173;6.44;123.11991548136815
813;246.65;70.92919818674459
4;0.95;136.90152676697969
13;276.65;136.16759480502404
983;14.72;57.06603890536019
24;147.41;135.27056685152272
3;3.97;136.98307476275255
838;1.75;68.89049829242335
787;35.01;73.04944607683866
848;0.99;68.07501833469485
717;18.33;78.75780578093811
9;123.86;136.49378678811544
979;32.38;57.39223088845159
29;6.75;134.86282687265847
15;27.42;136.00449881347836
653;1251.15;83.97687751040047
38;49.91;134.12889491070283
34;97.65;134.4550868937942
24;98.6;135.27056685152272
438;247.87;101.50969660156308
774;1.13;74.1095700218857
324;24.5;110.8061681196679
354;29.09;108.35972824648243
440;2.53;101.34660061001739
755;97.55;75.65898194156983
101;1.05;128.99137117701332
536;38.43;93.51799301582385
860;155.69;67.09644238542066
831;64.37;69.46133426283329
915;41.05;62.61130261791395
30;14.91;134.7812788768856
928;1.82;61.55117867286691
28;135.41;134.9443748684313
734;294.76;77.37148985279967
347;233.07;108.93056421689238
666;8.08;82.91675356535343
537;5.14;93.436445020051
606;142.79;87.80963331172438
619;1.41;86.74950936667736
163;71.76;123.93539543909665
127;0.26;126.87112328691923
519;24.39;94.90430894396229
36;99.43;134.29199090224853
274;231.26;114.88356790831037
737;8.25;77.12684586548113
24;22.32;135.27056685152272
921;4.73;62.122014643276856
772;20.57;74.2726660134314
33;16.41;134.53663488956707
616;8.77;86.9941533539959
349;17.18;108.76746822534668
591;42.48;89.03285324831714
20;64.97;135.5967588346141
11;233.86;136.33069079656974
174;1.34;123.0383674855953
784;36.58;73.29409006415722
356;88.51;108.19663225493673
393;371.1;105.1793564113413
43;100.37;133.72115493183856
335;7.16;109.90914016616657
344;1.41;109.17520820421092
664;0.73;83.07984955689912
759;1.98;75.33278995847844
162;6.18;124.0169434348695
949;0.7;59.838670761637076
943;144.43;60.32795873627417
488;9.52;97.43229681292061
20;18.3;135.5967588346141
659;18.44;83.48758953576338
925;1.23;61.79582266018545
2;111.12;137.0646227585254
702;5.04;79.98102571753085
23;5431.98;135.35211484729555
35;5.86;134.37353889802137
209;232.45;120.18418763354558
759;37.99;75.33278995847844
953;64.65;59.51247877854567
610;1.26;87.48344132863299
705;17.38;79.73638173021232
622;59.9;86.5048653793588
272;128.64;115.04666389985607
49;29.04;133.23186695720148
566;21.41;91.07155314263836
743;72.81;76.63755789084404
996;343.38;56.00591496031315
10;18.97;136.4122387923426
19;28.32;135.67830683038696
835;38.08;69.1351422797419
117;0.8;127.68660324464771
48;51.1;133.3134149529743
422;55.27;102.81446453392867
887;27.23;64.89464649955373
774;20.33;74.1095700218857
864;7.01;66.77025040232927
403;19.7;104.36387645361282
212;227.28;119.93954364622704
25;85.51;135.18901885574985
881;28.04;65.38393447419082
335;92.23;109.90914016616657
715;64.32;78.92090177248382
419;146.06;103.05910852124723
109;36.55;128.3389872108305
63;160.26;132.09019501638159
12;46.98;136.2491428007969
46;24.35;133.47651094452002
750;60.46;76.06672192043408
428;278.9;102.32517655929158
803;1.85;71.74467814447307
813;1.93;70.92919818674459
742;0.99;76.71910588661689
856;11.67;67.42263436851206
703;14.24;79.899477721758
48;22.85;133.3134149529743
556;37.05;91.88703310036686
49;35.64;133.23186695720148
133;90.12;126.38183531228213
231;30.36;118.39013172654289
83;2.13;130.4592351009246
22;175.78;135.43366284306842
39;28.84;134.04734691492996
887;80.82;64.89464649955373
1;14.13;137.14617075429825
897;43.35;64.07916654182523
782;16.14;73.4571860557029
107;68.2;128.5020832023762
223;0.87;119.04251569272569
44;31.24;133.63960693606572
793;10.91;72.56015810220157
416;39.32;103.30375250856576
67;169.22;131.76400303329018
237;6.55;117.9008437519058
710;34.46;79.32864175134806
29;109.94;134.86282687265847
329;1.2;110.39842814080366
603;41.08;88.05427729904294
20;32.05;135.5967588346141
144;1.5;125.48480735878078
533;77.52;93.7626370031424
293;208.31;113.33415598862624
974;4.88;57.799970867315835
909;4.42;63.10059059255104
969;7.29;58.20771084618008
710;8.92;79.32864175134806
572;21.31;90.58226516800127
82;165.66;130.54078309669745
6;28.6;136.73843077543398
46;101.83;133.47651094452002
253;7.52;116.5960758195402
871;2.22;66.19941443191932
458;6.68;99.8787366861061
170;28.19;123.3645594686867
757;25.22;75.49588595002413
49;72.9;133.23186695720148
20;33.34;135.5967588346141
9;1.04;136.49378678811544
139;1.56;125.89254733764503
19;21.73;135.67830683038696
483;155.05;97.84003679178485
867;111.15;66.52560641501071
580;18.81;89.92988120181847
218;20.66;119.45025567158993
23;123.26;135.35211484729555
334;18.01;109.99068816193942
505;227.69;96.04598088478218
7;242.33;136.65688277966115
486;95.18;97.59539280446631
508;21.76;95.80133689746363
48;20.06;133.3134149529743
594;18.68;88.78820926099858
626;0.62;86.17867339626741
595;13.13;88.70666126522573
605;20.51;87.89118130749725
572;11.28;90.58226516800127
91;7.66;129.8068511347418
189;15.5;121.81514754900256
414;0.94;103.46684850011147
831;7.01;69.46133426283329
963;246.33;58.69699882081717
134;78.26;126.30028731650928
31;251.18;134.69973088111277
769;0.73;74.51731000074994
496;26.83;96.77991284673783
899;0.3;63.91607055027954
625;75.83;86.26022139204025
735;6.61;77.28994185702683
718;73.68;78.67625778516526
45;13.66;133.55805894029288
767;15.66;74.68040599229565
292;73.87;113.41570398439909
686;5.56;81.28579364989645
922;35.0;62.040466647504005
888;1.49;64.81309850378088
247;1.04;117.08536379417731
43;18.08;133.72115493183856
702;24.89;79.98102571753085
756;33.26;75.577433945797
350;0.88;108.68592022957382
693;19.94;80.7149576794865
300;79.58;112.76332001821629
354;21.19;108.35972824648243
698;1.09;80.30721770062226
328;1.68;110.47997613657651
748;93.65;76.22981791197978
16;190.67;135.9229508177055
19;218.32;135.67830683038696
413;41.31;103.5483964958843
617;16.87;86.91260535822305
248;1.06;117.00381579840446
378;9.67;106.40257634793404
23;141.91;135.35211484729555
400;20.78;104.60852044093136
785;35.37;73.21254206838437
28;15.08;134.9443748684313
227;55.34;118.7163237096343
373;0.72;106.81031632679829
26;1.37;135.107470859977
31;158.87;134.69973088111277
18;229.79;135.7598548261598
98;14.31;129.23601516433186
913;38.77;62.77439860945964
322;60.48;110.9692641112136
441;216.08;101.26505261424452
659;27.24;83.48758953576338
662;29.48;83.24294554844482
33;260.01;134.53663488956707
485;190.14;97.67694080023915
38;31.15;134.12889491070283
595;7.34;88.70666126522573
131;7.95;126.54493130382782
44;31.98;133.63960693606572
662;2.33;83.24294554844482
654;151.63;83.89532951462763
23;26.59;135.35211484729555
442;102.97;101.18350461847169
41;39.36;133.88425092338426
916;30.21;62.5297546221411
473;33.08;98.65551674951335
742;98.3;76.71910588661689
548;5.26;92.53941706654965
398;178.29;104.77161643247706
37;35.46;134.21044290647566
523;31.17;94.57811696087089
11;7.29;136.33069079656974
849;283.96;67.99347033892201
12;6.85;136.2491428007969
543;76.17;92.9471570454139
605;57.34;87.89118130749725
316;129.91;111.4585520858507
646;7.99;84.54771348081042
804;245.6;71.66313014870022
237;73.04;117.9008437519058
585;17.96;89.52214122295422
9;4.59;136.49378678811544
638;37.69;85.20009744699321
4;258.58;136.90152676697969
287;1.07;113.82344396326333
805;1300.6;71.58158215292737
27;78.36;135.02592286420415
858;195.82;67.25953837696636
943;14.34;60.32795873627417
937;1.12;60.81724671091126
39;274.12;134.04734691492996
751;243.33;75.98517392466124
511;11.38;95.55669291014507
507;20.48;95.88288489323648
675;4.7;82.1828216033978
615;17.32;87.07570134976875
617;25.32;86.91260535822305
69;0.79;131.60090704174448
848;87.62;68.07501833469485
90;275.03;129.88839913051464
5;77.14;136.81997877120685
21;18.58;135.51521083884126
753;213.99;75.82207793311554
212;67.46;119.93954364622704
512;62.21;95.47514491437224
338;20.78;109.66449617884801
486;31.97;97.59539280446631
9;86.34;136.49378678811544
44;23.42;133.63960693606572
260;34.67;116.02523984913026
887;17.17;64.89464649955373
218;1.98;119.45025567158993
725;279.64;78.10542181475532
465;10.43;99.30790071569615
641;8.74;84.95545345967466
812;1.09;71.01074618251742
247;91.2;117.08536379417731
666;236.64;82.91675356535343
72;199.25;131.35626305442594
93;70.25;129.6437551431961
7;0.69;136.65688277966115
12;142.81;136.2491428007969
41;200.9;133.88425092338426
535;85.89;93.5995410115967
714;77.34;79.00244976825667
377;0.92;106.4841243437069
966;154.14;58.45235483349863
826;139.95;69.86907424169753
248;23.78;117.00381579840446
603;6.39;88.05427729904294
866;1.18;66.60715441078356
909;96.45;63.10059059255104
45;30.98;133.55805894029288
986;70.61;56.82139491804165
917;4.91;62.44820662636825
289;5.61;113.66034797171763
470;1.22;98.90016073683191
766;22.59;74.7619539880685
984;55.78;56.984490909587336
25;98.84;135.18901885574985
917;6.03;62.44820662636825
688;63.08;81.12269765835075
105;1.26;128.66517919392192
331;4126.44;110.23533214925796
628;1.97;86.01557740472171
486;6.34;97.59539280446631
927;0.46;61.63272666863975
525;189.31;94.41502096932518
855;12.39;67.5041823642849
590;33.66;89.11440124408998
593;70.69;88.86975725677144
295;261.75;113.17105999708053
979;20.64;57.39223088845159
59;38.0;132.416386999473
897;236.31;64.07916654182523
30;76.89;134.7812788768856
44;1.02;133.63960693606572
33;4716.7;134.53663488956707
3;16.54;136.98307476275255
18;21.36;135.7598548261598
579;44.57;90.01142919759133
94;7.94;129.56220714742327
457;0.79;99.96028468187895
246;40.95;117.16691178995015
195;11.95;121.32585957436547
443;7.92;101.10195662269884
506;10.6;95.96443288900932
43;31.7;133.72115493183856
543;7.57;92.9471570454139
338;4.9;109.66449617884801
7;258.87;136.65688277966115
316;9.59;111.4585520858507
754;5.73;75.7405299373427
49;35.54;133.23186695720148
317;34.7;111.37700409007785
124;1.39;127.11576727423777
453;0.5;100.28647666497034
887;23.42;64.89464649955373
507;4.83;95.88288489323648
988;1.36;56.658298926495945
880;27.6;65.46548246996367
500;39.49;96.45372086364642
125;70.7;127.03421927846492
809;33.08;71.25539016983598
47;0.71;133.39496294874718
880;6.09;65.46548246996367
660;116.91;83.40604153999053
928;25.3;61.55117867286691
3;52.5;136.98307476275255
680;90.04;81.77508162453354
166;6.59;123.6907514517781
385;221.01;105.8317403775241
343;1.17;109.25675619998377
735;245.98;77.28994185702683
841;16.6;68.64585430510479
149;1.62;125.07706737991654
32;0.92;134.6181828853399
14;26.77;136.0860468092512
31;195.74;134.69973088111277
804;28.09;71.66313014870022
828;7.36;69.70597825015184
362;17.55;107.70734428029962
416;297.94;103.30375250856576
914;183.81;62.6928506136868
945;69.8;60.16486274472847
393;0.89;105.1793564113413
842;27.52;68.56430630933195
28;29.54;134.9443748684313
40;86.29;133.96579891915712
39;13.85;134.04734691492996
445;39.12;100.93886063115313
626;35.19;86.17867339626741
15;99.84;136.00449881347836
988;27.73;56.658298926495945
661;28.74;83.32449354421769
965;57.59;58.53390282927148
802;52.82;71.82622614024592
48;103.55;133.3134149529743
49;29.75;133.23186695720148
676;7.86;82.10127360762493
826;8.16;69.86907424169753
413;0.66;103.5483964958843
47;15.74;133.39496294874718
125;27.02;127.03421927846492
766;78.15;74.7619539880685
523;27.65;94.57811696087089
412;53.36;103.62994449165717
42;4510.17;133.80270292761142
667;39.34;82.83520556958058
13;189.58;136.16759480502404
400;148.76;104.60852044093136
476;25.2;98.4108727621948
439;94.56;101.42814860579023
354;355.01;108.35972824648243
797;138.86;72.23396611911016
754;38.66;75.7405299373427
363;125.84;107.62579628452679
9;11.22;136.49378678811544
206;113.12;120.42883162086413
103;23.17;128.82827518546762
887;94.17;64.89464649955373
869;173.0;66.36251042346501
37;54.6;134.21044290647566
29;236.8;134.86282687265847
182;109.62;122.3859835194125
220;117.75;119.28715968004424
39;22.38;134.04734691492996
16;67.87;135.9229508177055
987;30.55;56.7398469222688
926;88.78;61.7142746644126
590;1.53;89.11440124408998
42;141.73;133.80270292761142
706;94.88;79.65483373443945
7;226.81;136.65688277966115
804;2.11;71.66313014870022
25;33.29;135.18901885574985
895;7.47;64.24226253337093
213;54.06;119.85799565045419
12;83.95;136.2491428007969
180;2.12;122.54907951095821
855;154.61;67.5041823642849
444;18.69;101.02040862692598
666;0.96;82.91675356535343
592;92.81;88.95130525254427
443;38.48;101.10195662269884
44;235.06;133.63960693606572
7;0.65;136.65688277966115
48;67.23;133.3134149529743
126;2.36;126.95267128269208
362;12.62;107.70734428029962
125;177.5;127.03421927846492
699;79.28;80.2256697048494
984;1.42;56.984490909587336
320;0.83;111.1323601027593
25;21.59;135.18901885574985
939;9.8;60.65415071936556
858;22.4;67.25953837696636
221;222.59;119.20561168427139
38;35.06;134.12889491070283
4;33.79;136.90152676697969
373;12.22;106.81031632679829
603;9.32;88.05427729904294
98;61.82;129.23601516433186
25;95.27;135.18901885574985
462;7.13;99.55254470301469
538;5.76;93.35489702427815
38;65.88;134.12889491070283
184;11.52;122.22288752786682
16;181.64;135.9229508177055
143;40.86;125.56635535455364
945;1.68;60.16486274472847
918;283.74;62.366658630595396
458;58.52;99.8787366861061
450;45.17;100.53112065228889
14;45.71;136.0860468092512
546;1.94;92.70251305809535
973;74.71;57.88151886308869
565;37.7;91.15310113841122
186;87.63;122.05979153632111
120;1.79;127.44195925732917
326;40.6;110.64307212812221
47;145.67;133.39496294874718
17;53.6;135.84140282193266
876;0.87;65.79167445305507
21;36.48;135.51521083884126
925;35.46;61.79582266018545
410;37.57;103.79304048320287
516;4.4;95.14895293128083
50;27.09;133.15031896142864
866;26.32;66.60715441078356
255;0.31;116.4329798279945
34;43.73;134.4550868937942
605;19.01;87.89118130749725
49;146.7;133.23186695720148
981;0.89;57.22913489690589
3;30.79;136.98307476275255
358;18.95;108.03353626339103
970;12.58;58.126162850407226
551;18.12;92.2947730792311
235;23.43;118.0639397434515
475;187.64;98.49242075796766
721;24.7;78.43161379784672
146;35.96;125.32171136723508
972;7.03;57.96306685886154
245;29.02;117.248459785723
85;37.06;130.29613910937888
600;26.76;88.29892128636149
760;15.59;75.25124196270559
18;271.63;135.7598548261598
728;75.07;77.86077782743678
10;39.32;136.4122387923426
1;182.29;137.14617075429825
22;12.19;135.43366284306842
433;7.65;101.91743658042734
36;1.24;134.29199090224853
236;67.44;117.98239174767865
586;26.19;89.44059322718138
859;175.43;67.17799038119351
466;5.21;99.2263527199233
605;198.64;87.89118130749725
12;0.78;136.2491428007969
37;228.31;134.21044290647566
14;105.51;136.0860468092512
593;79.7;88.86975725677144
471;0.5;98.81861274105906
754;35.06;75.7405299373427
652;38.46;84.05842550617332
204;6.5;120.59192761240982
493;63.24;97.02455683405637
646;8.34;84.54771348081042
610;176.96;87.48344132863299
904;89.04;63.508330571415286
15;28.27;136.00449881347836
513;12.01;95.39359691859937
408;196.65;103.95613647474856
348;0.69;108.84901622111951
15;24.31;136.00449881347836
289;1.02;113.66034797171763
50;155.59;133.15031896142864
301;79.82;112.68177202244344
11;31.2;136.33069079656974
2;42.5;137.0646227585254
362;90.45;107.70734428029962
425;22.59;102.56982054661012
861;82.44;67.01489438964781
707;202.48;79.57328573866661
473;74.09;98.65551674951335
399;12.3;104.6900684367042
1;13.49;137.14617075429825
36;18.12;134.29199090224853
20;88.0;135.5967588346141
137;189.61;126.05564332919073
42;221.31;133.80270292761142
328;73.17;110.47997613657651
7;122.47;136.65688277966115
480;203.36;98.08468077910341
255;101.99;116.4329798279945
47;219.28;133.39496294874718
287;0.77;113.82344396326333
1;10.42;137.14617075429825
556;240.66;91.88703310036686
33;181.31;134.53663488956707
303;14.29;112.51867603089774
358;50.35;108.03353626339103
4;185.5;136.90152676697969
244;5.74;117.33000778149585
780;44.51;73.62028204724861
18;0.94;135.7598548261598
525;19.49;94.41502096932518
1;4.72;137.14617075429825
396;5.17;104.93471242402276
723;45.86;78.26851780630102
562;185.33;91.39774512572976
982;5.4;57.14758690113304
48;12.55;133.3134149529743
917;20.28;62.44820662636825
597;1.24;88.54356527368003
376;205.61;106.56567233947973
334;93.94;109.99068816193942
129;14.96;126.70802729537353
2;30.58;137.0646227585254
31;83.98;134.69973088111277
871;4.59;66.19941443191932
2;235.86;137.0646227585254
10;2.4;136.4122387923426
28;222.21;134.9443748684313
377;31.11;106.4841243437069
480;59.88;98.08468077910341
22;512.42;135.43366284306842
387;35.66;105.6686443859784
805;75.3;71.58158215292737
197;5.67;121.16276358281976
694;12.78;80.63340968371365
575;23.33;90.33762118068273
960;18.99;58.941642808135725
787;5.44;73.04944607683866
8;35.86;136.5753347838883
474;252.72;98.5739687537405
509;120.07;95.71978890169078
652;16.32;84.05842550617332
749;6.38;76.14826991620694
671;56.89;82.50901358648917
25;175.79;135.18901885574985
396;10.39;104.93471242402276
871;144.99;66.19941443191932
45;38.17;133.55805894029288
150;1.76;124.99551938414369
350;46.9;108.68592022957382
382;35.16;106.07638436484264
659;155.05;83.48758953576338
224;208.84;118.96096769695284
728;8.67;77.86077782743678
120;2.17;127.44195925732917
41;8.51;133.88425092338426
209;159.23;120.18418763354558
119;0.42;127.52350725310203
288;36.21;113.74189596749048
980;21.26;57.31068289267874
36;156.48;134.29199090224853
568;69.07;90.90845715109268
536;19.03;93.51799301582385
33;33.51;134.53663488956707
878;103.08;65.62857846150938
413;19.51;103.5483964958843
1;5.69;137.14617075429825
518;267.15;94.98585693973513
477;161.51;98.32932476642196
19;158.62;135.67830683038696
838;27.82;68.89049829242335
910;20.49;63.01904259677819
383;7.72;105.99483636906979
352;263.59;108.52282423802812
165;21.75;123.77229944755095
433;269.58;101.91743658042734
544;78.29;92.86560904964105
636;2.05;85.36319343853891
36;0.26;134.29199090224853
674;81.88;82.26436959917064
27;26.86;135.02592286420415
791;174.89;72.72325409374726
12;7.8;136.2491428007969
484;35.92;97.75848879601202
944;6.54;60.24641074050132
771;215.39;74.35421400920424
145;66.17;125.40325936300793
243;2.17;117.4115557772687
1;22.7;137.14617075429825
808;243.52;71.33693816560883
931;1.57;61.30653468554836
29;38.68;134.86282687265847
423;1.98;102.73291653815582
32;28.23;134.6181828853399
939;10.26;60.65415071936556
255;8.06;116.4329798279945
125;0.43;127.03421927846492
122;27.11;127.27886326578347
256;29.44;116.35143183222166
4;69.56;136.90152676697969
203;160.27;120.67347560818267
905;0.88;63.426782575642434
169;0.95;123.44610746445956
466;29.38;99.2263527199233
30;9.82;134.7812788768856
304;232.08;112.43712803512489
988;8.56;56.658298926495945
362;235.66;107.70734428029962
36;66.39;134.29199090224853
710;1.56;79.32864175134806
46;40.02;133.47651094452002
941;1.86;60.49105472781986
594;186.25;88.78820926099858
15;72.37;136.00449881347836
988;4.42;56.658298926495945
394;32.95;105.09780841556845
891;1.65;64.56845451646232
501;14.01;96.37217286787357
782;23.84;73.4571860557029
921;10.59;62.122014643276856
958;23.96;59.10473879968143
938;23.12;60.73569871513841
830;237.08;69.54288225860614
376;23.58;106.56567233947973
164;35.28;123.8538474433238
431;13.42;102.08053257197302
898;7.58;63.99761854605238
780;4.86;73.62028204724861
164;19.67;123.8538474433238
154;32.03;124.6693274010523
814;16.25;70.84765019097173
931;194.54;61.30653468554836
675;177.75;82.1828216033978
134;16.3;126.30028731650928
305;23.45;112.35558003935205
728;64.63;77.86077782743678
523;0.78;94.57811696087089
434;30.48;101.83588858465447
96;244.7;129.39911115587756
241;47.76;117.5746517688144
40;27.58;133.96579891915712
596;6.27;88.62511326945288
734;25.18;77.37148985279967
27;2.61;135.02592286420415
769;156.94;74.51731000074994
206;80.0;120.42883162086413
24;0.68;135.27056685152272
851;27.7;67.8303743473763
403;1.87;104.36387645361282
5;0.97;136.81997877120685
501;61.84;96.37217286787357
561;177.96;91.47929312150262
16;13.09;135.9229508177055
274;192.34;114.88356790831037
788;258.28;72.96789808106581
245;1.58;117.248459785723
761;24.71;75.16969396693275
50;38.09;133.15031896142864
20;0.73;135.5967588346141
424;20.59;102.65136854238297
211;134.37;120.02109164199987
660;20.76;83.40604153999053
993;260.47;56.2505589476317
993;144.13;56.2505589476317
912;108.84;62.85594660523249
352;0.91;108.52282423802812
701;476.43;80.0625737133037
309;81.48;112.02938805626064
136;13.13;126.13719132496358
184;17.96;122.22288752786682
532;42.02;93.84418499891524
24;5318.25;135.27056685152272
258;4.07;116.18833584067596
500;27.22;96.45372086364642
475;143.64;98.49242075796766
732;63.68;77.53458584434537
25;0.86;135.18901885574985
490;65.6;97.26920082137491
11;68.59;136.33069079656974
624;91.19;86.3417693878131
32;37.92;134.6181828853399
783;31.02;73.37563805993005
630;65.63;85.85248141317601
371;1.76;106.97341231834399
454;60.66;100.2049286691975
38;28.87;134.12889491070283
21;165.55;135.51521083884126
43;43.74;133.72115493183856
672;33.77;82.42746559071634
335;8.93;109.90914016616657
994;88.12;56.16901095185885
494;0.71;96.94300883828352
18;73.31;135.7598548261598
82;13.8;130.54078309669745
711;256.27;79.24709375557521
400;2.4;104.60852044093136
224;76.34;118.96096769695284
965;135.41;58.53390282927148
932;144.0;61.224986689775506
891;35.8;64.56845451646232
467;1.04;99.14480472415045
698;82.7;80.30721770062226
115;1.51;127.84969923619342
683;0.72;81.53043763721499
50;77.68;133.15031896142864
427;8.46;102.40672455506441
116;80.58;127.76815124042056
82;4707.51;130.54078309669745
619;62.71;86.74950936667736
306;11.7;112.2740320435792
301;89.31;112.68177202244344
17;11.72;135.84140282193266
30;34.41;134.7812788768856
544;5.34;92.86560904964105
565;13.04;91.15310113841122
570;209.15;90.74536115954697
16;35.3;135.9229508177055
728;17.75;77.86077782743678
844;28.68;68.40121031778625
863;35.31;66.85179839810212
907;0.69;63.263686584096746
19;41.57;135.67830683038696
485;5.35;97.67694080023915
94;50.57;129.56220714742327
316;82.9;111.4585520858507
15;78.27;136.00449881347836
746;0.79;76.39291390352548
294;7.36;113.25260799285338
625;37.97;86.26022139204025
624;16.84;86.3417693878131
43;72.74;133.72115493183856
87;25.74;130.1330431178332
3;25.66;136.98307476275255
720;1.39;78.51316179361956
588;8.13;89.27749723563568
183;63.92;122.30443552363965
220;230.67;119.28715968004424
302;6.33;112.60022402667059
547;5.02;92.62096506232251
329;21.05;110.39842814080366
985;0.96;56.9029429138145
324;31.88;110.8061681196679
194;290.46;121.40740757013832
10;1.05;136.4122387923426
713;5.86;79.0839977640295
818;156.3;70.52145820788033
318;17.95;111.295456094305
960;178.18;58.941642808135725
270;234.14;115.20975989140177
837;36.02;68.9720462881962
982;1.8;57.14758690113304
379;22.26;106.32102835216119
592;20.44;88.95130525254427
311;1.18;111.86629206471494
33;38.29;134.53663488956707
15;56.18;136.00449881347836
779;35.38;73.70183004302146
410;107.7;103.79304048320287
897;114.78;64.07916654182523
322;21.77;110.9692641112136
505;24.13;96.04598088478218
25;38.0;135.18901885574985
4;35.21;136.90152676697969
537;28.46;93.436445020051
15;12.16;136.00449881347836
708;56.15;79.49173774289376
217;29.71;119.53180366736278
17;36.16;135.84140282193266
255;248.99;116.4329798279945
896;34.83;64.16071453759808
3;58.02;136.98307476275255
396;42.17;104.93471242402276
19;5.21;135.67830683038696
2;268.61;137.0646227585254
635;226.18;85.44474143431177
991;68.46;56.41365493917739
33;150.37;134.53663488956707
642;5.6;84.87390546390182
296;154.97;113.08951200130768
205;91.65;120.51037961663698
203;21.37;120.67347560818267
25;72.42;135.18901885574985
210;36.21;120.10263963777273
757;16.16;75.49588595002413
879;7.86;65.54703046573653
473;23.42;98.65551674951335
116;19.25;127.76815124042056
50;1.85;133.15031896142864
562;2.06;91.39774512572976
512;0.99;95.47514491437224
529;22.6;94.08882898623379
874;1.71;65.95477044460077
859;29.54;67.17799038119351
251;145.71;116.7591718110859
678;33.79;81.93817761607923
680;67.53;81.77508162453354
391;10.81;105.342452402887
46;71.99;133.47651094452002
1;288.33;137.14617075429825
11;28.61;136.33069079656974
613;61.21;87.23879734131444
516;76.18;95.14895293128083
237;17.89;117.9008437519058
14;20.72;136.0860468092512
427;249.15;102.40672455506441
649;226.9;84.30306949349188
561;256.77;91.47929312150262
213;1.43;119.85799565045419
22;1.73;135.43366284306842
847;8.49;68.1565663304677
9;9.14;136.49378678811544
576;11.29;90.25607318490987
394;258.89;105.09780841556845
177;20.79;122.79372349827676
142;59.44;125.64790335032649
73;72.99;131.2747150586531
23;74.92;135.35211484729555
145;68.51;125.40325936300793
868;27.24;66.44405841923786
690;105.51;80.95960166680504
409;106.64;103.87458847897571
655;18.99;83.81378151885477
258;1.23;116.18833584067596
928;32.68;61.55117867286691
465;18.37;99.30790071569615
31;226.29;134.69973088111277
86;18.88;130.21459111360605
90;113.33;129.88839913051464
199;159.09;120.99966759127408
920;212.5;62.20356263904969
711;1.93;79.24709375557521
548;13.62;92.53941706654965
7;23.15;136.65688277966115
140;55.68;125.81099934187219
728;33.12;77.86077782743678
32;21.8;134.6181828853399
38;221.92;134.12889491070283
692;29.34;80.79650567525934
839;16.05;68.8089502966505
15;4.66;136.00449881347836
306;122.63;112.2740320435792
719;2.03;78.59470978939243
26;80.54;135.107470859977
930;1.16;61.38808268132121
693;52.56;80.7149576794865
102;0.68;128.90982318124045
959;250.81;59.02319080390858
6;77.62;136.73843077543398
72;2.32;131.35626305442594
722;0.76;78.35006580207387
833;124.85;69.29823827128759
25;248.42;135.18901885574985
251;0.88;116.7591718110859
730;31.74;77.69768183589107
20;6.71;135.5967588346141
976;29.63;57.63687487577013
181;105.13;122.46753151518536
19;7.68;135.67830683038696
956;47.14;59.26783479122713
187;23.89;121.97824354054826
17;13.52;135.84140282193266
984;29.41;56.984490909587336
162;6.37;124.0169434348695
453;25.64;100.28647666497034
463;0.78;99.47099670724185
201;15.43;120.83657159972837
597;0.32;88.54356527368003
126;5.41;126.95267128269208
951;9.04;59.67557477009137
737;7.09;77.12684586548113
741;21.72;76.80065388238972
783;8.52;73.37563805993005
694;5.92;80.63340968371365
87;22.88;130.1330431178332
115;286.16;127.84969923619342
44;68.9;133.63960693606572
467;84.18;99.14480472415045
941;4.36;60.49105472781986
388;295.46;105.58709639020555
453;0.29;100.28647666497034
805;31.29;71.58158215292737
569;5.09;90.82690915531981
719;27.86;78.59470978939243
576;27.41;90.25607318490987
585;150.57;89.52214122295422
955;12.9;59.34938278699997
603;21.0;88.05427729904294
562;23.78;91.39774512572976
723;24.08;78.26851780630102
73;18.01;131.2747150586531
554;2.19;92.05012909191257
552;179.42;92.21322508345825
1;7.18;137.14617075429825
653;7.24;83.97687751040047
144;57.1;125.48480735878078
23;12.31;135.35211484729555
23;72.13;135.35211484729555
478;6.36;98.24777677064911
783;33.42;73.37563805993005
26;9.5;135.107470859977
27;3.98;135.02592286420415
13;105.86;136.16759480502404
125;28.01;127.03421927846492
95;13.14;129.4806591516504
880;40.22;65.46548246996367
558;103.88;91.72393710882116
4;28.27;136.90152676697969
470;7.3;98.90016073683191
819;86.01;70.43991021210748
711;201.37;79.24709375557521
14;23.48;136.0860468092512
636;27.58;85.36319343853891
739;248.18;76.96374987393543
13;1.24;136.16759480502404
480;36.45;98.08468077910341
829;28.83;69.62443025437899
982;29.1;57.14758690113304
557;15.53;91.80548510459401
992;89.8;56.332106943404554
527;16.97;94.25192497777948
605;1.23;87.89118130749725
153;27.23;124.75087539682514
41;29.41;133.88425092338426
408;29.46;103.95613647474856
271;185.74;115.12821189562892
483;214.85;97.84003679178485
143;63.47;125.56635535455364
446;1.22;100.85731263538028
740;154.84;76.88220187816259
36;38.23;134.29199090224853
259;22.05;116.10678784490311
425;8.24;102.56982054661012
161;0.89;124.09849143064235
518;7.79;94.98585693973513
637;232.31;85.28164544276606
735;17.27;77.28994185702683
2;4860.37;137.0646227585254
754;14.12;75.7405299373427
739;61.87;76.96374987393543
475;68.97;98.49242075796766
81;16.95;130.6223310924703
422;10.97;102.81446453392867
10;465.65;136.4122387923426
646;278.69;84.54771348081042
61;1.16;132.2532910079273
34;32.56;134.4550868937942
39;121.63;134.04734691492996
206;265.61;120.42883162086413
11;238.89;136.33069079656974
27;31.95;135.02592286420415
106;30.07;128.58363119814905
21;25.86;135.51521083884126
18;5.49;135.7598548261598
33;1.41;134.53663488956707
794;13.97;72.47861010642872
45;1.05;133.55805894029288
511;73.23;95.55669291014507
40;12.39;133.96579891915712
618;215.16;86.8310573624502
29;195.13;134.86282687265847
583;2.2;89.68523721449992
273;7.69;114.96511590408322
403;53.33;104.36387645361282
750;33.47;76.06672192043408
41;63.42;133.88425092338426
911;247.06;62.93749460100534
48;84.6;133.3134149529743
8;125.42;136.5753347838883
872;248.28;66.11786643614647
336;113.77;109.82759217039371
812;11.28;71.01074618251742
40;21.48;133.96579891915712
179;11.11;122.63062750673106
204;36.93;120.59192761240982
872;148.72;66.11786643614647
48;172.49;133.3134149529743
767;10.26;74.68040599229565
305;1.2;112.35558003935205
593;13.39;88.86975725677144
8;39.63;136.5753347838883
3;23.7;136.98307476275255
969;35.53;58.20771084618008
21;250.68;135.51521083884126
292;255.46;113.41570398439909
252;30.23;116.67762381531305
755;21.32;75.65898194156983
287;26.23;113.82344396326333
211;23.2;120.02109164199987
60;61.08;132.33483900370013
752;89.56;75.90362592888839
11;120.5;136.33069079656974
893;1.77;64.40535852491664
23;127.91;135.35211484729555
213;35.45;119.85799565045419
843;22.12;68.4827583135591
629;6.58;85.93402940894886
791;232.63;72.72325409374726
634;63.38;85.5262894300846
535;1.44;93.5995410115967
270;19.15;115.20975989140177
99;33.09;129.154467168559
438;21.76;101.50969660156308
255;12.98;116.4329798279945
626;68.76;86.17867339626741
903;248.8;63.58987856718814
640;75.93;85.03700145544752
184;55.61;122.22288752786682
159;92.68;124.26158742218804
598;12.62;88.4620172779072
923;38.38;61.95891865173115
18;1.47;135.7598548261598
448;5.68;100.69421664383458
538;1.15;93.35489702427815
36;127.78;134.29199090224853
487;11.74;97.51384480869346
31;105.84;134.69973088111277
281;256.14;114.31273193790042
386;10.12;105.75019238175125
149;1.33;125.07706737991654
19;59.85;135.67830683038696
52;23.86;132.98722296988294
733;84.25;77.45303784857254
999;105.75;55.76127097299461
827;210.29;69.78752624592468
643;63.25;84.79235746812897
594;5.72;88.78820926099858
567;74.79;90.99000514686551
19;58.11;135.67830683038696
546;34.87;92.70251305809535
281;227.51;114.31273193790042
7;1.33;136.65688277966115
101;223.59;128.99137117701332
527;1.8;94.25192497777948
577;5.1;90.17452518913703
18;173.3;135.7598548261598
447;26.27;100.77576463960744
9;90.4;136.49378678811544
763;180.83;75.00659797538705
892;7.47;64.48690652068949
833;6.82;69.29823827128759
855;398.66;67.5041823642849
3;28.6;136.98307476275255
894;57.95;64.32381052914378
72;212.53;131.35626305442594
936;227.65;60.898794706684114
785;223.83;73.21254206838437
933;37.49;61.143438694002654
902;6.35;63.67142656296099
861;34.25;67.01489438964781
28;81.97;134.9443748684313
929;24.72;61.46963067709406
14;30.9;136.0860468092512
255;84.35;116.4329798279945
152;20.24;124.83242339259799
905;6.8;63.426782575642434
720;63.27;78.51316179361956
879;2.24;65.54703046573653
40;53.99;133.96579891915712
278;28.21;114.55737592521898
969;23.89;58.20771084618008
291;194.77;113.49725198017194
191;82.66;121.65205155745687
41;0.84;133.88425092338426
336;11.18;109.82759217039371
929;37.71;61.46963067709406
617;280.62;86.91260535822305
403;4.64;104.36387645361282
15;1.16;136.00449881347836
745;17.36;76.47446189929833
190;13.28;121.73359955322971
931;33.18;61.30653468554836
211;164.73;120.02109164199987
218;1.25;119.45025567158993
992;26.36;56.332106943404554
773;243.43;74.19111801765855
620;167.57;86.6679613709045
726;11.55;78.02387381898248
377;4.23;106.4841243437069
601;74.54;88.21737329058864
120;1.52;127.44195925732917
486;149.42;97.59539280446631
324;28.37;110.8061681196679
11;1.08;136.33069079656974
368;1.27;107.21805630566254
404;225.57;104.28232845783995
970;53.49;58.126162850407226
974;121.66;57.799970867315835
256;35.02;116.35143183222166
998;85.42;55.842818968767446
839;39.4;68.8089502966505
603;6.96;88.05427729904294
815;81.58;70.76610219519888
290;4875.41;113.57879997594478
33;41.17;134.53663488956707
18;219.53;135.7598548261598
176;5419.93;122.87527149404961
833;13.75;69.29823827128759
262;5.42;115.86214385758456
32;270.76;134.6181828853399
783;63.4;73.37563805993005
903;0.98;63.58987856718814
126;167.17;126.95267128269208
161;21.46;124.09849143064235
800;13.1;71.98932213179162
184;212.11;122.22288752786682
412;33.28;103.62994449165717
224;0.65;118.96096769695284
419;17.5;103.05910852124723
729;31.14;77.77922983166393
874;64.08;65.95477044460077
834;19.83;69.21669027551474
219;1.13;119.36870767581709
247;45.09;117.08536379417731
26;70.91;135.107470859977
42;284.77;133.80270292761142
20;1.62;135.5967588346141
271;11.64;115.12821189562892
483;259.41;97.84003679178485
45;1.41;133.55805894029288
17;157.19;135.84140282193266
709;295.67;79.41018974712091
583;0.31;89.68523721449992
5;18.61;136.81997877120685
36;223.13;134.29199090224853
416;26.4;103.30375250856576
66;1.19;131.84555102906305
182;1.01;122.3859835194125
105;5.2;128.66517919392192
843;23.45;68.4827583135591
246;0.75;117.16691178995015
193;6.58;121.48895556591117
258;1.35;116.18833584067596
312;24.09;111.7847440689421
268;31.85;115.37285588294748
766;84.07;74.7619539880685
63;38.89;132.09019501638159
558;12.07;91.72393710882116
799;5.22;72.07087012756448
96;101.2;129.39911115587756
750;281.48;76.06672192043408
314;1.28;111.6216480773964
24;6.07;135.27056685152272
611;32.04;87.40189333286014
48;30.83;133.3134149529743
172;36.12;123.201463477141
37;0.77;134.21044290647566
580;95.13;89.92988120181847
766;8.54;74.7619539880685
450;6.33;100.53112065228889
628;232.72;86.01557740472171
368;152.0;107.21805630566254
653;23.51;83.97687751040047
516;9.01;95.14895293128083
509;94.48;95.71978890169078
894;27.72;64.32381052914378
312;113.02;111.7847440689421
477;16.05;98.32932476642196
840;324.79;68.72740230087764
961;185.8;58.860094812362874
384;7.02;105.91328837329695
809;109.14;71.25539016983598
867;192.6;66.52560641501071
53;22.07;132.90567497411007
3;0.87;136.98307476275255
663;62.53;83.16139755267199
354;8.12;108.35972824648243
41;0.94;133.88425092338426
927;198.43;61.63272666863975
30;15.35;134.7812788768856
203;4022.8;120.67347560818267
18;81.83;135.7598548261598
817;13.58;70.60300620365318
831;10.52;69.46133426283329
24;8.94;135.27056685152272
229;2.37;118.55322771808859
11;18.77;136.33069079656974
622;19.23;86.5048653793588
16;22.19;135.9229508177055
883;35.85;65.22083848264512
392;26.4;105.26090440711415
415;185.73;103.38530050433862
410;79.21;103.79304048320287
538;1.85;93.35489702427815
501;0.92;96.37217286787357
699;69.33;80.2256697048494
422;6.51;102.81446453392867
642;28.28;84.87390546390182
411;23.25;103.71149248743001
858;33.66;67.25953837696636
47;35.42;133.39496294874718
451;294.35;100.44957265651604
536;45.54;93.51799301582385
626;8.32;86.17867339626741
6;131.53;136.73843077543398
167;26.34;123.60920345600525
551;121.78;92.2947730792311
590;13.24;89.11440124408998
574;27.31;90.41916917645557
46;16.04;133.47651094452002
7;32.4;136.65688277966115
10;33.06;136.4122387923426
613;154.91;87.23879734131444
401;88.2;104.5269724451585
30;174.55;134.7812788768856
521;35.95;94.74121295241659
57;213.75;132.57948299101866
26;5.19;135.107470859977
164;4.15;123.8538474433238
14;34.88;136.0860468092512
789;1.41;72.88635008529296
14;1.18;136.0860468092512
47;229.9;133.39496294874718
556;1313.19;91.88703310036686
208;25.87;120.26573562931843
30;77.16;134.7812788768856
350;244.82;108.68592022957382
821;77.71;70.27681422056179
4;23.31;136.90152676697969
460;173.75;99.71564069456039
140;271.04;125.81099934187219
266;21.24;115.53595187449316
404;0.84;104.28232845783995
10;234.35;136.4122387923426
234;1.53;118.14548773922435
62;169.16;132.17174301215442
11;230.32;136.33069079656974
878;33.68;65.62857846150938
213;18.0;119.85799565045419
13;0.81;136.16759480502404
990;57.93;56.49520293495024
467;28.6;99.14480472415045
665;0.51;82.99830156112628
792;137.56;72.64170609797442
625;144.54;86.26022139204025
19;165.03;135.67830683038696
795;29.18;72.39706211065587
175;27.38;122.95681948982246
628;0.42;86.01557740472171
45;8.6;133.55805894029288
778;61.46;73.7833780387943
692;19.79;80.79650567525934
479;17.81;98.16622877487626
87;140.49;130.1330431178332
442;33.94;101.18350461847169
807;8.17;71.41848616138168
771;4.48;74.35421400920424
28;7.61;134.9443748684313
917;6.69;62.44820662636825
873;196.78;66.03631844037362
343;0.51;109.25675619998377
505;76.69;96.04598088478218
14;171.9;136.0860468092512
671;28.91;82.50901358648917
684;1.32;81.44888964144215
715;0.72;78.92090177248382
42;16.25;133.80270292761142
120;28.08;127.44195925732917
898;94.03;63.99761854605238
310;5218.01;111.94784006048779
141;0.46;125.72945134609934
2;152.67;137.0646227585254
371;173.73;106.97341231834399
42;25.59;133.80270292761142
101;5.04;128.99137117701332
992;60.95;56.332106943404554
45;139.19;133.55805894029288
389;142.46;105.5055483944327
564;1.71;91.23464913418407
322;71.51;110.9692641112136
806;7.17;71.50003415715453
235;8.33;118.0639397434515
34;46.51;134.4550868937942
794;98.3;72.47861010642872
32;19.11;134.6181828853399
523;1.09;94.57811696087089
884;1.52;65.13929048687227
31;24.65;134.69973088111277
915;120.67;62.61130261791395
55;19.58;132.74257898256437
5;61.75;136.81997877120685
260;221.6;116.02523984913026
5;81.72;136.81997877120685
856;1.26;67.42263436851206
474;10.58;98.5739687537405
29;4.71;134.86282687265847
944;103.53;60.24641074050132
38;21.81;134.12889491070283
280;40.76;114.39427993367327
6;35.65;136.73843077543398
4;62.89;136.90152676697969
663;50.54;83.16139755267199
116;230.4;127.76815124042056
29;53.51;134.86282687265847
520;82.79;94.82276094818943
133;258.7;126.38183531228213
356;1.19;108.19663225493673
166;12.92;123.6907514517781
29;8.12;134.86282687265847
164;68.71;123.8538474433238
575;26.34;90.33762118068273
263;28.56;115.78059586181172
869;55.53;66.36251042346501
678;11.6;81.93817761607923
846;18.23;68.23811432624055
865;21.3;66.68870240655642
573;2.31;90.50071717222842
861;0.98;67.01489438964781
453;23.67;100.28647666497034
776;35.04;73.94647403034
696;6.97;80.47031369216795
343;0.99;109.25675619998377
64;4.24;132.00864702060872
160;25.24;124.18003942641519
668;18.29;82.75365757380774
901;34.06;63.75297455873384
163;21.4;123.93539543909665
211;38.95;120.02109164199987
666;2.37;82.91675356535343
30;59.64;134.7812788768856
2;10.53;137.0646227585254
720;64.18;78.51316179361956
702;23.17;79.98102571753085
928;63.55;61.55117867286691
600;67.93;88.29892128636149
908;57.84;63.182138588323895
940;46.1;60.57260272359271
189;18.49;121.81514754900256
606;82.27;87.80963331172438
214;29.46;119.77644765468133
666;105.4;82.91675356535343
630;77.65;85.85248141317601
999;39.84;55.76127097299461
909;37.54;63.10059059255104
695;10.67;80.5518616879408
907;12.83;63.263686584096746
5;1.5;136.81997877120685
44;41.82;133.63960693606572
4;13.13;136.90152676697969
922;37.67;62.040466647504005
18;34.0;135.7598548261598
12;97.15;136.2491428007969
626;1.4;86.17867339626741
346;42.13;109.01211221266522
770;306.55;74.43576200497711
936;9.72;60.898794706684114
142;7.32;125.64790335032649
345;5.23;109.09366020843807
353;25.99;108.44127624225527
613;19.68;87.23879734131444
899;259.78;63.91607055027954
37;27.07;134.21044290647566
623;79.72;86.42331738358595
408;27.66;103.95613647474856
328;63.5;110.47997613657651
556;49.06;91.88703310036686
4;66.62;136.90152676697969
4;197.93;136.90152676697969
289;19.66;113.66034797171763
721;76.68;78.43161379784672
26;33.11;135.107470859977
865;10.01;66.68870240655642
45;11.02;133.55805894029288
405;1.18;104.20078046206712
25;7.89;135.18901885574985
68;0.84;131.68245503751734
27;19.51;135.02592286420415
174;112.35;123.0383674855953
490;5.29;97.26920082137491
418;207.3;103.14065651702006
27;0.47;135.02592286420415
786;424.96;73.13099407261151
15;250.89;136.00449881347836
610;74.81;87.48344132863299
471;229.12;98.81861274105906
701;1.27;80.0625737133037
498;9.1;96.61681685519213
249;10.14;116.92226780263161
663;8.04;83.16139755267199
860;100.6;67.09644238542066
538;443.69;93.35489702427815
387;31.78;105.6686443859784
497;7.24;96.69836485096496
17;33.39;135.84140282193266
41;168.13;133.88425092338426
102;300.19;128.90982318124045
246;7.93;117.16691178995015
966;81.56;58.45235483349863
468;28.59;99.06325672837761
648;1.58;84.38461748926471
43;1.13;133.72115493183856
548;84.13;92.53941706654965
916;81.24;62.5297546221411
389;33.93;105.5055483944327
394;74.46;105.09780841556845
890;225.25;64.65000251223518
303;2.11;112.51867603089774
531;19.26;93.92573299468809
49;203.92;133.23186695720148
34;1.26;134.4550868937942
44;59.41;133.63960693606572
954;6.89;59.43093078277282
162;81.34;124.0169434348695
320;298.22;111.1323601027593
17;176.13;135.84140282193266
769;109.41;74.51731000074994
433;238.25;101.91743658042734
671;87.32;82.50901358648917
644;0.8;84.71080947235612
143;193.12;125.56635535455364
261;10.27;115.94369185335742
660;24.58;83.40604153999053
922;32.48;62.040466647504005
4;6.68;136.90152676697969
18;39.99;135.7598548261598
314;4.95;111.6216480773964
372;2.25;106.89186432257114
929;242.69;61.46963067709406
21;123.93;135.51521083884126
49;32.02;133.23186695720148
25;212.6;135.18901885574985
11;0.96;136.33069079656974
20;26.53;135.5967588346141
27;210.39;135.02592286420415
19;18.71;135.67830683038696
50;159.51;133.15031896142864
662;69.43;83.24294554844482
13;27.51;136.16759480502404
892;287.17;64.48690652068949
266;265.04;115.53595187449316
800;16.64;71.98932213179162
439;9.66;101.42814860579023
651;212.61;84.13997350194617
7;14.26;136.65688277966115
550;20.64;92.37632107500396
752;1.34;75.90362592888839
767;5.72;74.68040599229565
752;254.31;75.90362592888839
957;202.81;59.18628679545428
402;1.59;104.44542444938565
788;55.5;72.96789808106581
687;27.67;81.2042456541236
5;29.62;136.81997877120685
9;19.82;136.49378678811544
711;140.38;79.24709375557521
229;21.34;118.55322771808859
253;446.9;116.5960758195402
430;89.55;102.16208056774587
858;203.21;67.25953837696636
42;34.33;133.80270292761142
28;68.9;134.9443748684313
45;22.59;133.55805894029288
578;0.91;90.09297719336416
901;55.27;63.75297455873384
41;11.04;133.88425092338426
541;40.82;93.11025303695959
717;6.78;78.75780578093811
995;28.6;56.087462956086
253;30.05;116.5960758195402
765;20.03;74.84350198384135
248;0.76;117.00381579840446
884;153.05;65.13929048687227
199;37.0;120.99966759127408
47;6.57;133.39496294874718
379;34.44;106.32102835216119
579;20.48;90.01142919759133
69;14.79;131.60090704174448
552;17.66;92.21322508345825
238;30.93;117.81929575613295
926;1.11;61.7142746644126
13;4.99;136.16759480502404
118;1.41;127.60505524887486
43;5.31;133.72115493183856
125;141.95;127.03421927846492
50;22.35;133.15031896142864
610;70.06;87.48344132863299
16;1.43;135.9229508177055
919;121.05;62.285110634822544
19;17.73;135.67830683038696
711;42.75;79.24709375557521
106;90.13;128.58363119814905
217;32.16;119.53180366736278
728;192.84;77.86077782743678
801;35.89;71.90777413601877
9;30.85;136.49378678811544
579;6.57;90.01142919759133
48;242.93;133.3134149529743
137;48.33;126.05564332919073
420;5.56;102.97756052547436
221;18.22;119.20561168427139
322;120.0;110.9692641112136
221;0.93;119.20561168427139
16;256.98;135.9229508177055
461;8.82;99.63409269878755
566;34.46;91.07155314263836
247;120.13;117.08536379417731
2;6.86;137.0646227585254
164;78.29;123.8538474433238
995;98.58;56.087462956086
386;9.13;105.75019238175125
50;156.73;133.15031896142864
43;11.29;133.72115493183856
31;40.07;134.69973088111277
182;71.86;122.3859835194125
282;100.07;114.23118394212759
12;73.43;136.2491428007969
334;16.92;109.99068816193942
816;6.1;70.68455419942603
513;1.08;95.39359691859937
735;9.16;77.28994185702683
143;36.85;125.56635535455364
188;27.27;121.89669554477541
305;0.92;112.35558003935205
933;43.04;61.143438694002654
859;38.1;67.17799038119351
22;72.34;135.43366284306842
500;220.84;96.45372086364642
229;26.36;118.55322771808859
923;23.9;61.95891865173115
485;229.27;97.67694080023915
318;1.74;111.295456094305
73;1.23;131.2747150586531
495;146.27;96.86146084251067
221;1351.01;119.20561168427139
528;5.35;94.17037698200664
612;39.16;87.3203453370873
889;2.79;64.73155050800803
689;1.47;81.0411496625779
328;38.82;110.47997613657651
614;228.57;87.1572493455416
128;12.33;126.78957529114638
686;26.87;81.28579364989645
110;214.43;128.25743921505767
569;23.04;90.82690915531981
26;71.1;135.107470859977
778;0.94;73.7833780387943
12;34.97;136.2491428007969
4;165.94;136.90152676697969
32;0.72;134.6181828853399
528;230.93;94.17037698200664
308;18.55;112.1109360520335
112;47.84;128.09434322351197
47;59.5;133.39496294874718
20;281.52;135.5967588346141
254;17.77;116.51452782376737
999;55.5;55.76127097299461
34;0.97;134.4550868937942
423;25.99;102.73291653815582
268;17.87;115.37285588294748
764;14.33;74.92504997961419
597;35.4;88.54356527368003
545;5.09;92.7840610538682
98;5.46;129.23601516433186
360;12.57;107.87044027184533
10;29.11;136.4122387923426
446;0.6;100.85731263538028
4;8.44;136.90152676697969
748;193.66;76.22981791197978
713;1.11;79.0839977640295
15;19.14;136.00449881347836
263;28.7;115.78059586181172
669;68.76;82.67210957803488
384;152.19;105.91328837329695
640;73.75;85.03700145544752
581;33.5;89.84833320604562
27;30.65;135.02592286420415
28;33.29;134.9443748684313
732;70.01;77.53458584434537
16;18.23;135.9229508177055
41;28.28;133.88425092338426
714;27.56;79.00244976825667
514;1.77;95.31204892282653
672;10.73;82.42746559071634
492;5.13;97.1061048298292
49;118.75;133.23186695720148
979;23.71;57.39223088845159
4;1.32;136.90152676697969
435;36.39;101.75434058888163
737;26.69;77.12684586548113
831;158.83;69.46133426283329
377;247.51;106.4841243437069
874;14.38;65.95477044460077
635;60.74;85.44474143431177
304;14.27;112.43712803512489
796;97.25;72.31551411488302
507;25.91;95.88288489323648
5;1650.91;136.81997877120685
826;90.26;69.86907424169753
427;23.26;102.40672455506441
608;45.83;87.6465373201787
31;33.09;134.69973088111277
14;147.08;136.0860468092512
864;11.43;66.77025040232927
793;100.2;72.56015810220157
291;22.04;113.49725198017194
7;104.75;136.65688277966115
511;53.93;95.55669291014507
770;23.27;74.43576200497711
642;19.09;84.87390546390182
821;43.67;70.27681422056179
80;157.98;130.70387908824316
570;30.71;90.74536115954697
967;93.22;58.37080683772578
852;115.28;67.74882635160346
98;32.51;129.23601516433186
325;79.02;110.72462012389505
41;27.72;133.88425092338426
428;100.58;102.32517655929158
750;1.83;76.06672192043408
996;139.5;56.00591496031315
404;214.68;104.28232845783995
15;1.36;136.00449881347836
540;17.58;93.19180103273246
7;366.06;136.65688277966115
822;2.64;70.19526622478894
250;124.26;116.84071980685876
619;1.15;86.74950936667736
329;10.9;110.39842814080366
29;27.12;134.86282687265847
18;5.51;135.7598548261598
710;27.18;79.32864175134806
16;1.63;135.9229508177055
427;0.71;102.40672455506441
118;4.6;127.60505524887486
531;507.08;93.92573299468809
833;12.12;69.29823827128759
850;36.54;67.91192234314916
124;204.62;127.11576727423777
979;19.32;57.39223088845159
552;69.48;92.21322508345825
549;11.9;92.45786907077681
966;162.53;58.45235483349863
62;82.09;132.17174301215442
414;0.98;103.46684850011147
152;28.32;124.83242339259799
637;32.73;85.28164544276606
353;23.31;108.44127624225527
809;2.41;71.25539016983598
380;118.71;106.23948035638834
36;118.48;134.29199090224853
467;17.39;99.14480472415045
755;4.97;75.65898194156983
220;69.08;119.28715968004424
148;1.75;125.1586153756894
410;230.07;103.79304048320287
745;74.0;76.47446189929833
719;17.07;78.59470978939243
182;23.78;122.3859835194125
48;78.98;133.3134149529743
721;115.6;78.43161379784672
514;94.78;95.31204892282653
49;17.25;133.23186695720148
449;54.5;100.61266864806174
891;153.87;64.56845451646232
878;99.71;65.62857846150938
16;22.59;135.9229508177055
934;21.12;61.0618906982298
874;65.3;65.95477044460077
752;98.93;75.90362592888839
25;6.12;135.18901885574985
98;144.77;129.23601516433186
414;33.7;103.46684850011147
970;32.74;58.126162850407226
27;8.99;135.02592286420415
811;27.99;71.09229417829027
77;30.8;130.9485230755617
249;12.53;116.92226780263161
626;6.32;86.17867339626741
33;9.76;134.53663488956707
28;220.01;134.9443748684313
154;1.21;124.6693274010523
778;41.53;73.7833780387943
7;6.2;136.65688277966115
595;200.83;88.70666126522573
828;1.73;69.70597825015184
34;58.38;134.4550868937942
595;17.54;88.70666126522573
932;10.05;61.224986689775506
838;11.5;68.89049829242335
392;1.04;105.26090440711415
796;175.19;72.31551411488302
23;5.73;135.35211484729555
804;98.29;71.66313014870022
11;119.77;136.33069079656974
463;39.95;99.47099670724185
516;28.5;95.14895293128083
743;330.17;76.63755789084404
218;4.86;119.45025567158993
623;0.91;86.42331738358595
1;26.07;137.14617075429825
384;7.63;105.91328837329695
972;1.08;57.96306685886154
517;12.05;95.06740493550798
64;5.47;132.00864702060872
308;254.11;112.1109360520335
37;34.44;134.21044290647566
170;67.48;123.3645594686867
48;1.31;133.3134149529743
984;8.56;56.984490909587336
944;80.74;60.24641074050132
769;0.77;74.51731000074994
869;1.97;66.36251042346501
730;38.11;77.69768183589107
961;107.47;58.860094812362874
50;25.05;133.15031896142864
18;17.15;135.7598548261598
49;20.44;133.23186695720148
507;6.37;95.88288489323648
14;204.37;136.0860468092512
3;13.39;136.98307476275255
57;13.0;132.57948299101866
277;18.37;114.63892392099183
916;16.52;62.5297546221411
423;15.91;102.73291653815582
942;7.34;60.40950673204702
531;281.08;93.92573299468809
903;37.73;63.58987856718814
181;84.31;122.46753151518536
495;0.9;96.86146084251067
550;2.0;92.37632107500396
365;256.56;107.46270029298108
520;29.83;94.82276094818943
274;0.52;114.88356790831037
963;214.66;58.69699882081717
764;4.75;74.92504997961419
963;5.25;58.69699882081717
50;0.66;133.15031896142864
950;29.62;59.757122765864224
16;303.03;135.9229508177055
25;16.15;135.18901885574985
142;254.1;125.64790335032649
242;16.22;117.49310377304155
35;10.89;134.37353889802137
590;90.19;89.11440124408998
214;212.95;119.77644765468133
193;26.59;121.48895556591117
520;8.36;94.82276094818943
45;1.24;133.55805894029288
439;90.74;101.42814860579023
50;211.21;133.15031896142864
71;5.32;131.43781105019877
24;247.74;135.27056685152272
659;17.68;83.48758953576338
953;0.49;59.51247877854567
764;18.94;74.92504997961419
611;6.34;87.40189333286014
41;33.87;133.88425092338426
552;234.15;92.21322508345825
923;7.9;61.95891865173115
108;1.22;128.42053520660338
19;6.52;135.67830683038696
684;30.21;81.44888964144215
810;1.09;71.17384217406313
504;7.83;96.12752888055502
56;19.72;132.66103098679153
933;7.14;61.143438694002654
982;56.4;57.14758690113304
827;197.16;69.78752624592468
6;443.97;136.73843077543398
606;191.74;87.80963331172438
355;308.67;108.27818025070957
591;0.76;89.03285324831714
541;84.42;93.11025303695959
663;178.15;83.16139755267199
753;20.61;75.82207793311554
494;57.36;96.94300883828352
15;19.06;136.00449881347836
306;78.59;112.2740320435792
27;0.81;135.02592286420415
395;35.54;105.0162604197956
223;8.28;119.04251569272569
900;75.87;63.83452255450669
6;4.75;136.73843077543398
939;9.91;60.65415071936556
539;56.03;93.2733490285053
742;3.98;76.71910588661689
1000;281.89;55.67972297722176
18;92.09;135.7598548261598
855;2.55;67.5041823642849
316;1.32;111.4585520858507
389;1581.95;105.5055483944327
29;63.38;134.86282687265847
8;7.69;136.5753347838883
890;71.29;64.65000251223518
571;4.31;90.66381316377411
663;1.58;83.16139755267199
43;71.43;133.72115493183856
32;3.8;134.6181828853399
27;27.06;135.02592286420415
946;139.57;60.083314748955615
236;125.74;117.98239174767865
948;189.45;59.92021875740991
5;1.59;136.81997877120685
717;104.3;78.75780578093811
570;92.55;90.74536115954697
37;104.59;134.21044290647566
23;33.42;135.35211484729555
390;204.82;105.42400039865984
16;2.03;135.9229508177055
384;19.87;105.91328837329695
202;41.66;120.75502360395552
109;82.73;128.3389872108305
938;8.78;60.73569871513841
22;38.71;135.43366284306842
541;6.41;93.11025303695959
551;0.28;92.2947730792311
450;18.41;100.53112065228889
314;21.84;111.6216480773964
411;99.77;103.71149248743001
212;27.49;119.93954364622704
955;26.64;59.34938278699997
36;45.02;134.29199090224853
911;39.92;62.93749460100534
604;42.98;87.97272930327009
7;1.32;136.65688277966115
11;37.72;136.33069079656974
202;80.24;120.75502360395552
22;24.67;135.43366284306842
233;222.88;118.2270357349972
861;1.45;67.01489438964781
6;11.66;136.73843077543398
847;11.08;68.1565663304677
770;6.84;74.43576200497711
16;1.17;135.9229508177055
512;109.35;95.47514491437224
345;122.78;109.09366020843807
80;1.89;130.70387908824316
543;67.38;92.9471570454139
13;92.74;136.16759480502404
13;201.09;136.16759480502404
280;0.64;114.39427993367327
21;72.04;135.51521083884126
792;27.51;72.64170609797442
35;88.48;134.37353889802137
802;70.12;71.82622614024592
350;272.99;108.68592022957382
74;30.17;131.19316706288024
924;21.46;61.8773706559583
941;14.93;60.49105472781986
311;76.33;111.86629206471494
420;69.49;102.97756052547436
49;54.94;133.23186695720148
408;63.07;103.95613647474856
115;19.4;127.84969923619342
289;38.67;113.66034797171763
456;2.82;100.0418326776518
973;7.41;57.88151886308869
28;12.48;134.9443748684313
286;28.73;113.90499195903618
864;28.89;66.77025040232927
692;163.31;80.79650567525934
797;77.07;72.23396611911016
739;0.72;76.96374987393543
811;2.03;71.09229417829027
355;2.24;108.27818025070957
796;227.01;72.31551411488302
49;49.09;133.23186695720148
15;142.44;136.00449881347836
834;124.47;69.21669027551474
351;37.44;108.60437223380097
596;30.77;88.62511326945288
658;87.1;83.56913753153623
32;85.0;134.6181828853399
64;99.79;132.00864702060872
227;17.28;118.7163237096343
251;23.84;116.7591718110859
742;10.4;76.71910588661689
769;27.62;74.51731000074994
747;1.19;76.31136590775264
621;294.35;86.58641337513166
339;242.85;109.58294818307516
343;75.9;109.25675619998377
801;159.04;71.90777413601877
518;1.33;94.98585693973513
189;0.73;121.81514754900256
17;1.08;135.84140282193266
868;139.37;66.44405841923786
297;114.62;113.00796400553483
894;221.09;64.32381052914378
479;59.73;98.16622877487626
499;92.14;96.53526885941926
741;8.97;76.80065388238972
577;0.91;90.17452518913703
773;5.74;74.19111801765855
98;10.36;129.23601516433186
102;1.8;128.90982318124045
307;67.67;112.19248404780635
303;84.65;112.51867603089774
107;0.72;128.5020832023762
72;0.92;131.35626305442594
113;27.92;128.0127952277391
43;22.89;133.72115493183856
155;15.09;124.58777940527945
391;27.83;105.342452402887
1;225.98;137.14617075429825
569;36.17;90.82690915531981
132;53.08;126.46338330805497
613;22.82;87.23879734131444
725;25.49;78.10542181475532
692;11.73;80.79650567525934
24;24.27;135.27056685152272
484;0.92;97.75848879601202
951;1.18;59.67557477009137
556;245.3;91.88703310036686
974;90.14;57.799970867315835
690;81.9;80.95960166680504
5;5.13;136.81997877120685
914;10.18;62.6928506136868
276;123.58;114.72047191676467
126;58.96;126.95267128269208
257;13.43;116.26988383644881
861;244.35;67.01489438964781
640;59.53;85.03700145544752
724;188.43;78.18696981052817
192;33.81;121.57050356168402
28;11.62;134.9443748684313
82;5016.58;130.54078309669745
226;28.44;118.79787170540715
247;51.98;117.08536379417731
730;0.79;77.69768183589107
12;156.13;136.2491428007969
13;258.16;136.16759480502404
688;38.75;81.12269765835075
16;31.16;135.9229508177055
139;0.93;125.89254733764503
463;3.98;99.47099670724185
179;61.11;122.63062750673106
49;26.47;133.23186695720148
579;288.07;90.01142919759133
484;0.52;97.75848879601202
24;1.06;135.27056685152272
410;32.39;103.79304048320287
16;1.28;135.9229508177055
511;190.68;95.55669291014507
11;34.77;136.33069079656974
14;16.4;136.0860468092512
21;98.82;135.51521083884126
31;89.2;134.69973088111277
478;246.99;98.24777677064911
375;85.51;106.64722033525258
400;217.87;104.60852044093136
26;32.61;135.107470859977
7;16.29;136.65688277966115
517;154.15;95.06740493550798
166;6.55;123.6907514517781
117;51.42;127.68660324464771
313;6.25;111.70319607316925
504;26.75;96.12752888055502
605;210.42;87.89118130749725
406;75.06;104.11923246629425
928;145.72;61.55117867286691
650;37.88;84.22152149771902
22;39.64;135.43366284306842
337;39.17;109.74604417462086
649;20.88;84.30306949349188
919;25.55;62.285110634822544
555;79.79;91.9685810961397
491;185.05;97.18765282560207
617;34.67;86.91260535822305
762;7.43;75.08814597115989
438;78.81;101.50969660156308
29;193.66;134.86282687265847
334;2.2;109.99068816193942
24;38.14;135.27056685152272
3;274.46;136.98307476275255
139;89.11;125.89254733764503
370;33.2;107.05496031411684
980;1.04;57.31068289267874
975;31.83;57.718422871542984
17;34.87;135.84140282193266
61;1.15;132.2532910079273
38;28.33;134.12889491070283
630;1.52;85.85248141317601
33;9.17;134.53663488956707
243;135.88;117.4115557772687
405;18.71;104.20078046206712
524;21.97;94.49656896509804
311;21.38;111.86629206471494
788;87.83;72.96789808106581
673;25.27;82.34591759494349
872;47.64;66.11786643614647
150;145.09;124.99551938414369
897;226.04;64.07916654182523
127;70.48;126.87112328691923
820;28.4;70.35836221633464
496;259.2;96.77991284673783
640;32.55;85.03700145544752
252;6.14;116.67762381531305
15;1.65;136.00449881347836
513;23.35;95.39359691859937
224;15.83;118.96096769695284
927;0.67;61.63272666863975
899;13.76;63.91607055027954
19;234.76;135.67830683038696
24;2.25;135.27056685152272
44;5363.55;133.63960693606572
667;25.75;82.83520556958058
61;215.62;132.2532910079273
218;220.59;119.45025567158993
61;34.26;132.2532910079273
145;5279.53;125.40325936300793
46;29.55;133.47651094452002
248;57.55;117.00381579840446
48;45.1;133.3134149529743
670;45.06;82.59056158226204
353;277.96;108.44127624225527
597;25.66;88.54356527368003
827;209.75;69.78752624592468
855;151.85;67.5041823642849
320;26.64;111.1323601027593
454;56.68;100.2049286691975
80;13.32;130.70387908824316
60;28.33;132.33483900370013
48;1.35;133.3134149529743
753;289.1;75.82207793311554
761;69.6;75.16969396693275
313;102.92;111.70319607316925
1;41.0;137.14617075429825
60;12.29;132.33483900370013
230;17.16;118.47167972231574
289;4.96;113.66034797171763
43;1.42;133.72115493183856
741;139.18;76.80065388238972
515;1.2;95.23050092705368
470;48.78;98.90016073683191
9;1.88;136.49378678811544
624;13.35;86.3417693878131
208;3.93;120.26573562931843
710;1.75;79.32864175134806
231;19.57;118.39013172654289
984;65.7;56.984490909587336
262;28.54;115.86214385758456
671;5.36;82.50901358648917
571;75.36;90.66381316377411
274;1.11;114.88356790831037
475;7.15;98.49242075796766
249;11.62;116.92226780263161
995;225.99;56.087462956086
484;95.81;97.75848879601202
722;6.71;78.35006580207387
823;28.78;70.11371822901609
271;173.64;115.12821189562892
343;68.06;109.25675619998377
384;172.59;105.91328837329695
6;99.84;136.73843077543398
29;122.44;134.86282687265847
122;21.88;127.27886326578347
673;68.22;82.34591759494349
103;23.99;128.82827518546762
629;0.87;85.93402940894886
47;1.26;133.39496294874718
7;104.59;136.65688277966115
5;0.78;136.81997877120685
762;20.66;75.08814597115989
33;145.45;134.53663488956707
75;391.36;131.1116190671074
254;2.26;116.51452782376737
816;97.61;70.68455419942603
456;1.38;100.0418326776518
950;36.85;59.757122765864224
101;356.31;128.99137117701332
274;243.94;114.88356790831037
822;0.74;70.19526622478894
27;23.2;135.02592286420415
4;59.14;136.90152676697969
446;89.26;100.85731263538028
651;32.07;84.13997350194617
6;28.58;136.73843077543398
706;24.47;79.65483373443945
780;61.8;73.62028204724861
188;47.6;121.89669554477541
954;9.48;59.43093078277282
852;14.99;67.74882635160346
422;27.23;102.81446453392867
665;11.93;82.99830156112628
685;43.28;81.36734164566928
478;1.27;98.24777677064911
38;1.37;134.12889491070283
47;66.77;133.39496294874718
893;46.13;64.40535852491664
18;165.09;135.7598548261598
789;194.76;72.88635008529296
273;83.04;114.96511590408322
603;55.35;88.05427729904294
27;65.56;135.02592286420415
42;0.88;133.80270292761142
37;1.56;134.21044290647566
861;255.42;67.01489438964781
953;36.39;59.51247877854567
148;1.91;125.1586153756894
471;1.61;98.81861274105906
463;178.77;99.47099670724185
487;226.89;97.51384480869346
965;6.34;58.53390282927148
415;22.07;103.38530050433862
727;471.11;77.94232582320961
981;23.32;57.22913489690589
630;22.32;85.85248141317601
242;22.17;117.49310377304155
812;41.35;71.01074618251742
112;281.73;128.09434322351197
376;1.37;106.56567233947973
160;12.41;124.18003942641519
497;188.19;96.69836485096496
149;1.04;125.07706737991654
567;37.67;90.99000514686551
680;71.18;81.77508162453354
137;260.49;126.05564332919073
899;35.43;63.91607055027954
721;24.24;78.43161379784672
393;151.61;105.1793564113413
561;7.96;91.47929312150262
20;10.76;135.5967588346141
73;22.49;131.2747150586531
889;54.32;64.73155050800803
715;84.51;78.92090177248382
95;0.92;129.4806591516504
13;110.92;136.16759480502404
237;12.68;117.9008437519058
721;61.15;78.43161379784672
740;105.73;76.88220187816259
27;27.05;135.02592286420415
120;0.77;127.44195925732917
64;423.26;132.00864702060872
829;7.54;69.62443025437899
703;22.93;79.899477721758
441;1.41;101.26505261424452
176;129.0;122.87527149404961
266;101.29;115.53595187449316
35;7.93;134.37353889802137
964;0.27;58.615450825044334
542;13.78;93.02870504118675
978;13.47;57.473778884224444
522;223.0;94.65966495664374
956;18.42;59.26783479122713
332;64.37;110.1537841534851
413;234.96;103.5483964958843
451;27.0;100.44957265651604
140;22.54;125.81099934187219
378;0.81;106.40257634793404
554;80.48;92.05012909191257
175;1.74;122.95681948982246
813;26.77;70.92919818674459
225;7.77;118.87941970117998
10;19.33;136.4122387923426
292;1.84;113.41570398439909
289;9.52;113.66034797171763
102;22.13;128.90982318124045
847;34.34;68.1565663304677
961;61.29;58.860094812362874
610;252.33;87.48344132863299
16;22.9;135.9229508177055
8;13.37;136.5753347838883
883;32.24;65.22083848264512
198;20.06;121.08121558704693
141;394.86;125.72945134609934
29;0.68;134.86282687265847
68;95.39;131.68245503751734
774;31.75;74.1095700218857
260;23.61;116.02523984913026
17;1.41;135.84140282193266
711;61.09;79.24709375557521
24;31.54;135.27056685152272
663;14.79;83.16139755267199
869;31.42;66.36251042346501
405;1.27;104.20078046206712
536;259.68;93.51799301582385
459;12.32;99.79718869033324
66;79.84;131.84555102906305
138;69.41;125.97409533341788
682;0.85;81.61198563298784
158;26.49;124.3431354179609
454;15.98;100.2049286691975
638;115.58;85.20009744699321
194;5.06;121.40740757013832
45;12.31;133.55805894029288
23;38.27;135.35211484729555
415;15.38;103.38530050433862
506;30.49;95.96443288900932
25;37.77;135.18901885574985
186;5.16;122.05979153632111
557;255.51;91.80548510459401
547;31.88;92.62096506232251
905;36.05;63.426782575642434
841;16.19;68.64585430510479
281;9.84;114.31273193790042
46;88.71;133.47651094452002
244;22.03;117.33000778149585
26;285.5;135.107470859977
967;268.65;58.37080683772578
512;25.53;95.47514491437224
311;5.87;111.86629206471494
22;26.83;135.43366284306842
27;30.44;135.02592286420415
71;19.82;131.43781105019877
956;75.17;59.26783479122713
731;1.7;77.61613384011822
407;0.46;104.03768447052141
143;22.66;125.56635535455364
528;41.52;94.17037698200664
20;210.68;135.5967588346141
212;34.36;119.93954364622704
63;142.42;132.09019501638159
31;24.12;134.69973088111277
814;1.31;70.84765019097173
583;37.01;89.68523721449992
44;97.1;133.63960693606572
27;13.53;135.02592286420415
619;159.51;86.74950936667736
694;153.83;80.63340968371365
187;238.37;121.97824354054826
38;24.73;134.12889491070283
710;148.76;79.32864175134806
6;29.88;136.73843077543398
442;41.1;101.18350461847169
123;194.02;127.19731527001062
839;125.98;68.8089502966505
1;102.18;137.14617075429825
896;40.45;64.16071453759808
619;264.95;86.74950936667736
725;91.94;78.10542181475532
208;31.46;120.26573562931843
283;54.31;114.14963594635472
27;20.61;135.02592286420415
663;21.37;83.16139755267199
41;26.17;133.88425092338426
37;4266.96;134.21044290647566
77;11.49;130.9485230755617
233;2.06;118.2270357349972
656;12.51;83.73223352308193
30;103.12;134.7812788768856
84;1.37;130.37768710515175
380;79.54;106.23948035638834
400;143.8;104.60852044093136
768;5.03;74.5988579965228
419;29.71;103.05910852124723
928;3.96;61.55117867286691
36;1.94;134.29199090224853
92;47.41;129.72530313896894
680;109.83;81.77508162453354
529;38.71;94.08882898623379
268;26.52;115.37285588294748
37;57.53;134.21044290647566
659;110.85;83.48758953576338
857;131.29;67.34108637273921
842;235.19;68.56430630933195
42;166.92;133.80270292761142
5;2.22;136.81997877120685
793;5.23;72.56015810220157
141;0.24;125.72945134609934
523;2.38;94.57811696087089
49;7.21;133.23186695720148
319;157.05;111.21390809853216
89;211.86;129.9699471262875
750;22.79;76.06672192043408
936;29.2;60.898794706684114
515;5.3;95.23050092705368
977;6.72;57.55532687999728
424;11.99;102.65136854238297
492;284.64;97.1061048298292
680;39.22;81.77508162453354
104;49.98;128.74672718969475
292;25.41;113.41570398439909
38;34.33;134.12889491070283
8;12.67;136.5753347838883
390;13.18;105.42400039865984
197;29.41;121.16276358281976
227;100.55;118.7163237096343
5;31.8;136.81997877120685
38;0.86;134.12889491070283
5;113.63;136.81997877120685
11;7.6;136.33069079656974
714;1.86;79.00244976825667
333;48.48;110.07223615771227
361;55.49;107.78889227607249
756;28.49;75.577433945797
24;21.31;135.27056685152272
598;1.77;88.4620172779072
651;1.28;84.13997350194617
632;33.37;85.6893854216303
34;35.12;134.4550868937942
22;4.93;135.43366284306842
976;13.5;57.63687487577013
794;27.95;72.47861010642872
222;268.92;119.12406368849854
841;138.0;68.64585430510479
693;0.42;80.7149576794865
875;36.59;65.87322244882792
124;0.79;127.11576727423777
834;1.1;69.21669027551474
819;14.7;70.43991021210748
50;0.25;133.15031896142864
7;263.22;136.65688277966115
11;81.48;136.33069079656974
372;5.28;106.89186432257114
626;138.43;86.17867339626741
613;64.11;87.23879734131444
226;37.72;118.79787170540715
579;2.37;90.01142919759133
174;250.54;123.0383674855953
285;23.47;113.98653995480903
690;201.69;80.95960166680504
618;14.64;86.8310573624502
27;9.39;135.02592286420415
636;130.17;85.36319343853891
124;34.09;127.11576727423777
269;211.37;115.29130788717461
831;1.7;69.46133426283329
63;14.53;132.09019501638159
369;6.55;107.13650830988968
25;41.16;135.18901885574985
247;5.01;117.08536379417731
35;34.01;134.37353889802137
192;72.84;121.57050356168402
304;6.16;112.43712803512489
898;11.57;63.99761854605238
115;5.99;127.84969923619342
712;63.21;79.16554575980237
973;29.69;57.88151886308869
9;0.89;136.49378678811544
28;7.68;134.9443748684313
613;94.89;87.23879734131444
494;39.61;96.94300883828352
960;6.67;58.941642808135725
385;5.03;105.8317403775241
37;1.6;134.21044290647566
14;212.77;136.0860468092512
14;4.93;136.0860468092512
621;1.45;86.58641337513166
687;106.45;81.2042456541236
372;97.88;106.89186432257114
27;29.82;135.02592286420415
36;10.35;134.29199090224853
469;0.93;98.98170873260474
740;28.14;76.88220187816259
410;219.06;103.79304048320287
453;1.1;100.28647666497034
546;286.9;92.70251305809535
424;5.92;102.65136854238297
937;154.86;60.81724671091126
33;154.26;134.53663488956707
33;318.57;134.53663488956707
529;28.54;94.08882898623379
864;75.98;66.77025040232927
399;120.39;104.6900684367042
50;20.0;133.15031896142864
875;6.54;65.87322244882792
50;14.0;133.15031896142864
44;0.54;133.63960693606572
30;35.29;134.7812788768856
653;8.95;83.97687751040047
809;21.58;71.25539016983598
875;38.32;65.87322244882792
948;14.59;59.92021875740991
771;0.98;74.35421400920424
566;23.25;91.07155314263836
677;1.78;82.0197256118521
420;96.29;102.97756052547436
929;10.88;61.46963067709406
160;5.94;124.18003942641519
36;0.82;134.29199090224853
895;22.55;64.24226253337093
733;221.7;77.45303784857254
261;68.58;115.94369185335742
939;185.35;60.65415071936556
764;28.92;74.92504997961419
23;95.7;135.35211484729555
492;219.97;97.1061048298292
631;0.7;85.77093341740316
434;30.23;101.83588858465447
4;5.05;136.90152676697969
63;1.89;132.09019501638159
180;19.22;122.54907951095821
537;81.05;93.436445020051
43;78.04;133.72115493183856
712;1.48;79.16554575980237
510;26.38;95.63824090591793
605;23.11;87.89118130749725
27;8.02;135.02592286420415
509;27.94;95.71978890169078
173;94.24;123.11991548136815
557;4.86;91.80548510459401
930;108.16;61.38808268132121
192;229.14;121.57050356168402
833;5.44;69.29823827128759
144;6.12;125.48480735878078
64;10.0;132.00864702060872
45;0.29;133.55805894029288
676;5.04;82.10127360762493
26;36.35;135.107470859977
35;23.83;134.37353889802137
45;64.42;133.55805894029288
926;1.89;61.7142746644126
754;236.69;75.7405299373427
767;22.48;74.68040599229565
432;23.31;101.99898457620017
178;5.89;122.71217550250391
33;38.85;134.53663488956707
894;13.67;64.32381052914378
445;242.97;100.93886063115313
227;0.82;118.7163237096343
4;4752.97;136.90152676697969
971;0.86;58.04461485463439
928;24.14;61.55117867286691
369;22.54;107.13650830988968
810;23.82;71.17384217406313
630;274.97;85.85248141317601
569;1.38;90.82690915531981
717;250.42;78.75780578093811
23;5.08;135.35211484729555
19;81.67;135.67830683038696
445;288.48;100.93886063115313
304;162.01;112.43712803512489
32;66.08;134.6181828853399
3;280.15;136.98307476275255
822;2.1;70.19526622478894
766;23.02;74.7619539880685
272;26.02;115.04666389985607
565;61.0;91.15310113841122
34;88.81;134.4550868937942
656;9.72;83.73223352308193
304;23.25;112.43712803512489
33;7.5;134.53663488956707
119;6.71;127.52350725310203
953;214.09;59.51247877854567
49;0.8;133.23186695720148
782;26.44;73.4571860557029
147;161.61;125.24016337146224
807;1.81;71.41848616138168
965;7.43;58.53390282927148
2;31.43;137.0646227585254
835;40.47;69.1351422797419
470;211.79;98.90016073683191
10;221.7;136.4122387923426
25;151.98;135.18901885574985
970;74.14;58.126162850407226
975;1.64;57.718422871542984
231;229.21;118.39013172654289
717;22.21;78.75780578093811
31;30.81;134.69973088111277
656;32.58;83.73223352308193
310;121.3;111.94784006048779
43;14.13;133.72115493183856
27;16.77;135.02592286420415
275;212.11;114.80201991253753
19;9.49;135.67830683038696
142;101.44;125.64790335032649
925;64.83;61.79582266018545
708;260.48;79.49173774289376
436;0.84;101.67279259310878
36;7.46;134.29199090224853
999;149.02;55.76127097299461
995;72.01;56.087462956086
605;30.84;87.89118130749725
741;13.03;76.80065388238972
284;68.25;114.06808795058188
876;2.15;65.79167445305507
3;21.0;136.98307476275255
47;1.7;133.39496294874718
13;132.72;136.16759480502404
1;12.6;137.14617075429825
27;28.92;135.02592286420415
277;225.49;114.63892392099183
19;4.85;135.67830683038696
845;231.24;68.3196623220134
242;32.01;117.49310377304155
894;0.85;64.32381052914378
24;1.44;135.27056685152272
5;11.75;136.81997877120685
301;30.66;112.68177202244344
38;9.67;134.12889491070283
505;85.03;96.04598088478218
435;46.44;101.75434058888163
76;88.62;131.03007107133453
556;0.85;91.88703310036686
966;72.03;58.45235483349863
3;26.42;136.98307476275255
149;149.35;125.07706737991654
30;40.37;134.7812788768856
62;20.67;132.17174301215442
960;44.5;58.941642808135725
830;102.66;69.54288225860614
25;90.68;135.18901885574985
23;1.49;135.35211484729555
759;261.51;75.33278995847844
3;12.33;136.98307476275255
501;8.54;96.37217286787357
450;19.69;100.53112065228889
991;73.1;56.41365493917739
936;38.75;60.898794706684114
37;0.27;134.21044290647566
15;232.25;136.00449881347836
41;165.53;133.88425092338426
679;23.68;81.85662962030639
23;0.9;135.35211484729555
2;6.26;137.0646227585254
345;21.3;109.09366020843807
309;12.47;112.02938805626064
498;243.26;96.61681685519213
36;33.83;134.29199090224853
905;102.07;63.426782575642434
883;52.68;65.22083848264512
378;36.3;106.40257634793404
728;71.0;77.86077782743678
523;33.36;94.57811696087089
679;12.91;81.85662962030639
105;36.15;128.66517919392192
679;0.86;81.85662962030639
35;180.79;134.37353889802137
16;27.86;135.9229508177055
421;11.08;102.89601252970152
41;96.37;133.88425092338426
961;73.35;58.860094812362874
259;0.31;116.10678784490311
862;0.29;66.93334639387496
3;113.82;136.98307476275255
626;83.62;86.17867339626741
29;42.09;134.86282687265847
31;161.51;134.69973088111277
24;7.01;135.27056685152272
6;44.6;136.73843077543398
12;1.93;136.2491428007969
709;0.92;79.41018974712091
442;66.59;101.18350461847169
665;1.9;82.99830156112628
436;46.35;101.67279259310878
750;61.2;76.06672192043408
506;88.93;95.96443288900932
593;9.93;88.86975725677144
415;32.77;103.38530050433862
289;11.68;113.66034797171763
430;0.24;102.16208056774587
43;4.8;133.72115493183856
26;50.75;135.107470859977
30;6.59;134.7812788768856
73;28.88;131.2747150586531
26;6.77;135.107470859977
43;11.1;133.72115493183856
43;7.61;133.72115493183856
557;17.57;91.80548510459401
20;103.93;135.5967588346141
121;9.66;127.36041126155632
428;43.21;102.32517655929158
408;79.18;103.95613647474856
557;1.8;91.80548510459401
44;163.66;133.63960693606572
410;1.21;103.79304048320287
293;20.78;113.33415598862624
902;227.75;63.67142656296099
46;91.49;133.47651094452002
11;70.11;136.33069079656974
659;0.98;83.48758953576338
715;12.76;78.92090177248382
531;36.77;93.92573299468809
955;47.6;59.34938278699997
112;13.41;128.09434322351197
203;1.01;120.67347560818267
36;244.02;134.29199090224853
945;259.82;60.16486274472847
133;0.71;126.38183531228213
935;4.45;60.980342702456966
849;241.46;67.99347033892201
25;0.89;135.18901885574985
2;117.14;137.0646227585254
901;23.25;63.75297455873384
52;0.71;132.98722296988294
455;237.48;100.12338067342463
858;18.45;67.25953837696636
557;255.74;91.80548510459401
910;39.68;63.01904259677819
865;75.48;66.68870240655642
531;1.55;93.92573299468809
31;196.58;134.69973088111277
50;12.08;133.15031896142864
689;0.85;81.0411496625779
990;20.58;56.49520293495024
34;134.8;134.4550868937942
589;28.0;89.19594923986284
402;22.56;104.44542444938565
611;256.62;87.40189333286014
38;214.76;134.12889491070283
749;31.62;76.14826991620694
794;4.36;72.47861010642872
41;236.36;133.88425092338426
566;40.13;91.07155314263836
740;17.14;76.88220187816259
874;226.26;65.95477044460077
999;13.8;55.76127097299461
594;5.36;88.78820926099858
434;1.06;101.83588858465447
66;30.44;131.84555102906305
16;92.88;135.9229508177055
433;1.94;101.91743658042734
13;0.67;136.16759480502404
839;1.56;68.8089502966505
764;4.42;74.92504997961419
49;0.3;133.23186695720148
383;236.29;105.99483636906979
208;30.24;120.26573562931843
6;64.65;136.73843077543398
43;217.0;133.72115493183856
263;0.81;115.78059586181172
539;0.98;93.2733490285053
858;34.22;67.25953837696636
3;1.64;136.98307476275255
754;70.21;75.7405299373427
729;21.2;77.77922983166393
46;24.7;133.47651094452002
16;38.56;135.9229508177055
15;29.0;136.00449881347836
484;189.19;97.75848879601202
42;12.26;133.80270292761142
725;262.71;78.10542181475532
254;0.88;116.51452782376737
142;31.55;125.64790335032649
764;11.88;74.92504997961419
172;115.07;123.201463477141
5;9.08;136.81997877120685
139;248.54;125.89254733764503
16;29.4;135.9229508177055
712;1.6;79.16554575980237
992;127.1;56.332106943404554
239;29.45;117.7377477603601
178;2.08;122.71217550250391
84;26.68;130.37768710515175
5;52.88;136.81997877120685
121;229.68;127.36041126155632
674;69.0;82.26436959917064
431;0.88;102.08053257197302
428;38.78;102.32517655929158
258;26.35;116.18833584067596
263;1.31;115.78059586181172
420;12.47;102.97756052547436
26;70.29;135.107470859977
25;0.93;135.18901885574985
8;208.63;136.5753347838883
23;67.06;135.35211484729555
71;23.56;131.43781105019877
714;11.44;79.00244976825667
445;18.33;100.93886063115313
299;4.18;112.84486801398914
19;38.73;135.67830683038696
863;84.86;66.85179839810212
955;166.7;59.34938278699997
135;0.86;126.21873932073643
676;5.52;82.10127360762493
64;2.52;132.00864702060872
601;12.86;88.21737329058864
387;26.33;105.6686443859784
41;163.56;133.88425092338426
627;18.4;86.09712540049455
802;27.06;71.82622614024592
137;0.81;126.05564332919073
443;130.59;101.10195662269884
20;79.72;135.5967588346141
430;190.57;102.16208056774587
982;29.14;57.14758690113304
982;11.44;57.14758690113304
801;0.96;71.90777413601877
20;0.28;135.5967588346141
27;155.23;135.02592286420415
107;5.17;128.5020832023762
233;1.79;118.2270357349972
28;4421.71;134.9443748684313
918;72.55;62.366658630595396
706;40.46;79.65483373443945
43;80.5;133.72115493183856
354;25.48;108.35972824648243
813;192.13;70.92919818674459
744;218.92;76.55600989507118
821;131.63;70.27681422056179
619;6.71;86.74950936667736
140;30.03;125.81099934187219
408;113.92;103.95613647474856
244;173.81;117.33000778149585
282;34.85;114.23118394212759
338;1.12;109.66449617884801
441;1.16;101.26505261424452
45;1.15;133.55805894029288
38;362.9;134.12889491070283
690;210.5;80.95960166680504
983;163.51;57.06603890536019
40;183.71;133.96579891915712
900;204.39;63.83452255450669
10;77.01;136.4122387923426
2;36.02;137.0646227585254
567;19.49;90.99000514686551
31;132.96;134.69973088111277
178;33.5;122.71217550250391
11;12.61;136.33069079656974
862;28.03;66.93334639387496
630;11.99;85.85248141317601
329;5266.86;110.39842814080366
649;230.68;84.30306949349188
365;10.12;107.46270029298108
115;39.92;127.84969923619342
324;12.2;110.8061681196679
865;7.62;66.68870240655642
25;2.1;135.18901885574985
190;29.02;121.73359955322971
47;8.3;133.39496294874718
951;38.27;59.67557477009137
836;4.87;69.05359428396905
361;5.58;107.78889227607249
120;0.51;127.44195925732917
273;44.31;114.96511590408322
391;1.28;105.342452402887
33;266.4;134.53663488956707
758;4.72;75.4143379542513
368;18.67;107.21805630566254
646;30.45;84.54771348081042
247;22.28;117.08536379417731
619;36.02;86.74950936667736
571;48.56;90.66381316377411
851;280.88;67.8303743473763
29;1.47;134.86282687265847
421;0.86;102.89601252970152
98;9.48;129.23601516433186
444;0.88;101.02040862692598
664;75.34;83.07984955689912
249;16.5;116.92226780263161
327;13.45;110.56152413234936
153;222.62;124.75087539682514
36;64.2;134.29199090224853
455;22.73;100.12338067342463
62;0.5;132.17174301215442
71;11.53;131.43781105019877
559;27.03;91.64238911304831
177;61.67;122.79372349827676
50;86.19;133.15031896142864
39;26.59;134.04734691492996
896;283.61;64.16071453759808
579;224.62;90.01142919759133
541;60.39;93.11025303695959
672;1.76;82.42746559071634
441;4.52;101.26505261424452
991;26.83;56.41365493917739
256;6.02;116.35143183222166
470;1.35;98.90016073683191
180;22.22;122.54907951095821
8;97.89;136.5753347838883
18;11.95;135.7598548261598
171;6.59;123.28301147291386
910;81.75;63.01904259677819
35;199.38;134.37353889802137
761;127.92;75.16969396693275
341;28.47;109.41985219152946
283;59.2;114.14963594635472
376;1.21;106.56567233947973
453;234.88;100.28647666497034
887;2.16;64.89464649955373
107;2.17;128.5020832023762
240;37.81;117.65619976458726
598;89.82;88.4620172779072
519;163.9;94.90430894396229
927;1.73;61.63272666863975
699;132.84;80.2256697048494
19;5.03;135.67830683038696
512;7.04;95.47514491437224
27;217.34;135.02592286420415
655;20.77;83.81378151885477
114;13.66;127.93124723196627
502;139.0;96.29062487210072
466;33.94;99.2263527199233
2;26.48;137.0646227585254
1000;0.59;55.67972297722176
261;66.35;115.94369185335742
685;17.68;81.36734164566928
22;6.99;135.43366284306842
438;72.34;101.50969660156308
947;20.01;60.001766753182764
95;28.91;129.4806591516504
138;0.43;125.97409533341788
16;35.55;135.9229508177055
90;265.2;129.88839913051464
233;0.76;118.2270357349972
124;27.94;127.11576727423777
50;8.71;133.15031896142864
781;183.6;73.53873405147576
13;4.92;136.16759480502404
32;0.86;134.6181828853399
902;274.73;63.67142656296099
926;10.2;61.7142746644126
50;40.33;133.15031896142864
854;87.85;67.58573036005775
453;4.45;100.28647666497034
71;7.49;131.43781105019877
669;132.44;82.67210957803488
866;13.48;66.60715441078356
270;77.5;115.20975989140177
238;84.72;117.81929575613295
29;278.9;134.86282687265847
286;147.36;113.90499195903618
390;10.37;105.42400039865984
6;57.92;136.73843077543398
998;121.5;55.842818968767446
983;1.26;57.06603890536019
546;43.7;92.70251305809535
8;45.46;136.5753347838883
14;4653.4;136.0860468092512
342;6.51;109.33830419575662
862;19.56;66.93334639387496
223;8.3;119.04251569272569
397;5.04;104.8531644282499
851;276.09;67.8303743473763
842;8.15;68.56430630933195
825;0.74;69.95062223747038
7;5.74;136.65688277966115
831;258.57;69.46133426283329
52;60.68;132.98722296988294
32;6.67;134.6181828853399
680;26.47;81.77508162453354
462;33.65;99.55254470301469
608;6.76;87.6465373201787
9;85.77;136.49378678811544
738;26.56;77.04529786970828
746;146.33;76.39291390352548
786;6.17;73.13099407261151
32;28.08;134.6181828853399
338;27.46;109.66449617884801
658;125.58;83.56913753153623
385;25.06;105.8317403775241
50;27.42;133.15031896142864
9;289.39;136.49378678811544
46;7.03;133.47651094452002
430;0.69;102.16208056774587
718;229.29;78.67625778516526
696;33.14;80.47031369216795
535;83.67;93.5995410115967
631;21.95;85.77093341740316
894;11.26;64.32381052914378
460;8.38;99.71564069456039
297;132.17;113.00796400553483
323;60.88;110.88771611544075
69;19.55;131.60090704174448
731;20.45;77.61613384011822
387;256.9;105.6686443859784
216;1.25;119.61335166313563
817;109.33;70.60300620365318
890;37.39;64.65000251223518
778;0.92;73.7833780387943
986;161.72;56.82139491804165
807;67.92;71.41848616138168
42;245.91;133.80270292761142
306;315.99;112.2740320435792
505;13.35;96.04598088478218
744;27.83;76.55600989507118
353;0.32;108.44127624225527
718;287.11;78.67625778516526
820;80.13;70.35836221633464
432;1.39;101.99898457620017
35;138.39;134.37353889802137
169;102.27;123.44610746445956
47;39.26;133.39496294874718
140;39.03;125.81099934187219
543;66.22;92.9471570454139
200;78.58;120.91811959550122
509;87.65;95.71978890169078
448;175.47;100.69421664383458
237;13.08;117.9008437519058
549;246.07;92.45786907077681
29;22.52;134.86282687265847
835;35.17;69.1351422797419
23;26.24;135.35211484729555
670;65.19;82.59056158226204
977;8.72;57.55532687999728
777;4.05;73.86492603456716
11;78.56;136.33069079656974
136;1.19;126.13719132496358
40;186.15;133.96579891915712
434;0.5;101.83588858465447
906;9.76;63.3452345798696
383;0.24;105.99483636906979
238;270.43;117.81929575613295
5;126.32;136.81997877120685
921;267.14;62.122014643276856
388;1.41;105.58709639020555
324;18.94;110.8061681196679
36;10.94;134.29199090224853
613;6.32;87.23879734131444
607;84.65;87.72808531595155
808;41.77;71.33693816560883
394;8.35;105.09780841556845
272;12.34;115.04666389985607
542;138.47;93.02870504118675
108;10.24;128.42053520660338
135;43.86;126.21873932073643
780;72.24;73.62028204724861
63;157.18;132.09019501638159
37;160.57;134.21044290647566
476;1.59;98.4108727621948
801;16.65;71.90777413601877
56;153.12;132.66103098679153
582;31.15;89.76678521027279
27;23.81;135.02592286420415
215;77.49;119.69489965890848
759;160.35;75.33278995847844
464;14.71;99.389448711469
252;39.0;116.67762381531305
933;1395.55;61.143438694002654
7;11.5;136.65688277966115
155;6.89;124.58777940527945
8;233.47;136.5753347838883
5;276.06;136.81997877120685
722;7.92;78.35006580207387
680;75.6;81.77508162453354
541;19.15;93.11025303695959
524;398.47;94.49656896509804
47;17.64;133.39496294874718
742;78.14;76.71910588661689
739;5.85;76.96374987393543
231;71.97;118.39013172654289
448;44.47;100.69421664383458
28;21.78;134.9443748684313
834;12.07;69.21669027551474
757;148.84;75.49588595002413
683;203.33;81.53043763721499
711;32.36;79.24709375557521
226;24.58;118.79787170540715
30;5.16;134.7812788768856
815;275.25;70.76610219519888
718;1.55;78.67625778516526
8;86.61;136.5753347838883
171;141.78;123.28301147291386
712;29.83;79.16554575980237
518;148.73;94.98585693973513
36;29.88;134.29199090224853
881;83.58;65.38393447419082
662;22.8;83.24294554844482
739;56.48;76.96374987393543
662;0.83;83.24294554844482
619;6.83;86.74950936667736
809;223.25;71.25539016983598
475;2.61;98.49242075796766
750;78.08;76.06672192043408
301;19.29;112.68177202244344
654;33.67;83.89532951462763
856;62.45;67.42263436851206
25;4.9;135.18901885574985
263;188.8;115.78059586181172
865;19.3;66.68870240655642
967;155.28;58.37080683772578
44;5.04;133.63960693606572
1;6.46;137.14617075429825
527;15.99;94.25192497777948
418;1.17;103.14065651702006
28;14.54;134.9443748684313
112;83.09;128.09434322351197
202;222.24;120.75502360395552
874;22.65;65.95477044460077
644;1.16;84.71080947235612
20;11.3;135.5967588346141
225;10.24;118.87941970117998
633;11.9;85.60783742585747
23;49.23;135.35211484729555
5;59.06;136.81997877120685
697;214.52;80.3887656963951
823;13.09;70.11371822901609
666;79.23;82.91675356535343
741;1.14;76.80065388238972
49;0.86;133.23186695720148
616;12.3;86.9941533539959
5;4.95;136.81997877120685
905;74.6;63.426782575642434
43;70.38;133.72115493183856
16;229.0;135.9229508177055
130;18.41;126.62647929960067
950;13.38;59.757122765864224
43;108.45;133.72115493183856
889;260.68;64.73155050800803
2;1.92;137.0646227585254
432;38.14;101.99898457620017
993;77.32;56.2505589476317
536;63.65;93.51799301582385
716;6.46;78.83935377671096
694;2.36;80.63340968371365
408;23.36;103.95613647474856
955;1.9;59.34938278699997
20;17.76;135.5967588346141
659;250.47;83.48758953576338
27;7.77;135.02592286420415
714;1.24;79.00244976825667
44;260.62;133.63960693606572
610;10.75;87.48344132863299
125;79.2;127.03421927846492
583;13.43;89.68523721449992
630;22.54;85.85248141317601
894;29.66;64.32381052914378
283;5.27;114.14963594635472
166;60.51;123.6907514517781
330;2.24;110.31688014503081
224;41.1;118.96096769695284
364;38.27;107.54424828875393
971;0.83;58.04461485463439
45;91.31;133.55805894029288
961;4.32;58.860094812362874
267;84.21;115.45440387872031
13;256.63;136.16759480502404
477;97.1;98.32932476642196
958;347.53;59.10473879968143
956;22.83;59.26783479122713
775;8.62;74.02802202611285
47;4.3;133.39496294874718
861;180.59;67.01489438964781
48;270.44;133.3134149529743
15;1.69;136.00449881347836
122;46.67;127.27886326578347
16;0.98;135.9229508177055
158;0.95;124.3431354179609
896;280.16;64.16071453759808
975;17.5;57.718422871542984
560;4.62;91.56084111727546
470;9.23;98.90016073683191
10;70.23;136.4122387923426
38;26.19;134.12889491070283
153;444.57;124.75087539682514
51;6.63;133.06877096565577
904;32.75;63.508330571415286
38;30.15;134.12889491070283
286;180.51;113.90499195903618
354;260.75;108.35972824648243
400;123.23;104.60852044093136
346;60.96;109.01211221266522
267;232.51;115.45440387872031
52;231.33;132.98722296988294
7;16.83;136.65688277966115
683;31.64;81.53043763721499
33;24.72;134.53663488956707
853;11.9;67.6672783558306
20;87.26;135.5967588346141
514;20.18;95.31204892282653
859;1.0;67.17799038119351
47;295.65;133.39496294874718
168;31.7;123.52765546023241
7;221.94;136.65688277966115
812;6.36;71.01074618251742
2;132.75;137.0646227585254
299;31.33;112.84486801398914
25;0.9;135.18901885574985
190;26.56;121.73359955322971
88;27.5;130.05149512206035
687;67.41;81.2042456541236
43;220.24;133.72115493183856
526;159.36;94.33347297355235
26;76.95;135.107470859977
734;43.98;77.37148985279967
35;7.95;134.37353889802137
407;250.33;104.03768447052141
531;10.5;93.92573299468809
100;7.87;129.07291917278616
8;32.12;136.5753347838883
31;9.53;134.69973088111277
755;34.25;75.65898194156983
994;23.5;56.16901095185885
12;6.49;136.2491428007969
918;0.77;62.366658630595396
260;24.88;116.02523984913026
165;2.21;123.77229944755095
869;34.39;66.36251042346501
824;0.94;70.03217023324324
37;39.42;134.21044290647566
270;74.2;115.20975989140177
475;0.82;98.49242075796766
955;46.46;59.34938278699997
896;37.29;64.16071453759808
2;24.63;137.0646227585254
863;1.5;66.85179839810212
40;127.12;133.96579891915712
172;12.04;123.201463477141
312;24.18;111.7847440689421
658;91.93;83.56913753153623
132;0.27;126.46338330805497
541;1.43;93.11025303695959
642;20.96;84.87390546390182
420;98.2;102.97756052547436
140;103.66;125.81099934187219
853;8.1;67.6672783558306
396;257.54;104.93471242402276
111;25.18;128.1758912192848
194;1.51;121.40740757013832
402;77.57;104.44542444938565
190;4.92;121.73359955322971
982;18.59;57.14758690113304
28;226.08;134.9443748684313
625;36.24;86.26022139204025
742;63.48;76.71910588661689
790;0.85;72.80480208952011
7;250.92;136.65688277966115
707;8.49;79.57328573866661
234;207.58;118.14548773922435
50;26.67;133.15031896142864
246;0.98;117.16691178995015
335;83.21;109.90914016616657
27;11.97;135.02592286420415
417;85.49;103.22220451279291
745;0.64;76.47446189929833
633;18.59;85.60783742585747
49;28.91;133.23186695720148
659;9.04;83.48758953576338
787;12.32;73.04944607683866
31;27.08;134.69973088111277
3;42.66;136.98307476275255
816;242.74;70.68455419942603
39;19.71;134.04734691492996
737;84.43;77.12684586548113
989;1.25;56.576750930723094
741;112.16;76.80065388238972
768;9.93;74.5988579965228
638;55.97;85.20009744699321
325;0.89;110.72462012389505
506;256.37;95.96443288900932
602;11.59;88.13582529481579
213;0.66;119.85799565045419
984;83.05;56.984490909587336
33;6.15;134.53663488956707
722;1537.01;78.35006580207387
493;1.15;97.02455683405637
566;6.16;91.07155314263836
38;39.91;134.12889491070283
438;14.64;101.50969660156308
200;14.47;120.91811959550122
37;43.47;134.21044290647566
79;31.9;130.785427084016
534;152.95;93.68108900736954
899;152.28;63.91607055027954
559;32.52;91.64238911304831
632;9.64;85.6893854216303
15;20.23;136.00449881347836
7;15.38;136.65688277966115
48;2.2;133.3134149529743
11;73.98;136.33069079656974
453;2.16;100.28647666497034
247;19.45;117.08536379417731
456;4.17;100.0418326776518
449;1.97;100.61266864806174
34;52.95;134.4550868937942
361;20.46;107.78889227607249
283;81.71;114.14963594635472
848;131.37;68.07501833469485
127;16.23;126.87112328691923
483;221.85;97.84003679178485
14;7.82;136.0860468092512
2;275.77;137.0646227585254
41;88.81;133.88425092338426
652;55.82;84.05842550617332
12;2.14;136.2491428007969
115;0.68;127.84969923619342
159;59.84;124.26158742218804
790;27.9;72.80480208952011
599;5.03;88.38046928213433
903;32.44;63.58987856718814
2;119.13;137.0646227585254
73;84.74;131.2747150586531
49;24.09;133.23186695720148
751;15.47;75.98517392466124
128;21.29;126.78957529114638
457;1.31;99.96028468187895
461;21.7;99.63409269878755
18;30.89;135.7598548261598
795;231.0;72.39706211065587
51;23.13;133.06877096565577
727;84.09;77.94232582320961
451;18.91;100.44957265651604
836;267.19;69.05359428396905
111;22.57;128.1758912192848
631;0.83;85.77093341740316
972;1.84;57.96306685886154
198;16.76;121.08121558704693
92;74.59;129.72530313896894
171;31.14;123.28301147291386
184;38.21;122.22288752786682
105;27.9;128.66517919392192
878;2.22;65.62857846150938
340;2.61;109.50140018730232
86;5.09;130.21459111360605
816;30.96;70.68455419942603
467;20.12;99.14480472415045
428;16.75;102.32517655929158
521;27.02;94.74121295241659
197;0.93;121.16276358281976
991;205.65;56.41365493917739
9;173.69;136.49378678811544
328;18.61;110.47997613657651
681;7.48;81.69353362876069
552;34.05;92.21322508345825
859;35.8;67.17799038119351
89;12.63;129.9699471262875
359;287.96;107.95198826761818
525;20.4;94.41502096932518
39;66.14;134.04734691492996
738;0.72;77.04529786970828
550;296.76;92.37632107500396
654;0.91;83.89532951462763
136;5.03;126.13719132496358
12;25.21;136.2491428007969
596;30.54;88.62511326945288
269;23.35;115.29130788717461
976;18.02;57.63687487577013
158;39.3;124.3431354179609
342;5.45;109.33830419575662
280;1.34;114.39427993367327
691;74.31;80.8780536710322
304;1.18;112.43712803512489
202;136.99;120.75502360395552
927;4.64;61.63272666863975
154;187.03;124.6693274010523
480;12.99;98.08468077910341
50;13.27;133.15031896142864
591;8.74;89.03285324831714
904;132.79;63.508330571415286
1000;165.23;55.67972297722176
49;280.03;133.23186695720148
732;234.67;77.53458584434537
824;25.91;70.03217023324324
289;8.81;113.66034797171763
332;12.13;110.1537841534851
658;28.45;83.56913753153623
304;201.05;112.43712803512489
742;10.58;76.71910588661689
253;54.42;116.5960758195402
6;5.07;136.73843077543398
8;144.82;136.5753347838883
196;0.79;121.24431157859262
860;72.03;67.09644238542066
25;2.24;135.18901885574985
776;1.53;73.94647403034
582;1.21;89.76678521027279
142;42.41;125.64790335032649
544;26.91;92.86560904964105
590;1.27;89.11440124408998
934;4.3;61.0618906982298
977;213.51;57.55532687999728
196;25.46;121.24431157859262
702;31.22;79.98102571753085
889;69.58;64.73155050800803
73;5279.91;131.2747150586531
592;82.82;88.95130525254427
719;56.34;78.59470978939243
962;8.39;58.77854681659002
698;83.68;80.30721770062226
521;1.1;94.74121295241659
25;7.34;135.18901885574985
321;1.51;111.05081210698646
344;11.67;109.17520820421092
18;1.32;135.7598548261598
29;32.41;134.86282687265847
687;20.88;81.2042456541236
457;432.16;99.96028468187895
37;13.03;134.21044290647566
108;79.24;128.42053520660338
9;0.79;136.49378678811544
3;0.9;136.98307476275255
150;27.51;124.99551938414369
563;7.6;91.31619712995692
380;72.4;106.23948035638834
103;61.51;128.82827518546762
588;15.68;89.27749723563568
30;62.54;134.7812788768856
186;37.07;122.05979153632111
342;25.32;109.33830419575662
421;140.21;102.89601252970152
11;17.46;136.33069079656974
672;32.5;82.42746559071634
810;10.86;71.17384217406313
182;18.08;122.3859835194125
441;246.81;101.26505261424452
496;211.47;96.77991284673783
29;5.45;134.86282687265847
273;71.75;114.96511590408322
29;0.98;134.86282687265847
45;10.41;133.55805894029288
298;12.72;112.926416009762
623;1.17;86.42331738358595
697;149.37;80.3887656963951
34;15.38;134.4550868937942
919;19.31;62.285110634822544
770;283.66;74.43576200497711
100;2.06;129.07291917278616
913;92.87;62.77439860945964
25;28.81;135.18901885574985
392;0.74;105.26090440711415
332;56.25;110.1537841534851
47;33.1;133.39496294874718
18;6.82;135.7598548261598
36;20.98;134.29199090224853
857;35.16;67.34108637273921
809;0.32;71.25539016983598
884;5.65;65.13929048687227
39;140.54;134.04734691492996
614;14.79;87.1572493455416
43;0.68;133.72115493183856
207;0.77;120.34728362509128
977;117.61;57.55532687999728
99;225.87;129.154467168559
19;143.23;135.67830683038696
578;123.08;90.09297719336416
543;22.43;92.9471570454139
289;121.27;113.66034797171763
167;40.94;123.60920345600525
417;90.38;103.22220451279291
440;5.41;101.34660061001739
810;1.59;71.17384217406313
643;125.09;84.79235746812897
665;25.99;82.99830156112628
926;11.32;61.7142746644126
277;4629.25;114.63892392099183
217;60.9;119.53180366736278
31;61.29;134.69973088111277
699;17.68;80.2256697048494
219;6.18;119.36870767581709
342;1.21;109.33830419575662
505;173.19;96.04598088478218
760;40.91;75.25124196270559
506;8.47;95.96443288900932
510;8.15;95.63824090591793
1;298.37;137.14617075429825
592;75.22;88.95130525254427
171;213.34;123.28301147291386
82;1.3;130.54078309669745
739;0.8;76.96374987393543
368;1.16;107.21805630566254
760;349.38;75.25124196270559
31;86.36;134.69973088111277
255;32.54;116.4329798279945
445;8.31;100.93886063115313
6;26.1;136.73843077543398
256;115.67;116.35143183222166
269;29.51;115.29130788717461
326;0.8;110.64307212812221
881;274.12;65.38393447419082
598;27.68;88.4620172779072
602;1.96;88.13582529481579
788;4.33;72.96789808106581
887;9.19;64.89464649955373
894;7.01;64.32381052914378
681;16.43;81.69353362876069
936;1.32;60.898794706684114
435;185.71;101.75434058888163
714;0.88;79.00244976825667
855;1.11;67.5041823642849
112;11.99;128.09434322351197
24;30.98;135.27056685152272
178;180.11;122.71217550250391
714;33.96;79.00244976825667
503;75.97;96.20907687632787
784;59.81;73.29409006415722
873;0.47;66.03631844037362
896;27.92;64.16071453759808
928;34.14;61.55117867286691
340;116.01;109.50140018730232
13;2.56;136.16759480502404
241;25.72;117.5746517688144
38;26.42;134.12889491070283
797;1.07;72.23396611911016
784;27.4;73.29409006415722
821;219.13;70.27681422056179
26;2.37;135.107470859977
11;9.89;136.33069079656974
863;10.01;66.85179839810212
732;6.78;77.53458584434537
3;91.56;136.98307476275255
600;227.82;88.29892128636149
22;87.95;135.43366284306842
902;19.81;63.67142656296099
356;42.49;108.19663225493673
365;23.25;107.46270029298108
108;1583.96;128.42053520660338
15;0.75;136.00449881347836
937;0.8;60.81724671091126
460;5.98;99.71564069456039
3;33.36;136.98307476275255
542;21.47;93.02870504118675
419;0.91;103.05910852124723
523;270.12;94.57811696087089
742;28.25;76.71910588661689
36;4.96;134.29199090224853
490;110.22;97.26920082137491
43;25.56;133.72115493183856
762;1.36;75.08814597115989
845;41.92;68.3196623220134
115;8.18;127.84969923619342
231;11.0;118.39013172654289
6;29.75;136.73843077543398
10;22.05;136.4122387923426
230;86.84;118.47167972231574
977;1.64;57.55532687999728
693;279.68;80.7149576794865
890;75.9;64.65000251223518
1;67.96;137.14617075429825
25;102.09;135.18901885574985
413;226.01;103.5483964958843
388;1559.11;105.58709639020555
536;137.18;93.51799301582385
461;191.11;99.63409269878755
785;165.75;73.21254206838437
45;2.36;133.55805894029288
15;30.76;136.00449881347836
959;8.43;59.02319080390858
422;5.83;102.81446453392867
111;266.75;128.1758912192848
28;81.73;134.9443748684313
950;7.53;59.757122765864224
866;68.48;66.60715441078356
777;28.12;73.86492603456716
466;9.4;99.2263527199233
821;41.59;70.27681422056179
44;71.81;133.63960693606572
49;126.55;133.23186695720148
9;10.69;136.49378678811544
974;81.78;57.799970867315835
940;61.79;60.57260272359271
11;243.89;136.33069079656974
881;54.24;65.38393447419082
423;46.51;102.73291653815582
33;87.14;134.53663488956707
616;4.38;86.9941533539959
962;11.29;58.77854681659002
824;99.06;70.03217023324324
327;36.59;110.56152413234936
484;6.77;97.75848879601202
557;13.82;91.80548510459401
679;25.56;81.85662962030639
36;196.18;134.29199090224853
508;235.96;95.80133689746363
569;221.03;90.82690915531981
811;163.49;71.09229417829027
475;66.25;98.49242075796766
421;213.62;102.89601252970152
218;154.95;119.45025567158993
424;15.17;102.65136854238297
971;0.98;58.04461485463439
339;69.85;109.58294818307516
812;6.43;71.01074618251742
261;80.76;115.94369185335742
392;8.61;105.26090440711415
321;7.93;111.05081210698646
318;2.18;111.295456094305
262;20.31;115.86214385758456
779;98.65;73.70183004302146
10;1.56;136.4122387923426
401;10.38;104.5269724451585
741;134.75;76.80065388238972
27;90.02;135.02592286420415
133;22.28;126.38183531228213
709;100.22;79.41018974712091
18;283.68;135.7598548261598
45;93.91;133.55805894029288
2;86.65;137.0646227585254
685;1.34;81.36734164566928
546;34.54;92.70251305809535
413;1.12;103.5483964958843
159;2.4;124.26158742218804
772;83.31;74.2726660134314
268;9.25;115.37285588294748
330;1.11;110.31688014503081
609;68.83;87.56498932440584
826;14.13;69.86907424169753
936;39.02;60.898794706684114
394;105.72;105.09780841556845
687;240.13;81.2042456541236
18;21.47;135.7598548261598
720;65.08;78.51316179361956
934;58.75;61.0618906982298
36;8.57;134.29199090224853
245;1.9;117.248459785723
108;33.5;128.42053520660338
775;27.29;74.02802202611285
166;128.23;123.6907514517781
338;13.5;109.66449617884801
457;0.99;99.96028468187895
655;76.34;83.81378151885477
150;6.68;124.99551938414369
748;21.47;76.22981791197978
319;253.79;111.21390809853216
19;1.17;135.67830683038696
48;32.31;133.3134149529743
700;1.36;80.14412170907656
46;62.9;133.47651094452002
251;69.65;116.7591718110859
361;6.27;107.78889227607249
35;145.87;134.37353889802137
865;2.39;66.68870240655642
214;28.99;119.77644765468133
306;24.65;112.2740320435792
401;42.68;104.5269724451585
121;56.86;127.36041126155632
6;9.3;136.73843077543398
243;229.11;117.4115557772687
121;62.15;127.36041126155632
881;30.68;65.38393447419082
2;176.0;137.0646227585254
736;8.31;77.20839386125398
706;86.43;79.65483373443945
476;13.37;98.4108727621948
37;191.55;134.21044290647566
811;1.22;71.09229417829027
66;63.23;131.84555102906305
43;257.16;133.72115493183856
253;70.49;116.5960758195402
627;28.94;86.09712540049455
49;6.44;133.23186695720148
875;36.69;65.87322244882792
747;9.57;76.31136590775264
725;0.92;78.10542181475532
35;118.55;134.37353889802137
355;1.3;108.27818025070957
546;26.26;92.70251305809535
279;72.61;114.47582792944613
7;165.11;136.65688277966115
295;4283.55;113.17105999708053
446;40.79;100.85731263538028
942;67.79;60.40950673204702
864;43.03;66.77025040232927
189;66.69;121.81514754900256
284;20.41;114.06808795058188
900;29.51;63.83452255450669
955;59.09;59.34938278699997
33;0.79;134.53663488956707
570;86.64;90.74536115954697
222;6.85;119.12406368849854
878;15.69;65.62857846150938
486;112.3;97.59539280446631
37;32.93;134.21044290647566
561;15.2;91.47929312150262
470;185.69;98.90016073683191
685;269.25;81.36734164566928
27;20.85;135.02592286420415
770;8.03;74.43576200497711
639;20.35;85.11854945122036
199;27.4;120.99966759127408
582;22.55;89.76678521027279
97;93.54;129.3175631601047
545;36.96;92.7840610538682
591;35.42;89.03285324831714
852;26.21;67.74882635160346
950;33.67;59.757122765864224
456;0.71;100.0418326776518
19;29.47;135.67830683038696
492;93.87;97.1061048298292
504;18.08;96.12752888055502
58;1.74;132.49793499524583
12;91.22;136.2491428007969
711;254.1;79.24709375557521
760;34.82;75.25124196270559
18;13.02;135.7598548261598
732;21.23;77.53458584434537
800;365.68;71.98932213179162
765;21.94;74.84350198384135
418;130.55;103.14065651702006
690;28.24;80.95960166680504
883;34.38;65.22083848264512
154;30.68;124.6693274010523
7;1.11;136.65688277966115
258;6.36;116.18833584067596
15;25.59;136.00449881347836
692;29.99;80.79650567525934
581;204.06;89.84833320604562
372;0.7;106.89186432257114
947;22.5;60.001766753182764
541;26.75;93.11025303695959
615;5.42;87.07570134976875
849;1.32;67.99347033892201
402;17.85;104.44542444938565
875;34.64;65.87322244882792
48;0.94;133.3134149529743
29;25.06;134.86282687265847
13;5.88;136.16759480502404
325;222.99;110.72462012389505
73;102.21;131.2747150586531
671;125.06;82.50901358648917
724;40.74;78.18696981052817
78;19.32;130.86697507978883
642;12.32;84.87390546390182
21;28.95;135.51521083884126
345;282.67;109.09366020843807
849;67.93;67.99347033892201
324;87.79;110.8061681196679
14;238.66;136.0860468092512
565;73.68;91.15310113841122
716;18.22;78.83935377671096
262;229.62;115.86214385758456
271;13.37;115.12821189562892
972;76.47;57.96306685886154
343;6.26;109.25675619998377
43;87.73;133.72115493183856
287;14.02;113.82344396326333
651;69.28;84.13997350194617
986;60.25;56.82139491804165
791;1251.56;72.72325409374726
265;34.5;115.61749987026602
379;33.47;106.32102835216119
905;29.32;63.426782575642434
255;1.72;116.4329798279945
799;111.85;72.07087012756448
682;103.51;81.61198563298784
870;0.78;66.28096242769216
746;17.75;76.39291390352548
877;271.09;65.71012645728221
367;28.44;107.29960430143538
21;34.41;135.51521083884126
467;18.15;99.14480472415045
38;9.15;134.12889491070283
3;100.23;136.98307476275255
35;96.99;134.37353889802137
904;164.76;63.508330571415286
470;1.2;98.90016073683191
491;42.13;97.18765282560207
700;19.35;80.14412170907656
50;0.99;133.15031896142864
173;34.25;123.11991548136815
940;83.88;60.57260272359271
528;62.39;94.17037698200664
22;103.23;135.43366284306842
403;27.87;104.36387645361282
725;22.65;78.10542181475532
132;26.06;126.46338330805497
26;58.69;135.107470859977
22;17.43;135.43366284306842
657;160.28;83.65068552730907
173;319.67;123.11991548136815
975;102.19;57.718422871542984
28;40.09;134.9443748684313
370;162.88;107.05496031411684
7;80.27;136.65688277966115
1;39.66;137.14617075429825
135;83.11;126.21873932073643
247;2.01;117.08536379417731
68;216.75;131.68245503751734
305;2.83;112.35558003935205
14;7.59;136.0860468092512
97;100.07;129.3175631601047
947;1.3;60.001766753182764
398;77.86;104.77161643247706
828;77.74;69.70597825015184
885;63.55;65.05774249109943
267;69.71;115.45440387872031
304;14.09;112.43712803512489
605;293.8;87.89118130749725
367;1444.79;107.29960430143538
225;1585.63;118.87941970117998
96;0.44;129.39911115587756
6;59.17;136.73843077543398
333;30.85;110.07223615771227
14;30.4;136.0860468092512
615;248.68;87.07570134976875
799;105.64;72.07087012756448
341;30.06;109.41985219152946
47;265.67;133.39496294874718
570;0.69;90.74536115954697
540;171.46;93.19180103273246
733;224.53;77.45303784857254
34;175.08;134.4550868937942
27;279.57;135.02592286420415
524;39.81;94.49656896509804
558;0.98;91.72393710882116
468;107.85;99.06325672837761
533;1.51;93.7626370031424
732;32.95;77.53458584434537
32;84.22;134.6181828853399
496;40.24;96.77991284673783
49;51.25;133.23186695720148
449;280.34;100.61266864806174
1;9.77;137.14617075429825
80;65.9;130.70387908824316
764;118.39;74.92504997961419
864;21.13;66.77025040232927
85;62.79;130.29613910937888
120;12.58;127.44195925732917
684;1352.49;81.44888964144215
32;9.18;134.6181828853399
577;7.99;90.17452518913703
775;6.04;74.02802202611285
129;1.46;126.70802729537353
189;10.33;121.81514754900256
150;65.67;124.99551938414369
34;32.36;134.4550868937942
694;19.14;80.63340968371365
189;164.65;121.81514754900256
126;77.91;126.95267128269208
881;11.44;65.38393447419082
802;0.94;71.82622614024592
676;6.46;82.10127360762493
875;33.84;65.87322244882792
37;74.63;134.21044290647566
275;76.87;114.80201991253753
387;5.17;105.6686443859784
909;65.3;63.10059059255104
962;4.48;58.77854681659002
854;90.24;67.58573036005775
720;95.54;78.51316179361956
812;52.0;71.01074618251742
32;43.85;134.6181828853399
912;26.58;62.85594660523249
362;31.52;107.70734428029962
836;46.63;69.05359428396905
793;0.89;72.56015810220157
476;191.07;98.4108727621948
808;29.25;71.33693816560883
754;79.08;75.7405299373427
914;30.92;62.6928506136868
592;4.39;88.95130525254427
938;44.4;60.73569871513841
412;0.88;103.62994449165717
668;2.05;82.75365757380774
7;23.34;136.65688277966115
30;8.89;134.7812788768856
293;4800.81;113.33415598862624
212;6.33;119.93954364622704
990;278.22;56.49520293495024
798;10.98;72.15241812333731
657;12.85;83.65068552730907
632;89.95;85.6893854216303
626;92.62;86.17867339626741
629;18.48;85.93402940894886
23;68.19;135.35211484729555
105;1.49;128.66517919392192
470;115.16;98.90016073683191
282;5.91;114.23118394212759
917;177.69;62.44820662636825
652;149.22;84.05842550617332
911;256.66;62.93749460100534
876;160.15;65.79167445305507
18;224.22;135.7598548261598
82;0.28;130.54078309669745
684;264.23;81.44888964144215
26;0.74;135.107470859977
322;0.86;110.9692641112136
225;8.68;118.87941970117998
1;27.87;137.14617075429825
134;7.0;126.30028731650928
826;83.96;69.86907424169753
505;7.68;96.04598088478218
70;13.25;131.51935904597164
824;12.01;70.03217023324324
40;176.32;133.96579891915712
18;26.8;135.7598548261598
99;1.07;129.154467168559
22;12.76;135.43366284306842
23;24.3;135.35211484729555
772;13.17;74.2726660134314
704;79.53;79.81792972598515
721;31.29;78.43161379784672
25;29.62;135.18901885574985
598;1598.11;88.4620172779072
359;98.01;107.95198826761818
103;5.02;128.82827518546762
1000;32.19;55.67972297722176
595;251.29;88.70666126522573
826;6.24;69.86907424169753
661;6.46;83.32449354421769
889;43.63;64.73155050800803
468;110.29;99.06325672837761
451;233.29;100.44957265651604
39;0.65;134.04734691492996
25;96.35;135.18901885574985
652;1.84;84.05842550617332
236;2.29;117.98239174767865
418;32.76;103.14065651702006
945;376.68;60.16486274472847
752;25.16;75.90362592888839
467;35.08;99.14480472415045
739;44.59;76.96374987393543
728;4.7;77.86077782743678
740;5.39;76.88220187816259
12;5.23;136.2491428007969
14;18.68;136.0860468092512
282;13.12;114.23118394212759
24;31.2;135.27056685152272
768;0.56;74.5988579965228
2;67.32;137.0646227585254
455;0.81;100.12338067342463
300;69.88;112.76332001821629
579;34.33;90.01142919759133
655;68.85;83.81378151885477
245;21.04;117.248459785723
604;171.04;87.97272930327009
12;48.66;136.2491428007969
472;57.8;98.7370647452862
69;63.19;131.60090704174448
224;2.2;118.96096769695284
464;124.32;99.389448711469
25;88.09;135.18901885574985
178;23.9;122.71217550250391
50;9.99;133.15031896142864
936;276.41;60.898794706684114
505;152.64;96.04598088478218
191;19.45;121.65205155745687
508;21.34;95.80133689746363
520;81.2;94.82276094818943
37;53.51;134.21044290647566
614;78.25;87.1572493455416
250;34.37;116.84071980685876
686;1.21;81.28579364989645
651;0.71;84.13997350194617
167;85.07;123.60920345600525
488;20.25;97.43229681292061
49;6.56;133.23186695720148
13;32.14;136.16759480502404
175;101.46;122.95681948982246
521;34.97;94.74121295241659
125;0.84;127.03421927846492
875;0.95;65.87322244882792
320;9.97;111.1323601027593
353;106.03;108.44127624225527
729;11.87;77.77922983166393
37;49.16;134.21044290647566
506;100.02;95.96443288900932
13;51.79;136.16759480502404
437;6.79;101.59124459733593
817;7.85;70.60300620365318
591;34.61;89.03285324831714
12;10.16;136.2491428007969
293;286.71;113.33415598862624
263;16.41;115.78059586181172
172;54.77;123.201463477141
708;5.04;79.49173774289376
409;76.98;103.87458847897571
549;36.75;92.45786907077681
227;33.49;118.7163237096343
10;6.19;136.4122387923426
569;37.19;90.82690915531981
947;42.93;60.001766753182764
774;271.02;74.1095700218857
839;197.24;68.8089502966505
931;0.86;61.30653468554836
413;30.15;103.5483964958843
28;35.12;134.9443748684313
133;4.15;126.38183531228213
197;280.77;121.16276358281976
952;149.16;59.59402677431852
256;24.42;116.35143183222166
936;33.0;60.898794706684114
105;4991.07;128.66517919392192
12;11.55;136.2491428007969
33;5.27;134.53663488956707
776;1489.62;73.94647403034
145;28.54;125.40325936300793
100;0.29;129.07291917278616
49;17.15;133.23186695720148
630;1.07;85.85248141317601
915;1.22;62.61130261791395
41;11.42;133.88425092338426
907;237.3;63.263686584096746
62;214.21;132.17174301215442
653;24.27;83.97687751040047
317;29.06;111.37700409007785
31;6.7;134.69973088111277
21;105.96;135.51521083884126
39;20.74;134.04734691492996
12;16.48;136.2491428007969
599;178.12;88.38046928213433
25;64.7;135.18901885574985
558;7.59;91.72393710882116
659;24.29;83.48758953576338
322;92.21;110.9692641112136
39;263.21;134.04734691492996
7;37.59;136.65688277966115
838;26.66;68.89049829242335
512;62.47;95.47514491437224
334;83.77;109.99068816193942
75;17.96;131.1116190671074
4;69.91;136.90152676697969
47;31.32;133.39496294874718
944;75.38;60.24641074050132
994;1.01;56.16901095185885
30;23.73;134.7812788768856
2;233.52;137.0646227585254
343;32.19;109.25675619998377
266;86.19;115.53595187449316
82;33.15;130.54078309669745
612;86.04;87.3203453370873
217;1.49;119.53180366736278
115;195.71;127.84969923619342
81;144.47;130.6223310924703
23;19.7;135.35211484729555
764;6.79;74.92504997961419
23;1.57;135.35211484729555
210;5187.05;120.10263963777273
403;21.75;104.36387645361282
403;6.72;104.36387645361282
13;229.91;136.16759480502404
761;22.45;75.16969396693275
407;0.94;104.03768447052141
28;7.68;134.9443748684313
966;29.95;58.45235483349863
317;263.37;111.37700409007785
643;147.12;84.79235746812897
425;4.19;102.56982054661012
123;289.15;127.19731527001062
923;0.91;61.95891865173115
522;64.71;94.65966495664374
540;2.35;93.19180103273246
756;16.04;75.577433945797
751;1.12;75.98517392466124
442;22.43;101.18350461847169
867;271.43;66.52560641501071
761;11.45;75.16969396693275
297;47.08;113.00796400553483
57;2.32;132.57948299101866
163;144.75;123.93539543909665
546;220.61;92.70251305809535
323;0.53;110.88771611544075
388;235.43;105.58709639020555
360;0.72;107.87044027184533
44;0.71;133.63960693606572
680;21.98;81.77508162453354
784;21.4;73.29409006415722
517;67.16;95.06740493550798
212;253.66;119.93954364622704
673;34.57;82.34591759494349
554;22.62;92.05012909191257
484;26.28;97.75848879601202
128;7.64;126.78957529114638
476;40.83;98.4108727621948
350;0.76;108.68592022957382
21;9.4;135.51521083884126
42;100.84;133.80270292761142
13;27.61;136.16759480502404
563;5.94;91.31619712995692
28;145.24;134.9443748684313
6;8.4;136.73843077543398
564;172.86;91.23464913418407
50;93.25;133.15031896142864
35;286.28;134.37353889802137
543;98.63;92.9471570454139
725;12.03;78.10542181475532
127;215.22;126.87112328691923
38;1611.47;134.12889491070283
149;43.01;125.07706737991654
862;24.03;66.93334639387496
38;26.1;134.12889491070283
262;7.28;115.86214385758456
260;1.65;116.02523984913026
381;42.5;106.15793236061549
121;127.15;127.36041126155632
30;1.16;134.7812788768856
621;7.5;86.58641337513166
336;1.93;109.82759217039371
722;30.37;78.35006580207387
608;47.91;87.6465373201787
691;75.76;80.8780536710322
306;2.33;112.2740320435792
11;301.45;136.33069079656974
39;38.22;134.04734691492996
186;40.4;122.05979153632111
922;257.39;62.040466647504005
364;186.74;107.54424828875393
951;27.01;59.67557477009137
529;71.45;94.08882898623379
885;4.51;65.05774249109943
987;6.86;56.7398469222688
7;19.72;136.65688277966115
169;8.19;123.44610746445956
282;1.18;114.23118394212759
883;0.94;65.22083848264512
527;15.02;94.25192497777948
41;12.74;133.88425092338426
483;80.37;97.84003679178485
751;26.34;75.98517392466124
836;30.55;69.05359428396905
280;2.18;114.39427993367327
7;7.34;136.65688277966115
21;9.55;135.51521083884126
89;212.81;129.9699471262875
751;11.4;75.98517392466124
768;71.69;74.5988579965228
239;20.34;117.7377477603601
33;224.13;134.53663488956707
501;8.5;96.37217286787357
7;129.06;136.65688277966115
542;92.34;93.02870504118675
328;9.36;110.47997613657651
372;7.83;106.89186432257114
575;15.95;90.33762118068273
19;245.96;135.67830683038696
506;12.92;95.96443288900932
853;122.82;67.6672783558306
944;40.28;60.24641074050132
423;227.69;102.73291653815582
25;32.82;135.18901885574985
299;25.0;112.84486801398914
542;1.81;93.02870504118675
405;35.63;104.20078046206712
277;245.68;114.63892392099183
424;11.15;102.65136854238297
471;35.64;98.81861274105906
87;36.69;130.1330431178332
104;60.8;128.74672718969475
21;79.05;135.51521083884126
2;32.35;137.0646227585254
265;1.8;115.61749987026602
25;22.0;135.18901885574985
1;12.77;137.14617075429825
41;4941.74;133.88425092338426
354;39.02;108.35972824648243
946;1.34;60.083314748955615
757;2.83;75.49588595002413
773;470.96;74.19111801765855
704;24.04;79.81792972598515
145;190.52;125.40325936300793
11;20.9;136.33069079656974
535;50.41;93.5995410115967
754;1.84;75.7405299373427
199;190.68;120.99966759127408
8;16.64;136.5753347838883
190;0.27;121.73359955322971
111;18.91;128.1758912192848
877;77.27;65.71012645728221
159;29.21;124.26158742218804
275;229.98;114.80201991253753
727;7.94;77.94232582320961
9;18.89;136.49378678811544
8;5.49;136.5753347838883
479;15.79;98.16622877487626
3;8.77;136.98307476275255
202;187.27;120.75502360395552
914;7.03;62.6928506136868
353;23.4;108.44127624225527
351;66.34;108.60437223380097
590;41.82;89.11440124408998
549;84.33;92.45786907077681
955;10.65;59.34938278699997
20;30.29;135.5967588346141
869;253.71;66.36251042346501
776;212.98;73.94647403034
402;20.26;104.44542444938565
791;21.57;72.72325409374726
516;14.08;95.14895293128083
648;89.81;84.38461748926471
284;259.99;114.06808795058188
385;35.4;105.8317403775241
131;277.18;126.54493130382782
97;29.76;129.3175631601047
821;5.36;70.27681422056179
917;0.66;62.44820662636825
293;1.83;113.33415598862624
741;67.69;76.80065388238972
131;0.69;126.54493130382782
283;78.6;114.14963594635472
387;121.39;105.6686443859784
2;65.21;137.0646227585254
40;0.95;133.96579891915712
818;6.09;70.52145820788033
640;149.54;85.03700145544752
851;12.05;67.8303743473763
267;22.14;115.45440387872031
21;191.96;135.51521083884126
247;70.2;117.08536379417731
923;57.87;61.95891865173115
729;19.37;77.77922983166393
46;7.58;133.47651094452002
570;15.71;90.74536115954697
36;81.82;134.29199090224853
53;67.52;132.90567497411007
954;65.44;59.43093078277282
49;41.26;133.23186695720148
491;37.2;97.18765282560207
111;69.99;128.1758912192848
675;34.03;82.1828216033978
42;158.04;133.80270292761142
2;105.69;137.0646227585254
217;6.44;119.53180366736278
459;301.13;99.79718869033324
595;381.11;88.70666126522573
348;18.65;108.84901622111951
27;4.84;135.02592286420415
188;24.04;121.89669554477541
899;39.18;63.91607055027954
21;41.05;135.51521083884126
109;1.43;128.3389872108305
138;242.02;125.97409533341788
478;35.73;98.24777677064911
801;2.09;71.90777413601877
436;67.62;101.67279259310878
293;21.02;113.33415598862624
785;33.81;73.21254206838437
976;25.05;57.63687487577013
11;36.73;136.33069079656974
901;1.37;63.75297455873384
923;2.33;61.95891865173115
13;201.21;136.16759480502404
969;49.04;58.20771084618008
892;237.74;64.48690652068949
944;0.93;60.24641074050132
866;61.91;66.60715441078356
533;245.08;93.7626370031424
220;27.17;119.28715968004424
742;8.64;76.71910588661689
237;290.72;117.9008437519058
22;45.47;135.43366284306842
3;168.36;136.98307476275255
5;60.28;136.81997877120685
413;154.51;103.5483964958843
189;4851.38;121.81514754900256
387;13.4;105.6686443859784
791;409.36;72.72325409374726
426;62.94;102.48827255083728
21;25.29;135.51521083884126
969;8.69;58.20771084618008
917;47.33;62.44820662636825
699;27.55;80.2256697048494
18;23.76;135.7598548261598
554;10.41;92.05012909191257
314;1.05;111.6216480773964
486;83.79;97.59539280446631
219;28.77;119.36870767581709
818;0.9;70.52145820788033
256;168.45;116.35143183222166
37;20.65;134.21044290647566
761;122.64;75.16969396693275
176;140.52;122.87527149404961
373;91.85;106.81031632679829
636;101.86;85.36319343853891
701;14.25;80.0625737133037
616;270.33;86.9941533539959
23;407.59;135.35211484729555
137;4.77;126.05564332919073
392;10.92;105.26090440711415
614;13.5;87.1572493455416
7;0.68;136.65688277966115
783;1.24;73.37563805993005
609;26.62;87.56498932440584
208;69.14;120.26573562931843
666;181.27;82.91675356535343
113;0.27;128.0127952277391
42;55.38;133.80270292761142
910;5.65;63.01904259677819
28;64.17;134.9443748684313
302;5.89;112.60022402667059
106;0.89;128.58363119814905
677;159.62;82.0197256118521
266;35.57;115.53595187449316
840;13.77;68.72740230087764
833;49.71;69.29823827128759
463;1.58;99.47099670724185
603;191.86;88.05427729904294
295;4372.39;113.17105999708053
992;0.95;56.332106943404554
59;4828.54;132.416386999473
359;282.2;107.95198826761818
113;99.42;128.0127952277391
108;263.18;128.42053520660338
899;19.08;63.91607055027954
24;39.38;135.27056685152272
735;151.51;77.28994185702683
514;225.09;95.31204892282653
5;38.89;136.81997877120685
739;59.57;76.96374987393543
51;2.19;133.06877096565577
679;27.29;81.85662962030639
745;87.33;76.47446189929833
555;226.04;91.9685810961397
89;44.72;129.9699471262875
790;32.76;72.80480208952011
811;76.58;71.09229417829027
398;10.45;104.77161643247706
78;4.32;130.86697507978883
633;180.0;85.60783742585747
129;11.77;126.70802729537353
878;15.27;65.62857846150938
381;32.51;106.15793236061549
217;64.62;119.53180366736278
80;1.9;130.70387908824316
45;20.06;133.55805894029288
214;20.72;119.77644765468133
664;1.38;83.07984955689912
330;51.2;110.31688014503081
16;24.86;135.9229508177055
883;9.5;65.22083848264512
909;230.83;63.10059059255104
657;14.25;83.65068552730907
809;8.71;71.25539016983598
18;282.51;135.7598548261598
946;19.68;60.083314748955615
30;7.77;134.7812788768856
771;220.68;74.35421400920424
597;27.42;88.54356527368003
138;7.33;125.97409533341788
572;30.2;90.58226516800127
243;12.58;117.4115557772687
257;56.0;116.26988383644881
970;29.74;58.126162850407226
173;35.78;123.11991548136815
460;0.81;99.71564069456039
546;57.28;92.70251305809535
293;75.27;113.33415598862624
288;183.09;113.74189596749048
415;87.62;103.38530050433862
637;7.0;85.28164544276606
317;9.77;111.37700409007785
13;157.96;136.16759480502404
910;29.62;63.01904259677819
780;5.54;73.62028204724861
673;205.17;82.34591759494349
49;78.64;133.23186695720148
20;7.29;135.5967588346141
859;0.94;67.17799038119351
31;92.47;134.69973088111277
311;5.7;111.86629206471494
42;6.11;133.80270292761142
37;60.18;134.21044290647566
331;1.32;110.23533214925796
977;13.16;57.55532687999728
646;11.63;84.54771348081042
512;7.3;95.47514491437224
606;13.47;87.80963331172438
10;124.92;136.4122387923426
361;23.76;107.78889227607249
632;2.28;85.6893854216303
645;115.26;84.62926147658327
856;5.3;67.42263436851206
773;1.2;74.19111801765855
40;95.12;133.96579891915712
348;189.51;108.84901622111951
355;21.99;108.27818025070957
7;103.41;136.65688277966115
622;0.46;86.5048653793588
991;172.95;56.41365493917739
41;1.59;133.88425092338426
393;26.42;105.1793564113413
799;204.77;72.07087012756448
631;34.31;85.77093341740316
12;155.17;136.2491428007969
7;31.42;136.65688277966115
242;57.36;117.49310377304155
474;28.67;98.5739687537405
5;23.02;136.81997877120685
456;110.8;100.0418326776518
598;78.22;88.4620172779072
85;22.05;130.29613910937888
10;20.2;136.4122387923426
18;0.79;135.7598548261598
105;73.31;128.66517919392192
29;21.46;134.86282687265847
606;218.48;87.80963331172438
622;212.52;86.5048653793588
417;28.49;103.22220451279291
741;1.1;76.80065388238972
708;3.91;79.49173774289376
734;9.46;77.37148985279967
574;118.27;90.41916917645557
499;66.47;96.53526885941926
28;15.8;134.9443748684313
316;204.67;111.4585520858507
8;1.08;136.5753347838883
46;0.83;133.47651094452002
971;256.02;58.04461485463439
516;7.48;95.14895293128083
222;1283.93;119.12406368849854
962;78.68;58.77854681659002
36;205.39;134.29199090224853
499;13.23;96.53526885941926
28;101.48;134.9443748684313
43;11.94;133.72115493183856
244;89.09;117.33000778149585
367;40.32;107.29960430143538
600;1.32;88.29892128636149
749;39.1;76.14826991620694
754;68.99;75.7405299373427
399;0.59;104.6900684367042
618;1.07;86.8310573624502
238;4625.1;117.81929575613295
77;67.03;130.9485230755617
690;46.13;80.95960166680504
210;29.51;120.10263963777273
167;1.24;123.60920345600525
136;21.88;126.13719132496358
514;78.82;95.31204892282653
330;11.79;110.31688014503081
45;56.9;133.55805894029288
43;7.24;133.72115493183856
956;64.9;59.26783479122713
468;4.9;99.06325672837761
439;18.49;101.42814860579023
527;5.22;94.25192497777948
683;55.47;81.53043763721499
983;83.17;57.06603890536019
382;7.94;106.07638436484264
828;32.32;69.70597825015184
810;72.92;71.17384217406313
422;67.97;102.81446453392867
32;0.94;134.6181828853399
925;34.19;61.79582266018545
665;1.17;82.99830156112628
36;2.61;134.29199090224853
619;8.83;86.74950936667736
45;31.92;133.55805894029288
57;38.42;132.57948299101866
694;0.88;80.63340968371365
810;14.69;71.17384217406313
262;20.33;115.86214385758456
852;7.58;67.74882635160346
586;5.56;89.44059322718138
39;36.23;134.04734691492996
14;139.95;136.0860468092512
151;4.44;124.91397138837084
828;1.51;69.70597825015184
793;88.81;72.56015810220157
894;235.6;64.32381052914378
887;89.49;64.89464649955373
877;13.34;65.71012645728221
1;101.25;137.14617075429825
356;15.23;108.19663225493673
261;165.96;115.94369185335742
198;63.46;121.08121558704693
13;43.53;136.16759480502404
347;236.85;108.93056421689238
114;370.62;127.93124723196627
36;32.62;134.29199090224853
836;9.62;69.05359428396905
743;75.84;76.63755789084404
316;4969.64;111.4585520858507
5;57.15;136.81997877120685
162;10.57;124.0169434348695
966;9.55;58.45235483349863
101;31.95;128.99137117701332
605;115.82;87.89118130749725
219;1.58;119.36870767581709
117;213.17;127.68660324464771
489;1.22;97.35074881714777
760;0.78;75.25124196270559
264;135.18;115.69904786603887
30;29.36;134.7812788768856
936;31.21;60.898794706684114
942;8.35;60.40950673204702
268;105.83;115.37285588294748
343;24.73;109.25675619998377
630;12.92;85.85248141317601
563;32.32;91.31619712995692
22;9.31;135.43366284306842
705;293.06;79.73638173021232
191;379.9;121.65205155745687
595;23.74;88.70666126522573
560;12.61;91.56084111727546
862;28.55;66.93334639387496
318;201.93;111.295456094305
80;10.41;130.70387908824316
94;487.11;129.56220714742327
181;231.13;122.46753151518536
626;59.56;86.17867339626741
446;73.24;100.85731263538028
473;1.55;98.65551674951335
479;40.85;98.16622877487626
967;55.85;58.37080683772578
553;1.86;92.1316770876854
845;11.57;68.3196623220134
646;5.79;84.54771348081042
318;1.17;111.295456094305
31;1.57;134.69973088111277
162;286.53;124.0169434348695
430;127.88;102.16208056774587
868;0.98;66.44405841923786
768;58.86;74.5988579965228
18;29.44;135.7598548261598
39;4.03;134.04734691492996
911;1.79;62.93749460100534
935;90.26;60.980342702456966
842;108.6;68.56430630933195
960;0.86;58.941642808135725
721;103.26;78.43161379784672
599;29.23;88.38046928213433
927;248.73;61.63272666863975
761;70.79;75.16969396693275
20;13.18;135.5967588346141
141;59.5;125.72945134609934
847;1443.12;68.1565663304677
773;29.29;74.19111801765855
958;1.28;59.10473879968143
168;4049.0;123.52765546023241
787;8.28;73.04944607683866
716;36.25;78.83935377671096
854;13.37;67.58573036005775
168;8.67;123.52765546023241
950;5.61;59.757122765864224
292;0.69;113.41570398439909
886;20.13;64.97619449532658
285;135.12;113.98653995480903
43;27.01;133.72115493183856
578;7.13;90.09297719336416
238;37.78;117.81929575613295
169;9.88;123.44610746445956
11;225.81;136.33069079656974
949;1.47;59.838670761637076
210;274.16;120.10263963777273
27;0.53;135.02592286420415
576;23.2;90.25607318490987
510;38.61;95.63824090591793
296;0.85;113.08951200130768
428;7.64;102.32517655929158
585;9.19;89.52214122295422
159;0.87;124.26158742218804
752;15.68;75.90362592888839
436;19.44;101.67279259310878
865;228.16;66.68870240655642
616;90.59;86.9941533539959
48;17.48;133.3134149529743
1000;10.23;55.67972297722176
890;19.49;64.65000251223518
111;32.22;128.1758912192848
105;10.82;128.66517919392192
732;286.84;77.53458584434537
215;180.73;119.69489965890848
845;23.69;68.3196623220134
453;31.89;100.28647666497034
507;9.86;95.88288489323648
527;90.86;94.25192497777948
360;43.73;107.87044027184533
883;7.4;65.22083848264512
421;198.22;102.89601252970152
577;26.49;90.17452518913703
36;1256.84;134.29199090224853
440;32.7;101.34660061001739
896;89.19;64.16071453759808
523;15.1;94.57811696087089
36;84.06;134.29199090224853
12;147.82;136.2491428007969
909;110.68;63.10059059255104
961;25.57;58.860094812362874
393;107.14;105.1793564113413
568;36.14;90.90845715109268
153;161.52;124.75087539682514
992;61.8;56.332106943404554
440;42.14;101.34660061001739
3;31.29;136.98307476275255
9;2.22;136.49378678811544
329;1.11;110.39842814080366
830;118.52;69.54288225860614
833;1.61;69.29823827128759
442;1.78;101.18350461847169
578;35.42;90.09297719336416
718;8.86;78.67625778516526
862;0.65;66.93334639387496
304;1.27;112.43712803512489
959;8.32;59.02319080390858
22;8.59;135.43366284306842
681;228.66;81.69353362876069
916;36.29;62.5297546221411
337;19.3;109.74604417462086
94;5341.33;129.56220714742327
9;76.22;136.49378678811544
454;7.41;100.2049286691975
28;0.95;134.9443748684313
185;191.52;122.14133953209397
839;31.1;68.8089502966505
573;7.83;90.50071717222842
349;20.41;108.76746822534668
36;1.58;134.29199090224853
520;14.29;94.82276094818943
527;39.84;94.25192497777948
841;32.15;68.64585430510479
905;7.06;63.426782575642434
175;15.3;122.95681948982246
934;38.58;61.0618906982298
89;275.64;129.9699471262875
200;54.57;120.91811959550122
180;6.42;122.54907951095821
627;97.06;86.09712540049455
33;124.7;134.53663488956707
896;18.63;64.16071453759808
1000;219.36;55.67972297722176
869;34.73;66.36251042346501
222;31.64;119.12406368849854
46;213.8;133.47651094452002
112;10.49;128.09434322351197
63;1.45;132.09019501638159
721;80.61;78.43161379784672
279;26.47;114.47582792944613
661;178.47;83.32449354421769
529;100.58;94.08882898623379
17;152.44;135.84140282193266
633;124.95;85.60783742585747
715;9.96;78.92090177248382
883;35.25;65.22083848264512
527;71.09;94.25192497777948
579;105.73;90.01142919759133
915;0.61;62.61130261791395
727;159.72;77.94232582320961
431;43.1;102.08053257197302
857;25.47;67.34108637273921
41;189.85;133.88425092338426
282;5192.08;114.23118394212759
538;43.23;93.35489702427815
311;1.07;111.86629206471494
700;18.55;80.14412170907656
661;38.79;83.32449354421769
11;6.77;136.33069079656974
79;21.98;130.785427084016
402;6.41;104.44542444938565
957;219.12;59.18628679545428
48;14.32;133.3134149529743
261;245.13;115.94369185335742
461;82.18;99.63409269878755
836;11.97;69.05359428396905
500;28.09;96.45372086364642
788;10.02;72.96789808106581
532;275.39;93.84418499891524
231;110.25;118.39013172654289
327;58.99;110.56152413234936
44;1.56;133.63960693606572
4;12.71;136.90152676697969
374;65.22;106.72876833102544
740;63.81;76.88220187816259
459;34.63;99.79718869033324
755;1.47;75.65898194156983
247;23.0;117.08536379417731
832;21.87;69.37978626706044
220;107.34;119.28715968004424
189;234.91;121.81514754900256
575;42.02;90.33762118068273
33;14.28;134.53663488956707
753;4.73;75.82207793311554
45;23.34;133.55805894029288
16;8.97;135.9229508177055
703;16.58;79.899477721758
149;178.13;125.07706737991654
248;8.09;117.00381579840446
16;14.2;135.9229508177055
4;11.94;136.90152676697969
17;0.69;135.84140282193266
41;190.52;133.88425092338426
140;278.6;125.81099934187219
779;129.16;73.70183004302146
160;1.14;124.18003942641519
768;179.65;74.5988579965228
41;255.69;133.88425092338426
34;250.07;134.4550868937942
537;71.33;93.436445020051
16;230.35;135.9229508177055
822;5.41;70.19526622478894
890;24.47;64.65000251223518
2;8.16;137.0646227585254
3;38.54;136.98307476275255
664;67.88;83.07984955689912
345;234.31;109.09366020843807
3;11.62;136.98307476275255
70;7.51;131.51935904597164
22;84.36;135.43366284306842
34;54.48;134.4550868937942
498;24.16;96.61681685519213
468;26.05;99.06325672837761
890;28.13;64.65000251223518
499;45.65;96.53526885941926
815;28.71;70.76610219519888
202;217.43;120.75502360395552
486;37.69;97.59539280446631
188;83.08;121.89669554477541
833;7.14;69.29823827128759
649;152.37;84.30306949349188
574;16.68;90.41916917645557
289;55.39;113.66034797171763
674;1.19;82.26436959917064
25;7.29;135.18901885574985
138;44.69;125.97409533341788
335;68.0;109.90914016616657
11;22.32;136.33069079656974
813;36.76;70.92919818674459
554;14.23;92.05012909191257
498;18.66;96.61681685519213
83;237.08;130.4592351009246
679;4.39;81.85662962030639
43;34.33;133.72115493183856
982;4.75;57.14758690113304
505;6.16;96.04598088478218
310;211.53;111.94784006048779
122;2.21;127.27886326578347
34;4.41;134.4550868937942
49;268.5;133.23186695720148
57;25.15;132.57948299101866
510;33.97;95.63824090591793
45;1.27;133.55805894029288
931;59.22;61.30653468554836
653;6.82;83.97687751040047
815;67.61;70.76610219519888
206;172.87;120.42883162086413
433;14.33;101.91743658042734
327;4.77;110.56152413234936
829;25.74;69.62443025437899
258;9.46;116.18833584067596
33;7.42;134.53663488956707
544;6.74;92.86560904964105
28;32.69;134.9443748684313
64;232.66;132.00864702060872
512;115.02;95.47514491437224
542;10.83;93.02870504118675
257;70.11;116.26988383644881
580;29.15;89.92988120181847
38;3.95;134.12889491070283
889;1.21;64.73155050800803
47;31.3;133.39496294874718
562;125.66;91.39774512572976
688;248.59;81.12269765835075
749;125.42;76.14826991620694
813;6.14;70.92919818674459
824;23.41;70.03217023324324
877;192.95;65.71012645728221
27;15.01;135.02592286420415
137;286.07;126.05564332919073
94;22.67;129.56220714742327
755;25.12;75.65898194156983
44;202.66;133.63960693606572
864;22.32;66.77025040232927
600;74.21;88.29892128636149
206;82.74;120.42883162086413
662;1.8;83.24294554844482
862;116.85;66.93334639387496
469;20.32;98.98170873260474
282;0.68;114.23118394212759
31;8.0;134.69973088111277
374;27.91;106.72876833102544
395;69.22;105.0162604197956
610;48.1;87.48344132863299
72;40.82;131.35626305442594
956;89.47;59.26783479122713
790;81.56;72.80480208952011
518;271.56;94.98585693973513
610;137.13;87.48344132863299
50;15.74;133.15031896142864
710;8.56;79.32864175134806
993;1.65;56.2505589476317
564;31.44;91.23464913418407
881;391.28;65.38393447419082
48;87.21;133.3134149529743
409;277.43;103.87458847897571
432;215.8;101.99898457620017
452;167.01;100.36802466074319
227;9.17;118.7163237096343
792;26.75;72.64170609797442
9;0.92;136.49378678811544
198;24.01;121.08121558704693
949;0.9;59.838670761637076
38;2.04;134.12889491070283
40;0.26;133.96579891915712
182;25.46;122.3859835194125
546;19.01;92.70251305809535
74;23.2;131.19316706288024
748;28.52;76.22981791197978
937;118.97;60.81724671091126
114;208.47;127.93124723196627
835;1.39;69.1351422797419
230;51.68;118.47167972231574
852;0.96;67.74882635160346
734;8.72;77.37148985279967
577;6.4;90.17452518913703
32;251.54;134.6181828853399
918;28.81;62.366658630595396
760;6.45;75.25124196270559
928;29.66;61.55117867286691
15;82.06;136.00449881347836
692;123.65;80.79650567525934
186;117.59;122.05979153632111
31;6.25;134.69973088111277
786;13.77;73.13099407261151
409;1.79;103.87458847897571
6;39.3;136.73843077543398
658;58.34;83.56913753153623
17;18.06;135.84140282193266
768;242.17;74.5988579965228
582;11.98;89.76678521027279
523;81.58;94.57811696087089
405;21.1;104.20078046206712
918;13.74;62.366658630595396
34;4721.94;134.4550868937942
921;0.88;62.122014643276856
517;31.11;95.06740493550798
328;23.02;110.47997613657651
356;82.37;108.19663225493673
775;366.11;74.02802202611285
32;95.01;134.6181828853399
954;65.73;59.43093078277282
104;9.3;128.74672718969475
47;10.13;133.39496294874718
747;208.98;76.31136590775264
799;4.49;72.07087012756448
190;5.02;121.73359955322971
969;283.05;58.20771084618008
640;284.28;85.03700145544752
553;0.49;92.1316770876854
933;53.36;61.143438694002654
14;25.46;136.0860468092512
717;4.96;78.75780578093811
472;4.86;98.7370647452862
754;18.24;75.7405299373427
892;0.82;64.48690652068949
127;225.23;126.87112328691923
322;31.42;110.9692641112136
346;10.22;109.01211221266522
175;105.42;122.95681948982246
467;70.06;99.14480472415045
83;14.35;130.4592351009246
607;141.43;87.72808531595155
641;253.31;84.95545345967466
889;5.08;64.73155050800803
56;53.93;132.66103098679153
626;149.42;86.17867339626741
1000;19.99;55.67972297722176
329;4488.19;110.39842814080366
45;0.91;133.55805894029288
244;240.83;117.33000778149585
807;61.17;71.41848616138168
899;95.21;63.91607055027954
35;8.72;134.37353889802137
6;21.63;136.73843077543398
650;14.58;84.22152149771902
336;37.85;109.82759217039371
660;71.71;83.40604153999053
157;23.57;124.42468341373375
566;28.78;91.07155314263836
145;168.64;125.40325936300793
39;104.87;134.04734691492996
45;7.56;133.55805894029288
821;39.79;70.27681422056179
329;24.52;110.39842814080366
534;15.56;93.68108900736954
9;34.96;136.49378678811544
192;23.66;121.57050356168402
679;65.6;81.85662962030639
608;17.02;87.6465373201787
2;229.06;137.0646227585254
306;5.44;112.2740320435792
307;23.07;112.19248404780635
96;37.07;129.39911115587756
172;23.44;123.201463477141
890;7.7;64.65000251223518
510;9.73;95.63824090591793
875;344.52;65.87322244882792
188;111.29;121.89669554477541
4;9.72;136.90152676697969
29;80.21;134.86282687265847
647;180.17;84.46616548503758
46;0.28;133.47651094452002
42;14.4;133.80270292761142
31;21.56;134.69973088111277
525;27.55;94.41502096932518
122;61.7;127.27886326578347
829;88.35;69.62443025437899
481;14.33;98.00313278333056
592;35.63;88.95130525254427
146;1.04;125.32171136723508
472;120.66;98.7370647452862
963;21.45;58.69699882081717
781;0.84;73.53873405147576
11;4.92;136.33069079656974
849;286.31;67.99347033892201
755;47.29;75.65898194156983
777;42.94;73.86492603456716
41;5.58;133.88425092338426
893;68.11;64.40535852491664
575;148.31;90.33762118068273
414;221.96;103.46684850011147
748;26.65;76.22981791197978
666;59.4;82.91675356535343
385;10.78;105.8317403775241
468;19.81;99.06325672837761
24;77.48;135.27056685152272
817;19.18;70.60300620365318
29;1.63;134.86282687265847
680;98.95;81.77508162453354
723;58.06;78.26851780630102
463;1.18;99.47099670724185
115;88.96;127.84969923619342
518;21.31;94.98585693973513
474;0.81;98.5739687537405
490;4.96;97.26920082137491
879;1.03;65.54703046573653
675;289.81;82.1828216033978
154;23.47;124.6693274010523
168;41.88;123.52765546023241
932;1.3;61.224986689775506
785;225.35;73.21254206838437
44;23.04;133.63960693606572
911;30.22;62.93749460100534
36;16.29;134.29199090224853
507;77.82;95.88288489323648
192;1.54;121.57050356168402
665;0.54;82.99830156112628
819;106.94;70.43991021210748
749;70.31;76.14826991620694
94;210.69;129.56220714742327
38;30.45;134.12889491070283
782;19.17;73.4571860557029
798;10.76;72.15241812333731
473;6.28;98.65551674951335
755;127.0;75.65898194156983
942;5.37;60.40950673204702
1;14.66;137.14617075429825
397;11.93;104.8531644282499
911;36.05;62.93749460100534
399;31.24;104.6900684367042
196;24.73;121.24431157859262
939;32.59;60.65415071936556
293;64.34;113.33415598862624
547;218.11;92.62096506232251
231;71.4;118.39013172654289
24;5.04;135.27056685152272
7;22.2;136.65688277966115
150;185.55;124.99551938414369
163;104.82;123.93539543909665
73;62.4;131.2747150586531
667;110.44;82.83520556958058
508;23.47;95.80133689746363
714;0.87;79.00244976825667
253;8.8;116.5960758195402
176;67.89;122.87527149404961
959;202.94;59.02319080390858
835;35.11;69.1351422797419
291;31.43;113.49725198017194
97;1.55;129.3175631601047
389;1.26;105.5055483944327
43;40.16;133.72115493183856
789;19.54;72.88635008529296
907;87.82;63.263686584096746
292;35.68;113.41570398439909
746;147.37;76.39291390352548
63;18.37;132.09019501638159
180;35.46;122.54907951095821
355;1.36;108.27818025070957
785;0.95;73.21254206838437
587;4.63;89.35904523140853
765;15.02;74.84350198384135
40;11.25;133.96579891915712
902;194.32;63.67142656296099
394;87.35;105.09780841556845
555;21.13;91.9685810961397
286;32.25;113.90499195903618
487;125.98;97.51384480869346
19;80.75;135.67830683038696
698;0.92;80.30721770062226
434;63.8;101.83588858465447
145;35.41;125.40325936300793
29;21.87;134.86282687265847
846;13.81;68.23811432624055
3;10.12;136.98307476275255
26;104.59;135.107470859977
16;91.25;135.9229508177055
366;1.51;107.38115229720823
96;48.43;129.39911115587756
296;285.5;113.08951200130768
498;39.24;96.61681685519213
216;1.44;119.61335166313563
642;140.45;84.87390546390182
644;1.72;84.71080947235612
229;25.61;118.55322771808859
145;236.78;125.40325936300793
498;95.63;96.61681685519213
111;2.16;128.1758912192848
883;1.48;65.22083848264512
925;16.83;61.79582266018545
206;31.32;120.42883162086413
48;267.8;133.3134149529743
845;274.49;68.3196623220134
914;1.04;62.6928506136868
1;165.03;137.14617075429825
53;247.86;132.90567497411007
642;156.61;84.87390546390182
159;1619.18;124.26158742218804
40;1.11;133.96579891915712
415;6.71;103.38530050433862
758;123.29;75.4143379542513
437;145.98;101.59124459733593
531;35.69;93.92573299468809
258;7.02;116.18833584067596
359;7.38;107.95198826761818
28;22.55;134.9443748684313
31;0.62;134.69973088111277
550;32.3;92.37632107500396
11;119.31;136.33069079656974
250;2.74;116.84071980685876
858;17.39;67.25953837696636
53;23.63;132.90567497411007
372;138.71;106.89186432257114
325;43.07;110.72462012389505
74;6.21;131.19316706288024
823;197.82;70.11371822901609
507;12.53;95.88288489323648
318;4.35;111.295456094305
606;4.8;87.80963331172438
3;14.36;136.98307476275255
258;1.52;116.18833584067596
371;139.97;106.97341231834399
249;460.79;116.92226780263161
584;2.22;89.60368921872708
389;0.26;105.5055483944327
363;11.07;107.62579628452679
2;9.67;137.0646227585254
38;1.86;134.12889491070283
848;21.98;68.07501833469485
104;4.21;128.74672718969475
600;30.22;88.29892128636149
31;2.41;134.69973088111277
33;6.9;134.53663488956707
146;0.96;125.32171136723508
200;22.98;120.91811959550122
235;167.17;118.0639397434515
16;208.65;135.9229508177055
68;19.07;131.68245503751734
268;1.08;115.37285588294748
2;20.38;137.0646227585254
445;2.04;100.93886063115313
184;2.36;122.22288752786682
101;72.29;128.99137117701332
206;90.93;120.42883162086413
352;91.53;108.52282423802812
720;222.87;78.51316179361956
40;287.89;133.96579891915712
71;40.04;131.43781105019877
765;12.8;74.84350198384135
786;250.82;73.13099407261151
783;66.58;73.37563805993005
658;22.03;83.56913753153623
580;2.0;89.92988120181847
442;272.8;101.18350461847169
791;106.55;72.72325409374726
711;116.61;79.24709375557521
46;111.23;133.47651094452002
505;180.39;96.04598088478218
18;4.84;135.7598548261598
197;2.27;121.16276358281976
47;56.13;133.39496294874718
680;53.0;81.77508162453354
734;148.99;77.37148985279967
384;38.82;105.91328837329695
11;0.71;136.33069079656974
727;6.11;77.94232582320961
156;85.76;124.5062314095066
33;66.06;134.53663488956707
568;7.28;90.90845715109268
910;107.15;63.01904259677819
958;2.62;59.10473879968143
122;99.07;127.27886326578347
966;1.89;58.45235483349863
506;155.41;95.96443288900932
237;30.35;117.9008437519058
885;12.22;65.05774249109943
147;192.11;125.24016337146224
484;7.07;97.75848879601202
903;29.7;63.58987856718814
638;129.1;85.20009744699321
615;70.71;87.07570134976875
623;26.3;86.42331738358595
290;20.86;113.57879997594478
149;1408.72;125.07706737991654
72;7.58;131.35626305442594
18;31.89;135.7598548261598
911;30.66;62.93749460100534
36;9.2;134.29199090224853
732;276.49;77.53458584434537
599;34.92;88.38046928213433
2;6.5;137.0646227585254
36;2.17;134.29199090224853
18;4147.04;135.7598548261598
264;180.08;115.69904786603887
286;2.85;113.90499195903618
613;0.98;87.23879734131444
501;0.65;96.37217286787357
387;274.44;105.6686443859784
411;217.49;103.71149248743001
801;7.55;71.90777413601877
908;1.04;63.182138588323895
512;90.68;95.47514491437224
969;133.32;58.20771084618008
72;7.17;131.35626305442594
977;178.44;57.55532687999728
599;98.94;88.38046928213433
291;86.62;113.49725198017194
442;87.29;101.18350461847169
713;0.99;79.0839977640295
167;182.85;123.60920345600525
790;12.08;72.80480208952011
196;147.62;121.24431157859262
761;93.87;75.16969396693275
24;48.7;135.27056685152272
19;268.22;135.67830683038696
32;165.07;134.6181828853399
68;8.65;131.68245503751734
805;0.62;71.58158215292737
964;111.48;58.615450825044334
52;19.63;132.98722296988294
742;0.95;76.71910588661689
476;125.55;98.4108727621948
551;1.84;92.2947730792311
20;59.51;135.5967588346141
715;23.83;78.92090177248382
18;7.05;135.7598548261598
899;7.26;63.91607055027954
16;35.33;135.9229508177055
272;3.96;115.04666389985607
914;39.79;62.6928506136868
556;8.13;91.88703310036686
18;40.43;135.7598548261598
47;227.37;133.39496294874718
564;1.64;91.23464913418407
166;2.12;123.6907514517781
30;100.85;134.7812788768856
952;0.73;59.59402677431852
26;340.91;135.107470859977
277;128.43;114.63892392099183
47;84.13;133.39496294874718
999;38.14;55.76127097299461
401;4.34;104.5269724451585
782;73.68;73.4571860557029
182;11.83;122.3859835194125
151;11.2;124.91397138837084
37;199.09;134.21044290647566
238;71.44;117.81929575613295
137;5.7;126.05564332919073
886;17.84;64.97619449532658
338;29.45;109.66449617884801
394;26.77;105.09780841556845
848;64.15;68.07501833469485
48;1.78;133.3134149529743
189;64.21;121.81514754900256
622;26.53;86.5048653793588
111;506.24;128.1758912192848
280;7.07;114.39427993367327
558;13.27;91.72393710882116
209;152.83;120.18418763354558
94;148.8;129.56220714742327
472;263.7;98.7370647452862
722;32.57;78.35006580207387
891;7.81;64.56845451646232
50;8.24;133.15031896142864
264;104.81;115.69904786603887
578;22.41;90.09297719336416
718;268.7;78.67625778516526
788;29.78;72.96789808106581
44;4.15;133.63960693606572
30;12.11;134.7812788768856
44;23.34;133.63960693606572
851;254.64;67.8303743473763
190;6.44;121.73359955322971
411;11.66;103.71149248743001
397;32.08;104.8531644282499
981;25.63;57.22913489690589
71;2.21;131.43781105019877
229;107.09;118.55322771808859
263;224.11;115.78059586181172
211;14.71;120.02109164199987
927;207.28;61.63272666863975
50;272.3;133.15031896142864
458;10.44;99.8787366861061
220;6.23;119.28715968004424
857;262.1;67.34108637273921
380;33.65;106.23948035638834
921;142.89;62.122014643276856
312;28.57;111.7847440689421
35;33.93;134.37353889802137
46;10.66;133.47651094452002
321;43.4;111.05081210698646
317;56.14;111.37700409007785
478;35.31;98.24777677064911
39;80.75;134.04734691492996
796;46.18;72.31551411488302
842;75.83;68.56430630933195
478;39.69;98.24777677064911
1;65.27;137.14617075429825
304;22.23;112.43712803512489
347;22.25;108.93056421689238
260;31.53;116.02523984913026
323;28.05;110.88771611544075
27;138.56;135.02592286420415
646;57.61;84.54771348081042
993;175.4;56.2505589476317
346;208.88;109.01211221266522
901;165.04;63.75297455873384
5;26.09;136.81997877120685
802;1.24;71.82622614024592
28;23.87;134.9443748684313
40;11.12;133.96579891915712
33;0.87;134.53663488956707
30;142.57;134.7812788768856
464;40.75;99.389448711469
654;374.18;83.89532951462763
224;65.42;118.96096769695284
36;31.25;134.29199090224853
741;14.6;76.80065388238972
126;26.7;126.95267128269208
538;31.73;93.35489702427815
323;72.03;110.88771611544075
760;234.71;75.25124196270559
326;10.59;110.64307212812221
603;33.1;88.05427729904294
137;29.3;126.05564332919073
48;32.2;133.3134149529743
482;68.7;97.92158478755772
24;211.75;135.27056685152272
623;38.7;86.42331738358595
248;23.09;117.00381579840446
794;204.15;72.47861010642872
721;0.85;78.43161379784672
706;38.48;79.65483373443945
777;1.08;73.86492603456716
544;1.26;92.86560904964105
925;31.57;61.79582266018545
42;12.88;133.80270292761142
36;42.61;134.29199090224853
663;0.28;83.16139755267199
588;249.72;89.27749723563568
501;7.76;96.37217286787357
114;4.75;127.93124723196627
21;254.78;135.51521083884126
752;28.14;75.90362592888839
328;2.65;110.47997613657651
203;280.99;120.67347560818267
270;9.52;115.20975989140177
762;10.26;75.08814597115989
980;0.94;57.31068289267874
815;29.88;70.76610219519888
35;255.78;134.37353889802137
104;6.39;128.74672718969475
730;57.82;77.69768183589107
347;31.62;108.93056421689238
657;5.03;83.65068552730907
330;161.85;110.31688014503081
34;33.45;134.4550868937942
461;0.82;99.63409269878755
5;22.89;136.81997877120685
133;4561.03;126.38183531228213
729;6.1;77.77922983166393
47;150.33;133.39496294874718
6;11.38;136.73843077543398
77;292.77;130.9485230755617
425;190.47;102.56982054661012
751;6.61;75.98517392466124
534;12.49;93.68108900736954
190;39.04;121.73359955322971
45;5.27;133.55805894029288
604;8.21;87.97272930327009
19;230.75;135.67830683038696
7;68.94;136.65688277966115
17;21.01;135.84140282193266
989;100.58;56.576750930723094
881;43.37;65.38393447419082
277;131.5;114.63892392099183
193;8.47;121.48895556591117
966;7.51;58.45235483349863
200;15.83;120.91811959550122
983;56.32;57.06603890536019
330;234.67;110.31688014503081
954;229.61;59.43093078277282
709;29.83;79.41018974712091
360;7.77;107.87044027184533
276;13.49;114.72047191676467
17;7.39;135.84140282193266
82;5.65;130.54078309669745
749;1.66;76.14826991620694
160;11.97;124.18003942641519
553;6.72;92.1316770876854
326;30.47;110.64307212812221
710;5.88;79.32864175134806
356;23.04;108.19663225493673
42;5.11;133.80270292761142
45;21.48;133.55805894029288
877;36.75;65.71012645728221
163;278.49;123.93539543909665
798;259.87;72.15241812333731
536;1.65;93.51799301582385
125;0.93;127.03421927846492
484;167.2;97.75848879601202
635;83.7;85.44474143431177
781;21.72;73.53873405147576
565;43.5;91.15310113841122
303;33.35;112.51867603089774
481;18.87;98.00313278333056
420;222.02;102.97756052547436
45;11.54;133.55805894029288
141;164.69;125.72945134609934
41;0.79;133.88425092338426
50;31.6;133.15031896142864
42;60.54;133.80270292761142
43;10.37;133.72115493183856
11;1.16;136.33069079656974
43;97.29;133.72115493183856
39;192.86;134.04734691492996
20;1.62;135.5967588346141
333;77.92;110.07223615771227
461;11.42;99.63409269878755
367;118.6;107.29960430143538
251;83.65;116.7591718110859
625;226.06;86.26022139204025
239;87.88;117.7377477603601
183;17.29;122.30443552363965
45;84.89;133.55805894029288
28;43.08;134.9443748684313
384;436.24;105.91328837329695
54;7.63;132.82412697833723
13;374.07;136.16759480502404
491;27.93;97.18765282560207
229;8.22;118.55322771808859
932;37.11;61.224986689775506
60;7.3;132.33483900370013
178;8.54;122.71217550250391
331;1.68;110.23533214925796
832;15.62;69.37978626706044
298;77.51;112.926416009762
113;32.93;128.0127952277391
7;300.04;136.65688277966115
28;48.37;134.9443748684313
17;160.3;135.84140282193266
579;71.81;90.01142919759133
43;1.21;133.72115493183856
882;197.58;65.30238647841797
8;6.15;136.5753347838883
30;36.9;134.7812788768856
833;1.04;69.29823827128759
745;219.02;76.47446189929833
482;6.08;97.92158478755772
773;79.2;74.19111801765855
43;104.5;133.72115493183856
316;71.62;111.4585520858507
545;1.02;92.7840610538682
566;252.55;91.07155314263836
42;0.45;133.80270292761142
684;8.65;81.44888964144215
30;10.99;134.7812788768856
768;17.41;74.5988579965228
128;2.08;126.78957529114638
825;162.85;69.95062223747038
338;29.42;109.66449617884801
44;277.91;133.63960693606572
462;30.26;99.55254470301469
44;237.29;133.63960693606572
279;4828.32;114.47582792944613
726;10.05;78.02387381898248
885;222.88;65.05774249109943
409;152.16;103.87458847897571
7;28.15;136.65688277966115
503;270.83;96.20907687632787
527;114.63;94.25192497777948
891;37.93;64.56845451646232
26;1.13;135.107470859977
632;54.24;85.6893854216303
39;11.42;134.04734691492996
821;162.52;70.27681422056179
224;119.36;118.96096769695284
43;4.57;133.72115493183856
249;78.48;116.92226780263161
362;182.28;107.70734428029962
405;243.4;104.20078046206712
201;17.67;120.83657159972837
329;96.42;110.39842814080366
425;43.6;102.56982054661012
22;249.53;135.43366284306842
423;7.65;102.73291653815582
445;23.97;100.93886063115313
585;7.18;89.52214122295422
13;9.87;136.16759480502404
511;0.94;95.55669291014507
945;0.28;60.16486274472847
223;96.26;119.04251569272569
711;428.53;79.24709375557521
666;129.61;82.91675356535343
996;26.23;56.00591496031315
3;62.38;136.98307476275255
922;180.79;62.040466647504005
876;143.58;65.79167445305507
6;36.51;136.73843077543398
26;27.67;135.107470859977
498;90.41;96.61681685519213
970;34.53;58.126162850407226
541;100.28;93.11025303695959
48;17.43;133.3134149529743
1000;19.2;55.67972297722176
93;14.91;129.6437551431961
36;4.43;134.29199090224853
719;11.83;78.59470978939243
236;11.24;117.98239174767865
990;4.96;56.49520293495024
924;1.18;61.8773706559583
925;4.76;61.79582266018545
440;218.83;101.34660061001739
399;76.28;104.6900684367042
508;31.97;95.80133689746363
228;57.94;118.63477571386144
274;46.95;114.88356790831037
85;78.35;130.29613910937888
343;4.16;109.25675619998377
159;0.3;124.26158742218804
9;93.19;136.49378678811544
825;4.95;69.95062223747038
524;8.69;94.49656896509804
929;145.79;61.46963067709406
168;1.77;123.52765546023241
18;73.07;135.7598548261598
341;218.58;109.41985219152946
61;42.75;132.2532910079273
380;26.15;106.23948035638834
173;126.29;123.11991548136815
131;4.58;126.54493130382782
48;22.08;133.3134149529743
528;239.89;94.17037698200664
1;173.62;137.14617075429825
178;243.65;122.71217550250391
11;22.74;136.33069079656974
510;28.77;95.63824090591793
21;23.75;135.51521083884126
159;14.26;124.26158742218804
425;31.32;102.56982054661012
24;23.87;135.27056685152272
830;303.45;69.54288225860614
677;154.08;82.0197256118521
477;217.33;98.32932476642196
46;71.61;133.47651094452002
484;1.41;97.75848879601202
846;39.31;68.23811432624055
251;6.43;116.7591718110859
825;30.34;69.95062223747038
438;8.11;101.50969660156308
16;218.71;135.9229508177055
488;7.33;97.43229681292061
153;173.88;124.75087539682514
711;8.17;79.24709375557521
44;20.44;133.63960693606572
427;25.96;102.40672455506441
430;11.12;102.16208056774587
448;37.58;100.69421664383458
37;144.05;134.21044290647566
39;100.49;134.04734691492996
388;19.51;105.58709639020555
482;12.83;97.92158478755772
48;13.45;133.3134149529743
28;5188.38;134.9443748684313
800;0.77;71.98932213179162
592;105.14;88.95130525254427
468;13.18;99.06325672837761
212;260.52;119.93954364622704
3;29.79;136.98307476275255
174;55.95;123.0383674855953
482;220.62;97.92158478755772
190;1.7;121.73359955322971
890;36.59;64.65000251223518
909;5.5;63.10059059255104
364;1.71;107.54424828875393
45;50.43;133.55805894029288
3;213.97;136.98307476275255
512;141.17;95.47514491437224
199;36.77;120.99966759127408
530;12.22;94.00728099046094
241;21.82;117.5746517688144
476;135.07;98.4108727621948
285;182.44;113.98653995480903
31;20.38;134.69973088111277
40;29.26;133.96579891915712
382;37.26;106.07638436484264
42;100.25;133.80270292761142
164;33.04;123.8538474433238
328;131.19;110.47997613657651
263;148.08;115.78059586181172
11;147.31;136.33069079656974
451;15.61;100.44957265651604
176;37.7;122.87527149404961
89;24.53;129.9699471262875
39;3.9;134.04734691492996
906;7.94;63.3452345798696
54;39.18;132.82412697833723
434;209.1;101.83588858465447
220;59.32;119.28715968004424
524;22.0;94.49656896509804
18;81.85;135.7598548261598
12;283.08;136.2491428007969
18;14.17;135.7598548261598
302;22.24;112.60022402667059
38;19.46;134.12889491070283
33;289.61;134.53663488956707
300;6.98;112.76332001821629
378;77.34;106.40257634793404
472;62.83;98.7370647452862
960;18.04;58.941642808135725
970;29.5;58.126162850407226
39;84.69;134.04734691492996
343;54.86;109.25675619998377
344;34.2;109.17520820421092
359;26.42;107.95198826761818
215;29.75;119.69489965890848
16;17.66;135.9229508177055
19;26.42;135.67830683038696
683;28.44;81.53043763721499
493;243.27;97.02455683405637
622;1.73;86.5048653793588
901;100.12;63.75297455873384
272;223.73;115.04666389985607
440;6.67;101.34660061001739
881;205.9;65.38393447419082
885;17.96;65.05774249109943
986;84.03;56.82139491804165
976;32.19;57.63687487577013
778;8.28;73.7833780387943
554;1.69;92.05012909191257
209;33.63;120.18418763354558
7;10.55;136.65688277966115
26;29.55;135.107470859977
719;9.75;78.59470978939243
203;31.65;120.67347560818267
782;22.23;73.4571860557029
283;15.53;114.14963594635472
16;7.91;135.9229508177055
4;8.5;136.90152676697969
333;8.22;110.07223615771227
303;22.65;112.51867603089774
575;17.93;90.33762118068273
856;6.11;67.42263436851206
766;60.53;74.7619539880685
230;38.98;118.47167972231574
523;162.88;94.57811696087089
561;25.09;91.47929312150262
547;0.91;92.62096506232251
545;4.66;92.7840610538682
565;71.05;91.15310113841122
64;110.24;132.00864702060872
209;5.82;120.18418763354558
431;246.9;102.08053257197302
240;34.98;117.65619976458726
951;138.77;59.67557477009137
412;2.57;103.62994449165717
41;252.55;133.88425092338426
751;11.87;75.98517392466124
132;51.85;126.46338330805497
643;84.54;84.79235746812897
811;12.77;71.09229417829027
289;43.42;113.66034797171763
751;76.82;75.98517392466124
449;2.02;100.61266864806174
159;55.73;124.26158742218804
335;25.54;109.90914016616657
837;1.84;68.9720462881962
728;301.4;77.86077782743678
100;147.14;129.07291917278616
407;5.04;104.03768447052141
11;73.74;136.33069079656974
11;9.96;136.33069079656974
921;22.31;62.122014643276856
657;219.31;83.65068552730907
37;25.39;134.21044290647566
297;36.67;113.00796400553483
133;120.48;126.38183531228213
341;66.76;109.41985219152946
676;1.54;82.10127360762493
148;26.32;125.1586153756894
229;16.24;118.55322771808859
787;7.23;73.04944607683866
574;22.1;90.41916917645557
131;119.61;126.54493130382782
360;25.36;107.87044027184533
453;24.93;100.28647666497034
268;157.1;115.37285588294748
510;62.77;95.63824090591793
6;1.61;136.73843077543398
667;77.75;82.83520556958058
441;25.9;101.26505261424452
50;1.09;133.15031896142864
471;215.49;98.81861274105906
4;10.97;136.90152676697969
234;5.04;118.14548773922435
182;18.55;122.3859835194125
804;18.25;71.66313014870022
21;35.68;135.51521083884126
903;164.79;63.58987856718814
493;7.61;97.02455683405637
45;5380.63;133.55805894029288
740;84.57;76.88220187816259
899;34.9;63.91607055027954
304;0.31;112.43712803512489
43;9.14;133.72115493183856
223;60.68;119.04251569272569
426;1.44;102.48827255083728
718;6.81;78.67625778516526
526;148.85;94.33347297355235
3;56.59;136.98307476275255
686;9.45;81.28579364989645
26;17.39;135.107470859977
926;51.94;61.7142746644126
100;48.27;129.07291917278616
701;62.37;80.0625737133037
336;60.88;109.82759217039371
18;4.22;135.7598548261598
142;268.71;125.64790335032649
11;21.06;136.33069079656974
70;0.66;131.51935904597164
30;81.42;134.7812788768856
13;1.7;136.16759480502404
752;198.03;75.90362592888839
31;35.72;134.69973088111277
938;60.25;60.73569871513841
959;7.37;59.02319080390858
21;199.35;135.51521083884126
607;185.83;87.72808531595155
904;36.65;63.508330571415286
40;118.24;133.96579891915712
49;7.08;133.23186695720148
33;386.4;134.53663488956707
89;8.94;129.9699471262875
302;23.7;112.60022402667059
16;166.3;135.9229508177055
863;140.36;66.85179839810212
680;12.51;81.77508162453354
964;9.4;58.615450825044334
717;79.83;78.75780578093811
511;1.4;95.55669291014507
227;358.74;118.7163237096343
481;27.22;98.00313278333056
423;27.26;102.73291653815582
534;228.81;93.68108900736954
634;7.21;85.5262894300846
14;1.18;136.0860468092512
1;1.52;137.14617075429825
50;1.79;133.15031896142864
886;290.12;64.97619449532658
45;173.08;133.55805894029288
286;25.18;113.90499195903618
46;89.97;133.47651094452002
5;21.23;136.81997877120685
443;37.08;101.10195662269884
232;207.76;118.30858373077004
481;0.5;98.00313278333056
517;18.32;95.06740493550798
644;13.59;84.71080947235612
522;2.4;94.65966495664374
424;279.96;102.65136854238297
418;110.99;103.14065651702006
214;200.99;119.77644765468133
780;4.33;73.62028204724861
947;29.35;60.001766753182764
222;4.57;119.12406368849854
218;38.29;119.45025567158993
378;8.46;106.40257634793404
999;7.09;55.76127097299461
658;6.57;83.56913753153623
790;5.39;72.80480208952011
425;44.02;102.56982054661012
979;4.91;57.39223088845159
405;237.31;104.20078046206712
48;23.62;133.3134149529743
187;81.71;121.97824354054826
16;189.87;135.9229508177055
40;7.3;133.96579891915712
520;213.02;94.82276094818943
734;177.92;77.37148985279967
211;70.77;120.02109164199987
931;12.31;61.30653468554836
397;1.9;104.8531644282499
221;71.94;119.20561168427139
262;1.73;115.86214385758456
229;0.24;118.55322771808859
54;0.9;132.82412697833723
850;36.18;67.91192234314916
242;113.94;117.49310377304155
355;7.91;108.27818025070957
667;38.13;82.83520556958058
1;30.27;137.14617075429825
334;7.49;109.99068816193942
14;1.23;136.0860468092512
33;19.72;134.53663488956707
253;225.98;116.5960758195402
652;16.11;84.05842550617332
796;1.95;72.31551411488302
568;35.21;90.90845715109268
27;85.57;135.02592286420415
766;96.06;74.7619539880685
24;70.8;135.27056685152272
333;6.58;110.07223615771227
191;9.73;121.65205155745687
11;38.59;136.33069079656974
31;1.84;134.69973088111277
498;0.42;96.61681685519213
457;71.56;99.96028468187895
340;233.47;109.50140018730232
8;30.56;136.5753347838883
856;33.57;67.42263436851206
383;244.58;105.99483636906979
583;38.59;89.68523721449992
145;161.31;125.40325936300793
41;25.68;133.88425092338426
842;38.64;68.56430630933195
681;23.27;81.69353362876069
897;55.04;64.07916654182523
153;24.54;124.75087539682514
104;0.96;128.74672718969475
193;2.27;121.48895556591117
607;136.2;87.72808531595155
68;14.58;131.68245503751734
19;327.48;135.67830683038696
33;1.49;134.53663488956707
614;2.37;87.1572493455416
522;19.27;94.65966495664374
890;7.3;64.65000251223518
18;11.47;135.7598548261598
158;35.49;124.3431354179609
866;44.06;66.60715441078356
19;4894.55;135.67830683038696
118;48.62;127.60505524887486
852;14.43;67.74882635160346
121;1.41;127.36041126155632
20;155.68;135.5967588346141
6;171.41;136.73843077543398
516;4.77;95.14895293128083
902;94.9;63.67142656296099
868;80.29;66.44405841923786
801;20.33;71.90777413601877
711;5.32;79.24709375557521
5;160.16;136.81997877120685
263;4.07;115.78059586181172
3;26.96;136.98307476275255
240;4.09;117.65619976458726
1;66.12;137.14617075429825
454;27.85;100.2049286691975
442;0.75;101.18350461847169
142;4.6;125.64790335032649
275;6.55;114.80201991253753
908;30.51;63.182138588323895
43;11.86;133.72115493183856
662;0.89;83.24294554844482
36;16.71;134.29199090224853
46;238.45;133.47651094452002
745;101.84;76.47446189929833
5;23.55;136.81997877120685
33;116.88;134.53663488956707
928;9.24;61.55117867286691
361;30.76;107.78889227607249
495;7.33;96.86146084251067
892;250.11;64.48690652068949
99;23.05;129.154467168559
747;35.25;76.31136590775264
437;80.73;101.59124459733593
612;12.64;87.3203453370873
444;7.81;101.02040862692598
109;71.67;128.3389872108305
188;142.71;121.89669554477541
168;60.99;123.52765546023241
47;28.59;133.39496294874718
316;9.96;111.4585520858507
790;99.35;72.80480208952011
411;68.21;103.71149248743001
125;8.5;127.03421927846492
129;507.42;126.70802729537353
394;35.06;105.09780841556845
525;7.69;94.41502096932518
706;26.64;79.65483373443945
83;5.25;130.4592351009246
323;12.88;110.88771611544075
889;23.87;64.73155050800803
631;96.47;85.77093341740316
856;1.08;67.42263436851206
167;2.37;123.60920345600525
810;35.26;71.17384217406313
985;6.66;56.9029429138145
163;0.7;123.93539543909665
45;0.85;133.55805894029288
673;2.03;82.34591759494349
23;1.98;135.35211484729555
893;183.51;64.40535852491664
565;79.61;91.15310113841122
762;0.51;75.08814597115989
14;181.28;136.0860468092512
12;67.7;136.2491428007969
853;2.05;67.6672783558306
479;59.31;98.16622877487626
557;2.63;91.80548510459401
50;17.32;133.15031896142864
414;1.0;103.46684850011147
430;88.91;102.16208056774587
815;2.32;70.76610219519888
38;0.87;134.12889491070283
103;66.05;128.82827518546762
154;0.47;124.6693274010523
11;1.43;136.33069079656974
565;238.83;91.15310113841122
21;4331.23;135.51521083884126
8;27.99;136.5753347838883
631;148.96;85.77093341740316
879;33.35;65.54703046573653
385;120.3;105.8317403775241
918;8.29;62.366658630595396
1;23.92;137.14617075429825
11;101.22;136.33069079656974
730;25.9;77.69768183589107
12;142.57;136.2491428007969
270;29.4;115.20975989140177
1;22.65;137.14617075429825
37;240.8;134.21044290647566
379;79.34;106.32102835216119
427;31.67;102.40672455506441
929;0.75;61.46963067709406
254;111.22;116.51452782376737
831;34.53;69.46133426283329
661;0.91;83.32449354421769
38;21.67;134.12889491070283
533;61.05;93.7626370031424
23;66.58;135.35211484729555
44;20.87;133.63960693606572
635;1.13;85.44474143431177
48;0.7;133.3134149529743
734;0.94;77.37148985279967
159;13.79;124.26158742218804
936;260.67;60.898794706684114
760;4.02;75.25124196270559
957;43.01;59.18628679545428
40;0.97;133.96579891915712
783;27.87;73.37563805993005
204;79.1;120.59192761240982
242;29.77;117.49310377304155
722;17.94;78.35006580207387
2;32.07;137.0646227585254
705;0.81;79.73638173021232
601;1463.71;88.21737329058864
792;25.33;72.64170609797442
665;1.99;82.99830156112628
829;28.4;69.62443025437899
48;16.91;133.3134149529743
12;15.4;136.2491428007969
48;61.7;133.3134149529743
691;32.38;80.8780536710322
840;195.22;68.72740230087764
591;259.72;89.03285324831714
591;112.21;89.03285324831714
272;41.0;115.04666389985607
527;27.22;94.25192497777948
691;20.78;80.8780536710322
457;238.7;99.96028468187895
12;50.94;136.2491428007969
948;1.62;59.92021875740991
17;66.28;135.84140282193266
3;323.85;136.98307476275255
39;7.17;134.04734691492996
830;4.61;69.54288225860614
1;28.63;137.14617075429825
973;41.31;57.88151886308869
19;18.74;135.67830683038696
863;0.75;66.85179839810212
495;10.5;96.86146084251067
34;6.68;134.4550868937942
39;12.52;134.04734691492996
641;16.21;84.95545345967466
715;176.35;78.92090177248382
23;28.09;135.35211484729555
45;0.87;133.55805894029288
611;67.6;87.40189333286014
702;7.4;79.98102571753085
385;13.78;105.8317403775241
272;157.52;115.04666389985607
57;1.51;132.57948299101866
20;33.96;135.5967588346141
291;77.37;113.49725198017194
34;4.29;134.4550868937942
58;8.67;132.49793499524583
796;40.04;72.31551411488302
8;2.61;136.5753347838883
991;16.75;56.41365493917739
846;14.88;68.23811432624055
274;59.61;114.88356790831037
526;316.03;94.33347297355235
865;0.93;66.68870240655642
823;25.72;70.11371822901609
212;13.74;119.93954364622704
898;12.24;63.99761854605238
609;26.02;87.56498932440584
189;6.48;121.81514754900256
32;0.44;134.6181828853399
763;24.31;75.00659797538705
345;1.46;109.09366020843807
706;29.13;79.65483373443945
33;1375.9;134.53663488956707
420;40.98;102.97756052547436
392;9.18;105.26090440711415
823;8.82;70.11371822901609
574;74.47;90.41916917645557
281;210.86;114.31273193790042
20;18.4;135.5967588346141
35;42.76;134.37353889802137
374;4.28;106.72876833102544
843;26.63;68.4827583135591
974;19.54;57.799970867315835
554;43.8;92.05012909191257
372;10.33;106.89186432257114
746;5.65;76.39291390352548
702;96.14;79.98102571753085
48;61.38;133.3134149529743
154;23.67;124.6693274010523
122;37.15;127.27886326578347
37;21.42;134.21044290647566
14;185.46;136.0860468092512
649;264.78;84.30306949349188
827;10.14;69.78752624592468
798;12.35;72.15241812333731
332;1.76;110.1537841534851
362;436.85;107.70734428029962
42;31.06;133.80270292761142
798;119.44;72.15241812333731
683;1.51;81.53043763721499
6;8.0;136.73843077543398
292;1.05;113.41570398439909
51;197.78;133.06877096565577
323;145.81;110.88771611544075
26;74.5;135.107470859977
549;21.66;92.45786907077681
520;17.57;94.82276094818943
207;5154.87;120.34728362509128
188;2.27;121.89669554477541
45;241.14;133.55805894029288
425;39.0;102.56982054661012
809;20.71;71.25539016983598
977;31.37;57.55532687999728
254;67.45;116.51452782376737
522;8.2;94.65966495664374
136;25.61;126.13719132496358
19;87.75;135.67830683038696
34;104.19;134.4550868937942
615;101.67;87.07570134976875
919;227.04;62.285110634822544
976;1.9;57.63687487577013
898;4.71;63.99761854605238
565;123.68;91.15310113841122
192;34.8;121.57050356168402
127;20.15;126.87112328691923
231;254.92;118.39013172654289
120;33.93;127.44195925732917
612;11.02;87.3203453370873
788;18.15;72.96789808106581
441;17.71;101.26505261424452
10;224.67;136.4122387923426
648;7.65;84.38461748926471
184;14.63;122.22288752786682
28;1.27;134.9443748684313
12;138.04;136.2491428007969
69;29.58;131.60090704174448
191;104.4;121.65205155745687
13;11.65;136.16759480502404
557;39.79;91.80548510459401
9;280.99;136.49378678811544
524;0.78;94.49656896509804
559;98.78;91.64238911304831
951;6.86;59.67557477009137
393;1447.38;105.1793564113413
848;0.9;68.07501833469485
755;239.35;75.65898194156983
3;259.77;136.98307476275255
441;5.33;101.26505261424452
433;61.6;101.91743658042734
210;2.27;120.10263963777273
61;10.46;132.2532910079273
43;61.5;133.72115493183856
237;80.76;117.9008437519058
756;74.3;75.577433945797
30;1.17;134.7812788768856
880;303.64;65.46548246996367
30;52.34;134.7812788768856
822;6.77;70.19526622478894
189;208.17;121.81514754900256
30;8.17;134.7812788768856
49;1.15;133.23186695720148
222;5.56;119.12406368849854
447;22.23;100.77576463960744
110;204.01;128.25743921505767
5;34.93;136.81997877120685
288;178.17;113.74189596749048
108;29.32;128.42053520660338
5;62.08;136.81997877120685
327;69.57;110.56152413234936
894;49.13;64.32381052914378
10;26.67;136.4122387923426
264;79.77;115.69904786603887
1;19.57;137.14617075429825
560;262.47;91.56084111727546
76;97.23;131.03007107133453
721;8.53;78.43161379784672
40;71.88;133.96579891915712
516;37.75;95.14895293128083
803;80.61;71.74467814447307
441;64.5;101.26505261424452
71;8.48;131.43781105019877
826;161.86;69.86907424169753
61;29.15;132.2532910079273
526;13.77;94.33347297355235
865;150.59;66.68870240655642
479;27.17;98.16622877487626
693;6.4;80.7149576794865
174;5119.79;123.0383674855953
21;27.8;135.51521083884126
182;9.67;122.3859835194125
514;39.72;95.31204892282653
622;46.98;86.5048653793588
41;72.83;133.88425092338426
43;300.05;133.72115493183856
989;243.85;56.576750930723094
575;20.68;90.33762118068273
700;1.84;80.14412170907656
16;284.71;135.9229508177055
520;20.83;94.82276094818943
95;28.36;129.4806591516504
798;182.61;72.15241812333731
886;258.27;64.97619449532658
20;22.1;135.5967588346141
647;32.74;84.46616548503758
406;18.46;104.11923246629425
684;251.51;81.44888964144215
661;11.57;83.32449354421769
49;149.4;133.23186695720148
458;71.25;99.8787366861061
988;196.95;56.658298926495945
5;27.04;136.81997877120685
807;219.75;71.41848616138168
80;2.11;130.70387908824316
661;106.71;83.32449354421769
93;0.93;129.6437551431961
992;18.36;56.332106943404554
562;85.75;91.39774512572976
775;5.01;74.02802202611285
736;13.28;77.20839386125398
175;9.65;122.95681948982246
276;1.02;114.72047191676467
289;23.72;113.66034797171763
947;239.62;60.001766753182764
868;44.19;66.44405841923786
255;16.1;116.4329798279945
32;72.25;134.6181828853399
44;0.58;133.63960693606572
826;0.76;69.86907424169753
994;21.4;56.16901095185885
831;7.17;69.46133426283329
633;280.8;85.60783742585747
958;42.73;59.10473879968143
552;19.21;92.21322508345825
889;14.74;64.73155050800803
17;211.59;135.84140282193266
757;6.82;75.49588595002413
432;18.47;101.99898457620017
708;75.49;79.49173774289376
1;21.92;137.14617075429825
881;31.13;65.38393447419082
845;6.1;68.3196623220134
34;47.31;134.4550868937942
221;1.77;119.20561168427139
723;8.35;78.26851780630102
2;11.1;137.0646227585254
877;195.13;65.71012645728221
126;5.18;126.95267128269208
6;36.31;136.73843077543398
488;44.99;97.43229681292061
314;61.9;111.6216480773964
582;2.8;89.76678521027279
195;33.44;121.32585957436547
408;7.91;103.95613647474856
810;0.73;71.17384217406313
924;122.36;61.8773706559583
147;92.5;125.24016337146224
806;6.32;71.50003415715453
102;31.33;128.90982318124045
26;17.55;135.107470859977
877;22.56;65.71012645728221
50;256.91;133.15031896142864
11;167.8;136.33069079656974
696;65.16;80.47031369216795
565;230.28;91.15310113841122
434;23.6;101.83588858465447
181;138.91;122.46753151518536
217;1.52;119.53180366736278
28;29.31;134.9443748684313
197;6.36;121.16276358281976
4;60.13;136.90152676697969
524;48.3;94.49656896509804
191;21.79;121.65205155745687
687;199.58;81.2042456541236
599;30.32;88.38046928213433
543;20.4;92.9471570454139
542;1.04;93.02870504118675
419;12.96;103.05910852124723
960;146.27;58.941642808135725
172;4098.95;123.201463477141
79;80.71;130.785427084016
607;207.01;87.72808531595155
757;0.74;75.49588595002413
417;77.96;103.22220451279291
615;0.94;87.07570134976875
931;2.34;61.30653468554836
696;32.04;80.47031369216795
879;15.73;65.54703046573653
35;2.31;134.37353889802137
460;16.53;99.71564069456039
47;1.3;133.39496294874718
32;54.34;134.6181828853399
45;1.43;133.55805894029288
37;0.82;134.21044290647566
835;1.71;69.1351422797419
647;71.22;84.46616548503758
3;244.54;136.98307476275255
313;26.89;111.70319607316925
663;8.04;83.16139755267199
440;22.82;101.34660061001739
485;282.9;97.67694080023915
402;77.92;104.44542444938565
40;149.14;133.96579891915712
585;137.23;89.52214122295422
381;0.86;106.15793236061549
891;136.54;64.56845451646232
40;16.65;133.96579891915712
847;32.18;68.1565663304677
194;1.81;121.40740757013832
335;32.85;109.90914016616657
664;247.95;83.07984955689912
30;4.94;134.7812788768856
36;1.73;134.29199090224853
201;51.51;120.83657159972837
48;36.8;133.3134149529743
489;28.86;97.35074881714777
901;8.63;63.75297455873384
747;10.2;76.31136590775264
6;14.51;136.73843077543398
223;6.16;119.04251569272569
35;28.34;134.37353889802137
13;99.44;136.16759480502404
403;8.83;104.36387645361282
597;179.03;88.54356527368003
832;94.35;69.37978626706044
810;74.59;71.17384217406313
376;34.39;106.56567233947973
16;16.47;135.9229508177055
809;70.35;71.25539016983598
596;8.18;88.62511326945288
12;65.22;136.2491428007969
163;131.12;123.93539543909665
602;4.0;88.13582529481579
986;56.28;56.82139491804165
26;34.27;135.107470859977
802;79.55;71.82622614024592
574;7.84;90.41916917645557
30;10.99;134.7812788768856
167;25.78;123.60920345600525
615;32.12;87.07570134976875
842;15.29;68.56430630933195
806;149.09;71.50003415715453
184;5.14;122.22288752786682
808;25.72;71.33693816560883
49;407.44;133.23186695720148
801;76.94;71.90777413601877
12;190.04;136.2491428007969
2;7.51;137.0646227585254
38;91.61;134.12889491070283
61;8.15;132.2532910079273
499;487.32;96.53526885941926
5;18.97;136.81997877120685
342;36.9;109.33830419575662
883;269.81;65.22083848264512
1;9.99;137.14617075429825
559;9.74;91.64238911304831
111;4207.62;128.1758912192848
46;93.13;133.47651094452002
328;109.67;110.47997613657651
100;6.81;129.07291917278616
49;5.96;133.23186695720148
864;0.79;66.77025040232927
11;154.88;136.33069079656974
650;34.47;84.22152149771902
343;6.51;109.25675619998377
37;32.86;134.21044290647566
488;4.71;97.43229681292061
798;37.34;72.15241812333731
436;38.09;101.67279259310878
111;9.63;128.1758912192848
147;6.46;125.24016337146224
514;58.48;95.31204892282653
48;77.52;133.3134149529743
17;44.31;135.84140282193266
16;9.24;135.9229508177055
52;28.49;132.98722296988294
829;6.49;69.62443025437899
100;218.5;129.07291917278616
16;21.32;135.9229508177055
114;63.4;127.93124723196627
309;31.25;112.02938805626064
568;14.72;90.90845715109268
450;24.89;100.53112065228889
249;0.93;116.92226780263161
354;35.13;108.35972824648243
157;22.49;124.42468341373375
843;2.04;68.4827583135591
519;410.1;94.90430894396229
377;1.41;106.4841243437069
424;20.3;102.65136854238297
36;41.04;134.29199090224853
439;12.08;101.42814860579023
533;13.92;93.7626370031424
32;2.11;134.6181828853399
657;28.34;83.65068552730907
546;16.55;92.70251305809535
879;7.53;65.54703046573653
998;12.8;55.842818968767446
992;32.56;56.332106943404554
779;30.68;73.70183004302146
29;98.05;134.86282687265847
31;33.1;134.69973088111277
107;0.23;128.5020832023762
834;1.31;69.21669027551474
103;9.42;128.82827518546762
55;28.97;132.74257898256437
2;382.16;137.0646227585254
344;31.81;109.17520820421092
238;12.88;117.81929575613295
245;35.98;117.248459785723
664;23.4;83.07984955689912
857;1.54;67.34108637273921
355;23.98;108.27818025070957
44;280.27;133.63960693606572
795;0.58;72.39706211065587
26;0.66;135.107470859977
82;12.82;130.54078309669745
341;13.23;109.41985219152946
10;166.37;136.4122387923426
484;60.98;97.75848879601202
13;9.48;136.16759480502404
685;177.88;81.36734164566928
6;0.54;136.73843077543398
13;202.64;136.16759480502404
251;25.8;116.7591718110859
277;318.26;114.63892392099183
716;64.57;78.83935377671096
46;7.57;133.47651094452002
176;1.67;122.87527149404961
37;5.35;134.21044290647566
3;1.11;136.98307476275255
503;96.18;96.20907687632787
26;152.28;135.107470859977
826;218.56;69.86907424169753
345;1.05;109.09366020843807
393;150.31;105.1793564113413
184;86.68;122.22288752786682
622;26.99;86.5048653793588
30;47.62;134.7812788768856
14;52.34;136.0860468092512
330;79.23;110.31688014503081
377;17.95;106.4841243437069
28;22.31;134.9443748684313
763;69.24;75.00659797538705
721;13.04;78.43161379784672
981;32.41;57.22913489690589
442;89.94;101.18350461847169
757;0.72;75.49588595002413
154;21.26;124.6693274010523
12;467.08;136.2491428007969
514;40.7;95.31204892282653
397;96.21;104.8531644282499
31;9.61;134.69973088111277
912;12.75;62.85594660523249
30;24.57;134.7812788768856
646;3.96;84.54771348081042
6;27.12;136.73843077543398
550;34.27;92.37632107500396
63;27.55;132.09019501638159
93;138.63;129.6437551431961
115;4.16;127.84969923619342
734;7.56;77.37148985279967
612;12.4;87.3203453370873
170;2.46;123.3645594686867
249;55.8;116.92226780263161
509;71.2;95.71978890169078
908;13.81;63.182138588323895
337;4751.3;109.74604417462086
519;16.33;94.90430894396229
869;235.98;66.36251042346501
14;5.14;136.0860468092512
610;26.52;87.48344132863299
520;68.88;94.82276094818943
78;2.31;130.86697507978883
274;96.01;114.88356790831037
842;182.2;68.56430630933195
950;7.37;59.757122765864224
854;58.52;67.58573036005775
353;83.98;108.44127624225527
202;101.6;120.75502360395552
15;62.66;136.00449881347836
123;102.13;127.19731527001062
675;25.45;82.1828216033978
277;87.65;114.63892392099183
144;27.47;125.48480735878078
942;161.29;60.40950673204702
32;151.06;134.6181828853399
1;24.75;137.14617075429825
850;203.04;67.91192234314916
714;7.57;79.00244976825667
317;1.91;111.37700409007785
342;1.12;109.33830419575662
540;210.26;93.19180103273246
186;31.79;122.05979153632111
285;5.51;113.98653995480903
842;11.89;68.56430630933195
6;155.55;136.73843077543398
611;42.75;87.40189333286014
716;15.55;78.83935377671096
20;89.7;135.5967588346141
762;71.2;75.08814597115989
705;221.97;79.73638173021232
304;67.63;112.43712803512489
331;8.6;110.23533214925796
332;77.8;110.1537841534851
273;1.17;114.96511590408322
214;39.07;119.77644765468133
549;73.77;92.45786907077681
579;143.71;90.01142919759133
783;6.98;73.37563805993005
224;18.98;118.96096769695284
30;32.06;134.7812788768856
737;42.2;77.12684586548113
667;204.92;82.83520556958058
845;242.63;68.3196623220134
36;197.29;134.29199090224853
181;0.29;122.46753151518536
323;157.67;110.88771611544075
4;126.59;136.90152676697969
836;11.12;69.05359428396905
845;79.86;68.3196623220134
11;65.64;136.33069079656974
646;27.84;84.54771348081042
297;20.55;113.00796400553483
236;8.26;117.98239174767865
923;8.54;61.95891865173115
90;5.46;129.88839913051464
585;32.13;89.52214122295422
938;282.13;60.73569871513841
245;5060.07;117.248459785723
661;187.73;83.32449354421769
494;63.26;96.94300883828352
935;18.4;60.980342702456966
491;90.31;97.18765282560207
926;25.92;61.7142746644126
398;30.57;104.77161643247706
3;1.18;136.98307476275255
550;91.77;92.37632107500396
924;12.66;61.8773706559583
31;34.56;134.69973088111277
14;188.61;136.0860468092512
735;18.4;77.28994185702683
195;90.79;121.32585957436547
177;80.34;122.79372349827676
298;7.05;112.926416009762
617;5.84;86.91260535822305
960;0.89;58.941642808135725
380;121.62;106.23948035638834
410;27.43;103.79304048320287
994;10.14;56.16901095185885
837;59.77;68.9720462881962
167;14.06;123.60920345600525
32;143.55;134.6181828853399
41;266.38;133.88425092338426
354;5.1;108.35972824648243
587;68.45;89.35904523140853
29;81.65;134.86282687265847
12;72.57;136.2491428007969
480;43.16;98.08468077910341
367;0.84;107.29960430143538
101;96.39;128.99137117701332
133;64.55;126.38183531228213
724;23.83;78.18696981052817
71;33.86;131.43781105019877
233;64.46;118.2270357349972
8;50.22;136.5753347838883
697;8.27;80.3887656963951
462;11.27;99.55254470301469
813;1.1;70.92919818674459
15;32.61;136.00449881347836
755;259.23;75.65898194156983
310;16.46;111.94784006048779
219;16.71;119.36870767581709
69;282.54;131.60090704174448
575;79.06;90.33762118068273
5;106.88;136.81997877120685
131;69.26;126.54493130382782
939;2.32;60.65415071936556
506;10.03;95.96443288900932
43;286.11;133.72115493183856
118;65.98;127.60505524887486
524;81.13;94.49656896509804
613;2.14;87.23879734131444
44;15.7;133.63960693606572
283;241.62;114.14963594635472
517;1.04;95.06740493550798
179;5254.92;122.63062750673106
721;37.38;78.43161379784672
871;219.53;66.19941443191932
32;8.03;134.6181828853399
47;14.1;133.39496294874718
999;124.55;55.76127097299461
951;14.5;59.67557477009137
39;40.68;134.04734691492996
661;0.8;83.32449354421769
422;142.85;102.81446453392867
42;19.94;133.80270292761142
12;18.89;136.2491428007969
5;12.04;136.81997877120685
164;160.29;123.8538474433238
724;0.79;78.18696981052817
900;8.34;63.83452255450669
16;40.05;135.9229508177055
783;39.17;73.37563805993005
202;32.86;120.75502360395552
315;23.4;111.54010008162355
78;34.96;130.86697507978883
189;52.15;121.81514754900256
494;7.47;96.94300883828352
50;28.34;133.15031896142864
189;7.94;121.81514754900256
969;10.82;58.20771084618008
793;26.79;72.56015810220157
40;5.7;133.96579891915712
42;27.4;133.80270292761142
283;33.94;114.14963594635472
926;4.99;61.7142746644126
423;33.77;102.73291653815582
660;85.25;83.40604153999053
235;164.98;118.0639397434515
270;342.91;115.20975989140177
358;5.68;108.03353626339103
599;10.54;88.38046928213433
83;77.72;130.4592351009246
47;12.04;133.39496294874718
660;20.95;83.40604153999053
399;191.21;104.6900684367042
457;42.94;99.96028468187895
209;222.08;120.18418763354558
216;69.5;119.61335166313563
248;93.85;117.00381579840446
653;2.17;83.97687751040047
908;193.32;63.182138588323895
337;1.06;109.74604417462086
984;0.94;56.984490909587336
712;71.91;79.16554575980237
626;9.99;86.17867339626741
857;0.27;67.34108637273921
948;104.86;59.92021875740991
159;25.78;124.26158742218804
43;6.42;133.72115493183856
376;226.35;106.56567233947973
369;8.2;107.13650830988968
198;1.34;121.08121558704693
482;42.96;97.92158478755772
642;227.65;84.87390546390182
12;5.13;136.2491428007969
933;10.74;61.143438694002654
686;1.19;81.28579364989645
613;13.56;87.23879734131444
825;35.63;69.95062223747038
4;7.93;136.90152676697969
191;235.1;121.65205155745687
32;32.7;134.6181828853399
503;10.26;96.20907687632787
555;107.4;91.9685810961397
287;237.04;113.82344396326333
622;4.03;86.5048653793588
169;218.21;123.44610746445956
28;242.32;134.9443748684313
624;60.14;86.3417693878131
21;8.45;135.51521083884126
626;253.93;86.17867339626741
336;83.65;109.82759217039371
484;41.38;97.75848879601202
12;82.56;136.2491428007969
288;28.45;113.74189596749048
869;7.52;66.36251042346501
8;13.55;136.5753347838883
513;34.46;95.39359691859937
830;186.3;69.54288225860614
182;17.43;122.3859835194125
48;37.56;133.3134149529743
893;7.61;64.40535852491664
564;33.25;91.23464913418407
13;33.41;136.16759480502404
994;6.35;56.16901095185885
98;63.61;129.23601516433186
17;22.23;135.84140282193266
500;173.71;96.45372086364642
308;17.05;112.1109360520335
296;284.85;113.08951200130768
49;85.85;133.23186695720148
37;22.46;134.21044290647566
371;21.92;106.97341231834399
1;14.35;137.14617075429825
30;9.85;134.7812788768856
180;60.3;122.54907951095821
990;244.39;56.49520293495024
137;4331.49;126.05564332919073
345;46.82;109.09366020843807
729;40.94;77.77922983166393
337;0.88;109.74604417462086
42;32.37;133.80270292761142
476;1.16;98.4108727621948
55;29.98;132.74257898256437
325;6.54;110.72462012389505
962;98.25;58.77854681659002
787;22.3;73.04944607683866
670;42.77;82.59056158226204
989;48.35;56.576750930723094
348;83.84;108.84901622111951
18;12.74;135.7598548261598
932;23.7;61.224986689775506
136;251.17;126.13719132496358
28;181.15;134.9443748684313
41;7.83;133.88425092338426
830;1.05;69.54288225860614
376;6.87;106.56567233947973
36;218.95;134.29199090224853
100;149.35;129.07291917278616
22;20.11;135.43366284306842
419;115.17;103.05910852124723
543;18.5;92.9471570454139
78;32.88;130.86697507978883
4;6.11;136.90152676697969
38;22.39;134.12889491070283
842;13.61;68.56430630933195
46;1.36;133.47651094452002
162;319.7;124.0169434348695
635;7.9;85.44474143431177
27;1.33;135.02592286420415
841;0.99;68.64585430510479
283;1.17;114.14963594635472
273;2.46;114.96511590408322
946;58.4;60.083314748955615
719;23.6;78.59470978939243
942;245.22;60.40950673204702
695;26.58;80.5518616879408
564;7.01;91.23464913418407
761;6.92;75.16969396693275
210;212.47;120.10263963777273
744;34.73;76.55600989507118
31;0.45;134.69973088111277
17;70.57;135.84140282193266
643;1.23;84.79235746812897
722;65.42;78.35006580207387
419;238.59;103.05910852124723
24;7.62;135.27056685152272
833;37.81;69.29823827128759
455;0.77;100.12338067342463
128;2.33;126.78957529114638
865;58.71;66.68870240655642
956;21.27;59.26783479122713
547;20.72;92.62096506232251
221;86.55;119.20561168427139
219;21.84;119.36870767581709
2;0.42;137.0646227585254
647;90.75;84.46616548503758
19;215.65;135.67830683038696
44;166.67;133.63960693606572
774;17.0;74.1095700218857
542;143.84;93.02870504118675
32;0.72;134.6181828853399
988;1.07;56.658298926495945
755;7.76;75.65898194156983
48;268.14;133.3134149529743
533;4.83;93.7626370031424
331;10.29;110.23533214925796
29;158.5;134.86282687265847
195;50.25;121.32585957436547
19;0.26;135.67830683038696
997;49.47;55.9243669645403
510;0.87;95.63824090591793
36;281.39;134.29199090224853
947;8.27;60.001766753182764
840;32.09;68.72740230087764
690;1.07;80.95960166680504
59;79.7;132.416386999473
324;232.18;110.8061681196679
764;1256.58;74.92504997961419
286;243.44;113.90499195903618
920;25.1;62.20356263904969
468;48.06;99.06325672837761
710;39.65;79.32864175134806
501;6.38;96.37217286787357
48;96.71;133.3134149529743
332;28.51;110.1537841534851
656;30.51;83.73223352308193
867;15.09;66.52560641501071
26;164.83;135.107470859977
933;9.59;61.143438694002654
695;23.79;80.5518616879408
283;79.81;114.14963594635472
49;13.02;133.23186695720148
2;215.29;137.0646227585254
20;7.86;135.5967588346141
44;0.73;133.63960693606572
375;175.58;106.64722033525258
111;148.72;128.1758912192848
69;22.3;131.60090704174448
110;21.81;128.25743921505767
578;33.44;90.09297719336416
148;6.56;125.1586153756894
320;57.26;111.1323601027593
258;91.97;116.18833584067596
390;1.42;105.42400039865984
618;245.93;86.8310573624502
18;19.42;135.7598548261598
782;30.96;73.4571860557029
959;23.52;59.02319080390858
136;238.15;126.13719132496358
46;0.75;133.47651094452002
22;172.54;135.43366284306842
973;28.12;57.88151886308869
13;5.35;136.16759480502404
588;20.15;89.27749723563568
28;277.81;134.9443748684313
335;171.92;109.90914016616657
801;0.91;71.90777413601877
445;51.44;100.93886063115313
151;54.56;124.91397138837084
337;143.85;109.74604417462086
14;5.01;136.0860468092512
4;23.57;136.90152676697969
187;24.92;121.97824354054826
152;226.59;124.83242339259799
260;340.29;116.02523984913026
731;13.45;77.61613384011822
13;33.74;136.16759480502404
230;297.29;118.47167972231574
460;93.09;99.71564069456039
433;4.52;101.91743658042734
54;275.01;132.82412697833723
176;104.91;122.87527149404961
41;103.06;133.88425092338426
965;11.69;58.53390282927148
644;11.41;84.71080947235612
258;8.31;116.18833584067596
484;495.39;97.75848879601202
32;19.97;134.6181828853399
600;67.73;88.29892128636149
199;36.01;120.99966759127408
935;23.96;60.980342702456966
34;228.01;134.4550868937942
909;1.52;63.10059059255104
809;0.92;71.25539016983598
15;0.78;136.00449881347836
729;232.52;77.77922983166393
852;102.79;67.74882635160346
839;1.03;68.8089502966505
915;7.21;62.61130261791395
45;60.73;133.55805894029288
27;75.34;135.02592286420415
80;8.67;130.70387908824316
622;245.67;86.5048653793588
279;14.83;114.47582792944613
952;9.34;59.59402677431852
11;154.52;136.33069079656974
5;30.75;136.81997877120685
574;27.65;90.41916917645557
723;65.09;78.26851780630102
366;49.61;107.38115229720823
7;4.57;136.65688277966115
930;26.26;61.38808268132121
87;285.88;130.1330431178332
833;66.98;69.29823827128759
6;42.83;136.73843077543398
593;39.16;88.86975725677144
756;157.5;75.577433945797
46;26.54;133.47651094452002
698;8.42;80.30721770062226
494;118.6;96.94300883828352
816;0.79;70.68455419942603
281;0.53;114.31273193790042
285;31.58;113.98653995480903
69;23.45;131.60090704174448
109;8.13;128.3389872108305
43;65.36;133.72115493183856
479;29.67;98.16622877487626
43;4.52;133.72115493183856
85;12.78;130.29613910937888
12;14.45;136.2491428007969
121;102.94;127.36041126155632
868;7.88;66.44405841923786
546;157.3;92.70251305809535
812;142.59;71.01074618251742
785;23.94;73.21254206838437
243;15.19;117.4115557772687
313;19.59;111.70319607316925
366;37.47;107.38115229720823
748;19.85;76.22981791197978
203;29.15;120.67347560818267
3;33.81;136.98307476275255
79;150.67;130.785427084016
51;1.71;133.06877096565577
166;148.67;123.6907514517781
94;8.91;129.56220714742327
332;6.48;110.1537841534851
772;10.65;74.2726660134314
30;186.15;134.7812788768856
31;0.92;134.69973088111277
162;30.97;124.0169434348695
875;75.48;65.87322244882792
526;1.18;94.33347297355235
294;5.51;113.25260799285338
375;14.27;106.64722033525258
134;142.53;126.30028731650928
969;30.84;58.20771084618008
442;320.3;101.18350461847169
36;284.72;134.29199090224853
23;190.09;135.35211484729555
30;106.12;134.7812788768856
518;86.44;94.98585693973513
20;10.32;135.5967588346141
950;23.4;59.757122765864224
88;89.0;130.05149512206035
474;8.28;98.5739687537405
935;33.44;60.980342702456966
41;47.25;133.88425092338426
15;283.21;136.00449881347836
402;0.95;104.44542444938565
374;6.02;106.72876833102544
358;1.23;108.03353626339103
721;183.0;78.43161379784672
17;8.14;135.84140282193266
401;31.59;104.5269724451585
31;36.93;134.69973088111277
14;26.31;136.0860468092512
657;266.01;83.65068552730907
15;4.48;136.00449881347836
177;21.32;122.79372349827676
39;23.12;134.04734691492996
832;5.19;69.37978626706044
40;1.61;133.96579891915712
6;84.91;136.73843077543398
742;101.05;76.71910588661689
749;47.79;76.14826991620694
41;14.54;133.88425092338426
646;101.06;84.54771348081042
155;11.98;124.58777940527945
600;1.3;88.29892128636149
25;0.75;135.18901885574985
937;5.59;60.81724671091126
40;1.44;133.96579891915712
875;1270.08;65.87322244882792
46;18.53;133.47651094452002
965;95.87;58.53390282927148
12;1.85;136.2491428007969
34;23.56;134.4550868937942
465;65.33;99.30790071569615
701;35.37;80.0625737133037
834;214.7;69.21669027551474
594;12.11;88.78820926099858
865;36.98;66.68870240655642
527;14.7;94.25192497777948
620;4.75;86.6679613709045
883;11.56;65.22083848264512
582;4.91;89.76678521027279
24;33.11;135.27056685152272
501;1.67;96.37217286787357
445;17.22;100.93886063115313
157;62.6;124.42468341373375
638;71.77;85.20009744699321
1000;264.83;55.67972297722176
30;16.45;134.7812788768856
909;101.51;63.10059059255104
6;30.52;136.73843077543398
910;16.76;63.01904259677819
829;274.48;69.62443025437899
292;235.74;113.41570398439909
894;11.85;64.32381052914378
462;32.53;99.55254470301469
730;27.06;77.69768183589107
11;6.51;136.33069079656974
17;11.13;135.84140282193266
15;1.13;136.00449881347836
885;99.67;65.05774249109943
362;14.8;107.70734428029962
356;22.93;108.19663225493673
64;22.46;132.00864702060872
882;55.71;65.30238647841797
371;53.48;106.97341231834399
738;5.09;77.04529786970828
879;26.89;65.54703046573653
179;17.98;122.63062750673106
735;62.62;77.28994185702683
748;11.57;76.22981791197978
331;193.2;110.23533214925796
967;30.08;58.37080683772578
534;235.68;93.68108900736954
748;27.13;76.22981791197978
42;98.98;133.80270292761142
840;5.99;68.72740230087764
280;79.68;114.39427993367327
46;1.33;133.47651094452002
36;94.29;134.29199090224853
75;26.66;131.1116190671074
36;68.89;134.29199090224853
250;2.35;116.84071980685876
488;18.32;97.43229681292061
141;0.91;125.72945134609934
159;69.53;124.26158742218804
394;77.98;105.09780841556845
35;1.09;134.37353889802137
690;1.8;80.95960166680504
728;11.11;77.86077782743678
320;0.84;111.1323601027593
264;0.31;115.69904786603887
716;35.68;78.83935377671096
588;296.78;89.27749723563568
399;1.99;104.6900684367042
34;25.88;134.4550868937942
394;67.14;105.09780841556845
358;11.34;108.03353626339103
487;37.89;97.51384480869346
671;5.93;82.50901358648917
631;57.86;85.77093341740316
524;34.97;94.49656896509804
34;4881.92;134.4550868937942
767;2.38;74.68040599229565
352;183.12;108.52282423802812
779;274.48;73.70183004302146
42;22.82;133.80270292761142
594;278.02;88.78820926099858
655;294.16;83.81378151885477
430;65.23;102.16208056774587
529;2.37;94.08882898623379
667;6.37;82.83520556958058
46;159.65;133.47651094452002
206;0.23;120.42883162086413
43;0.25;133.72115493183856
122;153.15;127.27886326578347
690;0.76;80.95960166680504
188;119.94;121.89669554477541
538;67.17;93.35489702427815
872;47.56;66.11786643614647
206;201.17;120.42883162086413
80;1.1;130.70387908824316
363;33.88;107.62579628452679
855;82.4;67.5041823642849
221;118.38;119.20561168427139
41;4.88;133.88425092338426
939;114.19;60.65415071936556
20;8.06;135.5967588346141
40;30.42;133.96579891915712
868;232.91;66.44405841923786
352;226.26;108.52282423802812
396;88.88;104.93471242402276
728;14.9;77.86077782743678
120;0.74;127.44195925732917
660;1399.73;83.40604153999053
393;15.78;105.1793564113413
950;291.1;59.757122765864224
448;16.03;100.69421664383458
817;0.25;70.60300620365318
138;1.6;125.97409533341788
591;5.06;89.03285324831714
47;4.72;133.39496294874718
962;8.06;58.77854681659002
556;8.3;91.88703310036686
268;33.84;115.37285588294748
741;211.79;76.80065388238972
234;79.32;118.14548773922435
375;21.81;106.64722033525258
44;27.12;133.63960693606572
795;34.78;72.39706211065587
36;6.32;134.29199090224853
265;5.8;115.61749987026602
69;0.82;131.60090704174448
106;13.86;128.58363119814905
684;34.72;81.44888964144215
357;242.81;108.11508425916388
118;31.26;127.60505524887486
436;103.22;101.67279259310878
265;38.8;115.61749987026602
391;68.65;105.342452402887
1000;122.28;55.67972297722176
970;19.48;58.126162850407226
186;24.29;122.05979153632111
153;4.19;124.75087539682514
381;1.19;106.15793236061549
563;220.28;91.31619712995692
804;0.25;71.66313014870022
7;12.39;136.65688277966115
458;26.48;99.8787366861061
581;35.83;89.84833320604562
498;150.4;96.61681685519213
571;12.49;90.66381316377411
50;44.75;133.15031896142864
266;28.77;115.53595187449316
961;7.21;58.860094812362874
400;192.91;104.60852044093136
665;5.26;82.99830156112628
920;1.86;62.20356263904969
525;16.41;94.41502096932518
84;7.14;130.37768710515175
664;6.32;83.07984955689912
675;56.79;82.1828216033978
278;18.07;114.55737592521898
48;53.43;133.3134149529743
4;38.64;136.90152676697969
172;28.78;123.201463477141
12;36.93;136.2491428007969
696;1.2;80.47031369216795
95;39.89;129.4806591516504
257;29.28;116.26988383644881
985;35.76;56.9029429138145
33;0.49;134.53663488956707
350;259.82;108.68592022957382
211;197.14;120.02109164199987
105;14.35;128.66517919392192
991;105.34;56.41365493917739
389;53.24;105.5055483944327
573;0.78;90.50071717222842
4;19.92;136.90152676697969
602;2.31;88.13582529481579
227;271.12;118.7163237096343
16;260.75;135.9229508177055
443;8.44;101.10195662269884
761;9.01;75.16969396693275
475;30.74;98.49242075796766
129;255.0;126.70802729537353
861;258.66;67.01489438964781
384;2.84;105.91328837329695
46;31.17;133.47651094452002
783;68.4;73.37563805993005
634;220.61;85.5262894300846
651;21.9;84.13997350194617
839;171.48;68.8089502966505
183;5.1;122.30443552363965
74;188.52;131.19316706288024
879;30.56;65.54703046573653
125;108.0;127.03421927846492
257;210.95;116.26988383644881
682;98.66;81.61198563298784
77;28.98;130.9485230755617
290;220.74;113.57879997594478
39;154.91;134.04734691492996
605;68.58;87.89118130749725
596;12.45;88.62511326945288
224;7.1;118.96096769695284
43;1.19;133.72115493183856
671;39.86;82.50901358648917
469;10.19;98.98170873260474
894;66.04;64.32381052914378
225;95.38;118.87941970117998
296;11.87;113.08951200130768
969;6.89;58.20771084618008
265;226.1;115.61749987026602
56;1.06;132.66103098679153
953;27.0;59.51247877854567
870;114.28;66.28096242769216
660;0.88;83.40604153999053
661;0.31;83.32449354421769
23;267.68;135.35211484729555
671;229.83;82.50901358648917
139;75.1;125.89254733764503
3;20.91;136.98307476275255
493;0.91;97.02455683405637
39;8.51;134.04734691492996
395;8.73;105.0162604197956
370;5.26;107.05496031411684
41;72.17;133.88425092338426
29;212.11;134.86282687265847
180;86.75;122.54907951095821
358;92.14;108.03353626339103
10;173.37;136.4122387923426
779;200.04;73.70183004302146
117;1.19;127.68660324464771
440;8.08;101.34660061001739
270;7.48;115.20975989140177
90;27.73;129.88839913051464
754;90.52;75.7405299373427
657;8.59;83.65068552730907
33;8.36;134.53663488956707
597;59.15;88.54356527368003
921;11.5;62.122014643276856
930;83.24;61.38808268132121
508;28.08;95.80133689746363
62;1.32;132.17174301215442
602;210.88;88.13582529481579
540;239.3;93.19180103273246
476;7.19;98.4108727621948
913;197.28;62.77439860945964
9;70.94;136.49378678811544
20;28.74;135.5967588346141
27;219.65;135.02592286420415
893;26.42;64.40535852491664
658;35.65;83.56913753153623
274;116.4;114.88356790831037
23;8.12;135.35211484729555
849;5.9;67.99347033892201
729;1.01;77.77922983166393
138;7.52;125.97409533341788
677;24.61;82.0197256118521
926;12.56;61.7142746644126
45;8.8;133.55805894029288
36;81.73;134.29199090224853
8;122.68;136.5753347838883
37;102.12;134.21044290647566
441;370.24;101.26505261424452
827;26.25;69.78752624592468
473;0.72;98.65551674951335
510;2.35;95.63824090591793
629;11.73;85.93402940894886
1;174.71;137.14617075429825
155;19.44;124.58777940527945
12;1.15;136.2491428007969
206;15.64;120.42883162086413
923;127.44;61.95891865173115
80;12.97;130.70387908824316
781;1626.29;73.53873405147576
548;0.87;92.53941706654965
731;96.46;77.61613384011822
653;28.35;83.97687751040047
377;250.11;106.4841243437069
260;39.76;116.02523984913026
19;192.78;135.67830683038696
984;190.82;56.984490909587336
654;10.3;83.89532951462763
541;1.23;93.11025303695959
448;9.7;100.69421664383458
17;0.3;135.84140282193266
221;9.21;119.20561168427139
796;136.73;72.31551411488302
661;12.31;83.32449354421769
703;29.96;79.899477721758
97;16.26;129.3175631601047
674;0.96;82.26436959917064
217;65.05;119.53180366736278
251;2.33;116.7591718110859
19;71.4;135.67830683038696
31;60.04;134.69973088111277
241;8.1;117.5746517688144
661;189.46;83.32449354421769
934;126.92;61.0618906982298
349;0.53;108.76746822534668
908;0.81;63.182138588323895
6;77.95;136.73843077543398
967;26.43;58.37080683772578
756;29.37;75.577433945797
867;33.1;66.52560641501071
363;34.9;107.62579628452679
15;1.46;136.00449881347836
1;122.37;137.14617075429825
45;163.86;133.55805894029288
79;8.16;130.785427084016
37;52.7;134.21044290647566
375;11.78;106.64722033525258
32;34.83;134.6181828853399
929;1.14;61.46963067709406
18;26.8;135.7598548261598
838;69.86;68.89049829242335
310;2.17;111.94784006048779
521;9.45;94.74121295241659
17;0.83;135.84140282193266
289;201.97;113.66034797171763
163;33.38;123.93539543909665
55;7.86;132.74257898256437
340;0.91;109.50140018730232
165;7.5;123.77229944755095
23;27.68;135.35211484729555
7;0.93;136.65688277966115
301;94.01;112.68177202244344
6;10.89;136.73843077543398
335;8.03;109.90914016616657
190;76.12;121.73359955322971
45;77.73;133.55805894029288
375;1.47;106.64722033525258
108;30.34;128.42053520660338
25;0.99;135.18901885574985
9;260.04;136.49378678811544
473;6.64;98.65551674951335
598;12.22;88.4620172779072
831;230.63;69.46133426283329
81;6.39;130.6223310924703
541;144.38;93.11025303695959
14;66.5;136.0860468092512
170;53.28;123.3645594686867
18;92.94;135.7598548261598
250;37.31;116.84071980685876
967;263.84;58.37080683772578
141;84.2;125.72945134609934
646;1.02;84.54771348081042
50;8.27;133.15031896142864
11;137.98;136.33069079656974
987;23.77;56.7398469222688
942;17.68;60.40950673204702
470;49.26;98.90016073683191
550;72.14;92.37632107500396
180;15.91;122.54907951095821
189;22.13;121.81514754900256
905;1.03;63.426782575642434
382;71.79;106.07638436484264
485;19.87;97.67694080023915
264;19.62;115.69904786603887
47;189.36;133.39496294874718
27;220.59;135.02592286420415
767;48.72;74.68040599229565
235;153.98;118.0639397434515
598;184.42;88.4620172779072
927;6.3;61.63272666863975
827;5.46;69.78752624592468
8;24.24;136.5753347838883
696;30.69;80.47031369216795
736;16.99;77.20839386125398
19;34.3;135.67830683038696
191;21.64;121.65205155745687
744;7.37;76.55600989507118
116;4.27;127.76815124042056
855;7.24;67.5041823642849
344;1.96;109.17520820421092
640;86.43;85.03700145544752
267;36.78;115.45440387872031
892;5.74;64.48690652068949
291;4179.39;113.49725198017194
31;266.03;134.69973088111277
637;20.31;85.28164544276606
958;29.13;59.10473879968143
248;6.38;117.00381579840446
20;24.99;135.5967588346141
18;25.89;135.7598548261598
67;471.07;131.76400303329018
982;17.02;57.14758690113304
696;13.28;80.47031369216795
552;84.23;92.21322508345825
171;5.52;123.28301147291386
789;64.81;72.88635008529296
397;141.79;104.8531644282499
631;28.53;85.77093341740316
253;4.45;116.5960758195402
205;129.14;120.51037961663698
441;230.38;101.26505261424452
338;23.69;109.66449617884801
615;45.25;87.07570134976875
333;53.93;110.07223615771227
174;26.52;123.0383674855953
19;9.0;135.67830683038696
420;115.4;102.97756052547436
653;66.48;83.97687751040047
618;54.59;86.8310573624502
963;38.49;58.69699882081717
937;148.38;60.81724671091126
548;145.62;92.53941706654965
132;91.16;126.46338330805497
268;20.32;115.37285588294748
137;1.18;126.05564332919073
36;131.14;134.29199090224853
101;18.71;128.99137117701332
46;75.15;133.47651094452002
963;85.66;58.69699882081717
253;5.35;116.5960758195402
683;7.58;81.53043763721499
79;31.83;130.785427084016
710;24.95;79.32864175134806
267;35.41;115.45440387872031
644;12.92;84.71080947235612
578;91.33;90.09297719336416
328;48.76;110.47997613657651
878;171.16;65.62857846150938
986;12.14;56.82139491804165
966;144.83;58.45235483349863
16;26.04;135.9229508177055
327;6.81;110.56152413234936
30;11.4;134.7812788768856
33;1.39;134.53663488956707
391;0.7;105.342452402887
52;1.07;132.98722296988294
28;16.13;134.9443748684313
477;0.84;98.32932476642196
782;4.91;73.4571860557029
196;29.32;121.24431157859262
483;0.27;97.84003679178485
412;13.53;103.62994449165717
487;221.47;97.51384480869346
127;4965.84;126.87112328691923
126;80.98;126.95267128269208
840;23.36;68.72740230087764
965;102.34;58.53390282927148
84;36.73;130.37768710515175
587;6.44;89.35904523140853
2;63.36;137.0646227585254
498;30.47;96.61681685519213
645;24.75;84.62926147658327
757;225.86;75.49588595002413
513;20.28;95.39359691859937
212;0.82;119.93954364622704
18;6.84;135.7598548261598
16;36.68;135.9229508177055
690;162.08;80.95960166680504
621;62.13;86.58641337513166
896;0.85;64.16071453759808
973;196.83;57.88151886308869
115;278.14;127.84969923619342
446;12.61;100.85731263538028
408;163.43;103.95613647474856
28;248.43;134.9443748684313
735;77.45;77.28994185702683
904;221.69;63.508330571415286
32;1.49;134.6181828853399
345;11.61;109.09366020843807
11;51.32;136.33069079656974
49;1.6;133.23186695720148
613;17.92;87.23879734131444
985;27.65;56.9029429138145
204;17.45;120.59192761240982
724;1.12;78.18696981052817
21;29.06;135.51521083884126
843;80.9;68.4827583135591
41;234.67;133.88425092338426
420;42.68;102.97756052547436
352;23.01;108.52282423802812
783;7.94;73.37563805993005
3;6.22;136.98307476275255
50;60.91;133.15031896142864
523;54.69;94.57811696087089
458;232.81;99.8787366861061
282;4999.95;114.23118394212759
50;95.8;133.15031896142864
69;1.3;131.60090704174448
732;0.27;77.53458584434537
280;72.7;114.39427993367327
413;5.21;103.5483964958843
653;11.56;83.97687751040047
504;1.28;96.12752888055502
125;71.73;127.03421927846492
3;65.57;136.98307476275255
640;13.99;85.03700145544752
11;69.46;136.33069079656974
790;32.45;72.80480208952011
505;1.59;96.04598088478218
174;9.71;123.0383674855953
509;8.96;95.71978890169078
808;214.76;71.33693816560883
306;213.28;112.2740320435792
35;43.18;134.37353889802137
5;5.91;136.81997877120685
870;88.02;66.28096242769216
620;278.83;86.6679613709045
386;59.61;105.75019238175125
33;263.35;134.53663488956707
993;4.6;56.2505589476317
88;1.98;130.05149512206035
104;77.73;128.74672718969475
313;1.18;111.70319607316925
418;7.41;103.14065651702006
621;1.08;86.58641337513166
913;99.9;62.77439860945964
29;1.68;134.86282687265847
673;237.75;82.34591759494349
545;80.14;92.7840610538682
500;57.01;96.45372086364642
574;18.54;90.41916917645557
610;26.66;87.48344132863299
699;26.15;80.2256697048494
355;114.41;108.27818025070957
595;9.47;88.70666126522573
29;8.3;134.86282687265847
558;94.6;91.72393710882116
202;34.85;120.75502360395552
8;44.16;136.5753347838883
218;29.35;119.45025567158993
10;9.37;136.4122387923426
634;11.98;85.5262894300846
950;10.71;59.757122765864224
660;99.36;83.40604153999053
85;13.11;130.29613910937888
747;153.09;76.31136590775264
423;78.64;102.73291653815582
7;0.93;136.65688277966115
3;31.81;136.98307476275255
933;21.27;61.143438694002654
796;180.81;72.31551411488302
475;21.19;98.49242075796766
556;53.77;91.88703310036686
605;187.43;87.89118130749725
7;37.38;136.65688277966115
4;20.16;136.90152676697969
969;16.05;58.20771084618008
7;248.46;136.65688277966115
264;29.33;115.69904786603887
17;14.28;135.84140282193266
261;0.67;115.94369185335742
21;5095.42;135.51521083884126
160;434.1;124.18003942641519
718;12.36;78.67625778516526
364;1.77;107.54424828875393
789;147.68;72.88635008529296
329;1.12;110.39842814080366
46;30.28;133.47651094452002
253;6.06;116.5960758195402
319;4.51;111.21390809853216
50;7.62;133.15031896142864
937;28.64;60.81724671091126
554;1.13;92.05012909191257
190;13.32;121.73359955322971
322;38.34;110.9692641112136
917;5.28;62.44820662636825
45;3.79;133.55805894029288
798;160.41;72.15241812333731
416;157.42;103.30375250856576
45;46.98;133.55805894029288
753;17.0;75.82207793311554
432;7.67;101.99898457620017
49;153.48;133.23186695720148
26;1.63;135.107470859977
688;1.23;81.12269765835075
944;19.74;60.24641074050132
48;216.52;133.3134149529743
140;24.29;125.81099934187219
648;59.88;84.38461748926471
340;153.48;109.50140018730232
786;30.35;73.13099407261151
873;58.23;66.03631844037362
26;1.46;135.107470859977
753;17.96;75.82207793311554
406;80.62;104.11923246629425
536;80.48;93.51799301582385
933;23.93;61.143438694002654
186;1.68;122.05979153632111
636;15.34;85.36319343853891
770;260.98;74.43576200497711
11;31.47;136.33069079656974
357;0.77;108.11508425916388
465;34.18;99.30790071569615
390;7.24;105.42400039865984
124;72.85;127.11576727423777
576;90.87;90.25607318490987
456;235.38;100.0418326776518
141;67.92;125.72945134609934
851;48.03;67.8303743473763
9;15.93;136.49378678811544
40;14.93;133.96579891915712
948;20.78;59.92021875740991
769;268.58;74.51731000074994
39;10.33;134.04734691492996
858;37.15;67.25953837696636
940;87.6;60.57260272359271
244;26.18;117.33000778149585
183;248.85;122.30443552363965
84;183.28;130.37768710515175
771;1.2;74.35421400920424
861;88.56;67.01489438964781
185;12.45;122.14133953209397
3;4.86;136.98307476275255
917;27.1;62.44820662636825
125;221.99;127.03421927846492
813;122.63;70.92919818674459
276;1.82;114.72047191676467
44;282.57;133.63960693606572
45;10.05;133.55805894029288
122;4646.8;127.27886326578347
869;15.19;66.36251042346501
129;7.61;126.70802729537353
34;7.02;134.4550868937942
937;1.36;60.81724671091126
463;13.18;99.47099670724185
899;168.46;63.91607055027954
37;164.0;134.21044290647566
478;37.03;98.24777677064911
42;2.03;133.80270292761142
571;7.51;90.66381316377411
173;288.84;123.11991548136815
457;130.18;99.96028468187895
960;14.76;58.941642808135725
116;41.2;127.76815124042056
723;22.65;78.26851780630102
39;4.63;134.04734691492996
113;0.78;128.0127952277391
150;152.89;124.99551938414369
267;4911.5;115.45440387872031
966;0.82;58.45235483349863
578;1.35;90.09297719336416
26;78.39;135.107470859977
786;12.1;73.13099407261151
453;22.47;100.28647666497034
326;216.7;110.64307212812221
454;158.93;100.2049286691975
723;57.16;78.26851780630102
14;84.87;136.0860468092512
631;1.08;85.77093341740316
38;1.88;134.12889491070283
221;96.33;119.20561168427139
324;236.89;110.8061681196679
27;57.24;135.02592286420415
236;172.5;117.98239174767865
419;16.35;103.05910852124723
201;93.7;120.83657159972837
253;7.01;116.5960758195402
40;28.18;133.96579891915712
6;30.34;136.73843077543398
728;27.95;77.86077782743678
567;7.83;90.99000514686551
13;232.75;136.16759480502404
8;11.85;136.5753347838883
1;1.28;137.14617075429825
9;103.72;136.49378678811544
29;23.57;134.86282687265847
904;36.27;63.508330571415286
36;186.69;134.29199090224853
753;80.48;75.82207793311554
273;19.72;114.96511590408322
941;5.19;60.49105472781986
743;111.33;76.63755789084404
567;1.04;90.99000514686551
883;10.04;65.22083848264512
891;38.64;64.56845451646232
249;55.36;116.92226780263161
680;24.61;81.77508162453354
888;31.48;64.81309850378088
184;22.81;122.22288752786682
125;4214.38;127.03421927846492
11;26.28;136.33069079656974
658;251.86;83.56913753153623
905;84.64;63.426782575642434
31;172.33;134.69973088111277
598;0.84;88.4620172779072
38;26.83;134.12889491070283
59;22.32;132.416386999473
784;1.84;73.29409006415722
705;113.39;79.73638173021232
624;34.65;86.3417693878131
954;13.76;59.43093078277282
13;116.67;136.16759480502404
27;20.64;135.02592286420415
18;10.59;135.7598548261598
758;11.33;75.4143379542513
635;223.59;85.44474143431177
47;245.2;133.39496294874718
277;272.3;114.63892392099183
493;71.34;97.02455683405637
237;73.22;117.9008437519058
23;245.96;135.35211484729555
675;88.08;82.1828216033978
48;124.32;133.3134149529743
855;7.79;67.5041823642849
224;26.81;118.96096769695284
12;22.39;136.2491428007969
585;8.17;89.52214122295422
605;7.89;87.89118130749725
249;1.2;116.92226780263161
726;38.23;78.02387381898248
24;91.35;135.27056685152272
43;192.15;133.72115493183856
31;20.98;134.69973088111277
524;30.21;94.49656896509804
943;155.09;60.32795873627417
187;81.31;121.97824354054826
508;154.18;95.80133689746363
991;8.16;56.41365493917739
372;19.35;106.89186432257114
933;174.11;61.143438694002654
531;4.76;93.92573299468809
167;96.49;123.60920345600525
4;37.74;136.90152676697969
307;18.55;112.19248404780635
484;488.08;97.75848879601202
591;59.86;89.03285324831714
301;35.64;112.68177202244344
23;43.44;135.35211484729555
24;131.26;135.27056685152272
13;34.73;136.16759480502404
663;101.69;83.16139755267199
20;29.39;135.5967588346141
487;98.29;97.51384480869346
210;320.82;120.10263963777273
852;7.7;67.74882635160346
536;62.44;93.51799301582385
926;19.93;61.7142746644126
252;9.1;116.67762381531305
596;65.76;88.62511326945288
407;27.02;104.03768447052141
26;33.18;135.107470859977
672;0.47;82.42746559071634
3;9.78;136.98307476275255
36;10.74;134.29199090224853
771;1.29;74.35421400920424
41;29.27;133.88425092338426
10;1.72;136.4122387923426
144;61.1;125.48480735878078
937;0.81;60.81724671091126
467;27.58;99.14480472415045
303;1.0;112.51867603089774
111;19.19;128.1758912192848
496;30.04;96.77991284673783
40;210.41;133.96579891915712
87;1298.4;130.1330431178332
708;114.08;79.49173774289376
61;8.27;132.2532910079273
105;9.94;128.66517919392192
16;74.93;135.9229508177055
52;15.02;132.98722296988294
371;33.95;106.97341231834399
263;1.73;115.78059586181172
751;9.03;75.98517392466124
44;4.45;133.63960693606572
402;34.38;104.44542444938565
23;1.21;135.35211484729555
270;32.59;115.20975989140177
921;160.85;62.122014643276856
33;146.53;134.53663488956707
130;20.83;126.62647929960067
133;0.93;126.38183531228213
969;2.4;58.20771084618008
962;1.04;58.77854681659002
803;93.18;71.74467814447307
686;149.01;81.28579364989645
99;232.34;129.154467168559
123;24.01;127.19731527001062
53;23.47;132.90567497411007
885;43.36;65.05774249109943
168;268.48;123.52765546023241
719;15.43;78.59470978939243
61;227.04;132.2532910079273
365;23.37;107.46270029298108
502;21.31;96.29062487210072
23;12.38;135.35211484729555
413;67.33;103.5483964958843
20;1.26;135.5967588346141
129;6.71;126.70802729537353
538;129.17;93.35489702427815
187;250.71;121.97824354054826
44;1.38;133.63960693606572
46;88.29;133.47651094452002
523;1.25;94.57811696087089
20;1.1;135.5967588346141
918;33.02;62.366658630595396
394;80.22;105.09780841556845
416;38.27;103.30375250856576
58;74.29;132.49793499524583
678;1.4;81.93817761607923
813;1.27;70.92919818674459
29;240.48;134.86282687265847
973;21.7;57.88151886308869
286;170.88;113.90499195903618
570;81.09;90.74536115954697
170;84.8;123.3645594686867
2;29.84;137.0646227585254
577;207.84;90.17452518913703
21;2.27;135.51521083884126
844;30.29;68.40121031778625
665;17.32;82.99830156112628
287;204.3;113.82344396326333
849;9.47;67.99347033892201
930;9.71;61.38808268132121
161;73.54;124.09849143064235
961;35.14;58.860094812362874
417;75.88;103.22220451279291
170;48.65;123.3645594686867
45;15.13;133.55805894029288
283;0.75;114.14963594635472
179;18.09;122.63062750673106
26;72.67;135.107470859977
126;16.98;126.95267128269208
8;1.44;136.5753347838883
913;43.95;62.77439860945964
277;4050.19;114.63892392099183
13;0.25;136.16759480502404
178;91.21;122.71217550250391
7;6.11;136.65688277966115
322;33.79;110.9692641112136
23;1.25;135.35211484729555
251;30.91;116.7591718110859
415;33.76;103.38530050433862
381;0.83;106.15793236061549
525;33.45;94.41502096932518
45;49.93;133.55805894029288
542;1.26;93.02870504118675
7;7.07;136.65688277966115
76;32.62;131.03007107133453
143;20.96;125.56635535455364
661;11.31;83.32449354421769
13;7.74;136.16759480502404
955;147.03;59.34938278699997
901;100.47;63.75297455873384
41;42.59;133.88425092338426
14;80.14;136.0860468092512
844;16.72;68.40121031778625
63;70.85;132.09019501638159
481;162.65;98.00313278333056
789;212.94;72.88635008529296
140;35.83;125.81099934187219
363;13.42;107.62579628452679
743;32.19;76.63755789084404
415;5.08;103.38530050433862
803;7.42;71.74467814447307
318;80.75;111.295456094305
738;2.37;77.04529786970828
20;95.99;135.5967588346141
772;1.2;74.2726660134314
403;161.64;104.36387645361282
721;31.04;78.43161379784672
411;7.77;103.71149248743001
798;1.9;72.15241812333731
924;0.75;61.8773706559583
178;79.07;122.71217550250391
4;21.35;136.90152676697969
762;184.75;75.08814597115989
684;8.82;81.44888964144215
45;110.27;133.55805894029288
13;0.7;136.16759480502404
778;16.57;73.7833780387943
766;38.85;74.7619539880685
601;264.75;88.21737329058864
24;27.81;135.27056685152272
984;76.42;56.984490909587336
318;0.99;111.295456094305
441;14.46;101.26505261424452
386;118.46;105.75019238175125
677;60.8;82.0197256118521
603;6.05;88.05427729904294
787;17.63;73.04944607683866
830;23.37;69.54288225860614
124;6.44;127.11576727423777
12;12.01;136.2491428007969
683;11.34;81.53043763721499
97;117.51;129.3175631601047
438;1.65;101.50969660156308
237;1.61;117.9008437519058
641;37.8;84.95545345967466
34;179.32;134.4550868937942
645;1486.5;84.62926147658327
534;290.87;93.68108900736954
26;215.18;135.107470859977
439;28.38;101.42814860579023
813;42.72;70.92919818674459
722;64.19;78.35006580207387
332;8.67;110.1537841534851
960;76.25;58.941642808135725
503;74.85;96.20907687632787
205;65.99;120.51037961663698
578;71.85;90.09297719336416
8;1.41;136.5753347838883
844;1.14;68.40121031778625
968;288.04;58.28925884195293
8;195.2;136.5753347838883
678;32.5;81.93817761607923
799;144.71;72.07087012756448
19;353.96;135.67830683038696
354;39.85;108.35972824648243
969;33.6;58.20771084618008
802;180.65;71.82622614024592
991;22.82;56.41365493917739
175;20.29;122.95681948982246
331;63.55;110.23533214925796
42;13.85;133.80270292761142
353;44.7;108.44127624225527
23;64.24;135.35211484729555
547;51.37;92.62096506232251
311;41.88;111.86629206471494
929;161.33;61.46963067709406
109;1.18;128.3389872108305
909;15.3;63.10059059255104
388;8.05;105.58709639020555
379;6.21;106.32102835216119
695;25.44;80.5518616879408
996;46.08;56.00591496031315
836;8.16;69.05359428396905
830;1418.68;69.54288225860614
783;12.26;73.37563805993005
30;88.75;134.7812788768856
207;20.91;120.34728362509128
19;78.69;135.67830683038696
673;147.7;82.34591759494349
265;99.64;115.61749987026602
132;1.51;126.46338330805497
842;1.47;68.56430630933195
278;1.54;114.55737592521898
3;220.67;136.98307476275255
17;0.8;135.84140282193266
428;33.69;102.32517655929158
717;94.12;78.75780578093811
946;1.27;60.083314748955615
32;34.62;134.6181828853399
143;1.25;125.56635535455364
233;1.12;118.2270357349972
650;137.55;84.22152149771902
19;35.54;135.67830683038696
24;166.11;135.27056685152272
49;6.94;133.23186695720148
17;1.56;135.84140282193266
259;45.4;116.10678784490311
869;11.69;66.36251042346501
203;0.94;120.67347560818267
773;22.35;74.19111801765855
703;1.16;79.899477721758
963;223.17;58.69699882081717
626;280.57;86.17867339626741
335;5.37;109.90914016616657
449;0.27;100.61266864806174
895;36.42;64.24226253337093
476;1.32;98.4108727621948
32;83.44;134.6181828853399
797;31.19;72.23396611911016
1;100.58;137.14617075429825
28;27.9;134.9443748684313
5;211.46;136.81997877120685
33;25.9;134.53663488956707
64;2.16;132.00864702060872
420;64.07;102.97756052547436
10;24.93;136.4122387923426
963;122.61;58.69699882081717
14;23.19;136.0860468092512
739;83.09;76.96374987393543
11;91.04;136.33069079656974
25;5.9;135.18901885574985
87;124.18;130.1330431178332
621;133.55;86.58641337513166
744;0.93;76.55600989507118
671;1.72;82.50901358648917
450;22.53;100.53112065228889
968;160.56;58.28925884195293
183;4.48;122.30443552363965
365;18.73;107.46270029298108
242;6.51;117.49310377304155
431;163.55;102.08053257197302
615;98.81;87.07570134976875
282;0.88;114.23118394212759
144;2.24;125.48480735878078
245;4.96;117.248459785723
11;0.69;136.33069079656974
67;245.43;131.76400303329018
89;0.29;129.9699471262875
841;27.68;68.64585430510479
630;22.63;85.85248141317601
877;7.17;65.71012645728221
14;0.73;136.0860468092512
672;1.48;82.42746559071634
448;60.16;100.69421664383458
299;1.9;112.84486801398914
912;1.31;62.85594660523249
533;42.01;93.7626370031424
138;5.62;125.97409533341788
183;71.84;122.30443552363965
41;92.23;133.88425092338426
15;20.09;136.00449881347836
370;284.0;107.05496031411684
113;23.53;128.0127952277391
652;211.26;84.05842550617332
603;216.73;88.05427729904294
491;10.49;97.18765282560207
320;66.49;111.1323601027593
375;0.76;106.64722033525258
842;22.91;68.56430630933195
410;46.65;103.79304048320287
31;1.4;134.69973088111277
569;6.44;90.82690915531981
8;34.29;136.5753347838883
992;24.49;56.332106943404554
501;33.58;96.37217286787357
408;1.58;103.95613647474856
552;226.07;92.21322508345825
749;32.04;76.14826991620694
128;223.85;126.78957529114638
192;182.34;121.57050356168402
231;169.81;118.39013172654289
493;57.61;97.02455683405637
7;6.54;136.65688277966115
911;169.07;62.93749460100534
328;10.16;110.47997613657651
302;98.71;112.60022402667059
27;27.97;135.02592286420415
472;1.91;98.7370647452862
547;30.39;92.62096506232251
920;6.21;62.20356263904969
123;17.34;127.19731527001062
677;30.05;82.0197256118521
31;0.75;134.69973088111277
624;1.02;86.3417693878131
556;1.49;91.88703310036686
505;239.49;96.04598088478218
147;26.75;125.24016337146224
537;28.15;93.436445020051
3;16.69;136.98307476275255
286;44.46;113.90499195903618
440;80.06;101.34660061001739
108;501.66;128.42053520660338
16;82.75;135.9229508177055
20;62.43;135.5967588346141
373;56.44;106.81031632679829
456;25.2;100.0418326776518
46;64.39;133.47651094452002
45;41.09;133.55805894029288
527;33.99;94.25192497777948
114;1.11;127.93124723196627
641;17.07;84.95545345967466
324;8.76;110.8061681196679
364;20.19;107.54424828875393
95;4.96;129.4806591516504
302;19.75;112.60022402667059
18;20.22;135.7598548261598
90;29.93;129.88839913051464
657;69.56;83.65068552730907
228;18.23;118.63477571386144
314;1.41;111.6216480773964
608;9.36;87.6465373201787
850;1.93;67.91192234314916
20;6.05;135.5967588346141
327;156.83;110.56152413234936
396;166.26;104.93471242402276
444;15.18;101.02040862692598
33;23.76;134.53663488956707
899;199.88;63.91607055027954
103;98.87;128.82827518546762
722;7.3;78.35006580207387
40;96.87;133.96579891915712
165;104.11;123.77229944755095
759;24.48;75.33278995847844
374;55.53;106.72876833102544
220;1.58;119.28715968004424
25;16.58;135.18901885574985
164;258.99;123.8538474433238
767;87.67;74.68040599229565
798;6.0;72.15241812333731
248;162.59;117.00381579840446
27;0.81;135.02592286420415
662;0.89;83.24294554844482
585;264.44;89.52214122295422
333;98.25;110.07223615771227
181;7.83;122.46753151518536
843;24.51;68.4827583135591
419;8.49;103.05910852124723
8;106.74;136.5753347838883
184;125.99;122.22288752786682
9;2.07;136.49378678811544
491;0.69;97.18765282560207
657;107.1;83.65068552730907
524;40.33;94.49656896509804
949;130.25;59.838670761637076
453;63.79;100.28647666497034
29;23.98;134.86282687265847
299;5.59;112.84486801398914
186;1.47;122.05979153632111
340;210.15;109.50140018730232
336;30.84;109.82759217039371
29;177.31;134.86282687265847
15;0.7;136.00449881347836
346;9.21;109.01211221266522
182;71.12;122.3859835194125
918;235.4;62.366658630595396
545;1.36;92.7840610538682
719;15.08;78.59470978939243
35;188.0;134.37353889802137
553;0.73;92.1316770876854
33;71.42;134.53663488956707
968;193.04;58.28925884195293
639;8.24;85.11854945122036
38;38.5;134.12889491070283
252;20.08;116.67762381531305
589;7.48;89.19594923986284
78;75.94;130.86697507978883
41;9.25;133.88425092338426
40;61.42;133.96579891915712
190;13.93;121.73359955322971
346;26.46;109.01211221266522
22;154.67;135.43366284306842
17;14.59;135.84140282193266
722;189.23;78.35006580207387
210;0.66;120.10263963777273
117;68.97;127.68660324464771
24;218.17;135.27056685152272
733;1.67;77.45303784857254
424;15.87;102.65136854238297
305;89.65;112.35558003935205
4;0.68;136.90152676697969
420;12.09;102.97756052547436
447;7.56;100.77576463960744
125;340.08;127.03421927846492
21;28.2;135.51521083884126
976;282.19;57.63687487577013
921;208.8;62.122014643276856
72;0.95;131.35626305442594
8;0.8;136.5753347838883
621;7.84;86.58641337513166
785;22.57;73.21254206838437
518;11.81;94.98585693973513
560;2.32;91.56084111727546
5;76.24;136.81997877120685
646;1.48;84.54771348081042
758;118.41;75.4143379542513
725;5.89;78.10542181475532
625;0.69;86.26022139204025
800;29.35;71.98932213179162
428;36.07;102.32517655929158
14;467.45;136.0860468092512
6;1.65;136.73843077543398
233;13.97;118.2270357349972
7;0.58;136.65688277966115
937;25.47;60.81724671091126
610;26.84;87.48344132863299
796;217.78;72.31551411488302
40;21.68;133.96579891915712
897;18.75;64.07916654182523
553;31.65;92.1316770876854
586;30.09;89.44059322718138
31;1.61;134.69973088111277
718;9.22;78.67625778516526
48;156.46;133.3134149529743
598;1.28;88.4620172779072
17;8.32;135.84140282193266
407;224.94;104.03768447052141
822;99.84;70.19526622478894
5;1.15;136.81997877120685
384;56.82;105.91328837329695
759;37.54;75.33278995847844
428;7.35;102.32517655929158
35;38.63;134.37353889802137
772;29.39;74.2726660134314
954;30.74;59.43093078277282
492;5.98;97.1061048298292
752;26.56;75.90362592888839
873;15.51;66.03631844037362
278;286.85;114.55737592521898
441;215.32;101.26505261424452
876;6.14;65.79167445305507
19;215.44;135.67830683038696
25;29.6;135.18901885574985
40;278.34;133.96579891915712
958;8.16;59.10473879968143
418;130.68;103.14065651702006
425;27.97;102.56982054661012
31;125.49;134.69973088111277
16;0.82;135.9229508177055
335;75.13;109.90914016616657
759;65.28;75.33278995847844
108;246.75;128.42053520660338
526;19.21;94.33347297355235
111;11.27;128.1758912192848
12;71.71;136.2491428007969
792;9.78;72.64170609797442
137;0.77;126.05564332919073
429;89.21;102.24362856351873
880;4.99;65.46548246996367
7;208.61;136.65688277966115
437;87.89;101.59124459733593
987;62.3;56.7398469222688
172;28.54;123.201463477141
692;19.67;80.79650567525934
932;9.13;61.224986689775506
104;86.39;128.74672718969475
597;49.83;88.54356527368003
15;144.27;136.00449881347836
94;233.12;129.56220714742327
875;22.53;65.87322244882792
18;21.17;135.7598548261598
439;11.34;101.42814860579023
47;19.35;133.39496294874718
330;72.8;110.31688014503081
567;0.29;90.99000514686551
965;6.0;58.53390282927148
17;154.95;135.84140282193266
534;55.01;93.68108900736954
377;227.83;106.4841243437069
569;31.7;90.82690915531981
614;149.32;87.1572493455416
743;25.89;76.63755789084404
350;433.59;108.68592022957382
928;57.91;61.55117867286691
237;192.68;117.9008437519058
346;0.69;109.01211221266522
289;366.6;113.66034797171763
49;92.04;133.23186695720148
49;13.63;133.23186695720148
13;77.89;136.16759480502404
492;5.22;97.1061048298292
2;7.15;137.0646227585254
7;32.6;136.65688277966115
981;4.61;57.22913489690589
470;22.44;98.90016073683191
205;23.79;120.51037961663698
623;30.31;86.42331738358595
703;0.87;79.899477721758
126;26.55;126.95267128269208
721;5.82;78.43161379784672
873;147.1;66.03631844037362
327;4.45;110.56152413234936
187;30.55;121.97824354054826
48;16.14;133.3134149529743
441;5.82;101.26505261424452
695;215.44;80.5518616879408
34;46.07;134.4550868937942
712;19.31;79.16554575980237
617;10.59;86.91260535822305
197;8.37;121.16276358281976
469;4.15;98.98170873260474
724;70.54;78.18696981052817
862;35.67;66.93334639387496
166;4783.31;123.6907514517781
226;174.51;118.79787170540715
443;7.55;101.10195662269884
59;19.27;132.416386999473
451;22.37;100.44957265651604
24;12.87;135.27056685152272
807;73.78;71.41848616138168
926;110.7;61.7142746644126
522;19.42;94.65966495664374
47;23.87;133.39496294874718
10;26.5;136.4122387923426
593;0.3;88.86975725677144
881;16.74;65.38393447419082
674;14.66;82.26436959917064
19;78.42;135.67830683038696
986;87.65;56.82139491804165
661;73.8;83.32449354421769
450;4.87;100.53112065228889
195;35.95;121.32585957436547
188;36.55;121.89669554477541
24;13.18;135.27056685152272
262;30.18;115.86214385758456
10;81.32;136.4122387923426
749;97.55;76.14826991620694
13;7.08;136.16759480502404
828;9.95;69.70597825015184
740;129.67;76.88220187816259
314;14.29;111.6216480773964
43;47.76;133.72115493183856
476;250.64;98.4108727621948
878;25.34;65.62857846150938
510;29.77;95.63824090591793
483;196.62;97.84003679178485
17;6.97;135.84140282193266
434;246.59;101.83588858465447
593;129.13;88.86975725677144
7;24.2;136.65688277966115
38;21.99;134.12889491070283
864;23.0;66.77025040232927
39;1.11;134.04734691492996
274;102.62;114.88356790831037
484;41.37;97.75848879601202
684;34.32;81.44888964144215
541;120.45;93.11025303695959
34;22.75;134.4550868937942
434;14.21;101.83588858465447
781;117.16;73.53873405147576
653;27.31;83.97687751040047
480;28.1;98.08468077910341
992;64.26;56.332106943404554
97;2.25;129.3175631601047
49;0.95;133.23186695720148
23;32.97;135.35211484729555
343;13.71;109.25675619998377
338;5.26;109.66449617884801
950;79.51;59.757122765864224
312;221.7;111.7847440689421
805;0.81;71.58158215292737
14;5.56;136.0860468092512
40;6.24;133.96579891915712
26;7.71;135.107470859977
584;2.27;89.60368921872708
13;70.72;136.16759480502404
3;85.95;136.98307476275255
775;70.58;74.02802202611285
134;1.25;126.30028731650928
231;46.27;118.39013172654289
34;133.49;134.4550868937942
15;232.63;136.00449881347836
423;134.86;102.73291653815582
9;12.96;136.49378678811544
923;65.26;61.95891865173115
532;33.45;93.84418499891524
298;128.88;112.926416009762
776;92.31;73.94647403034
24;32.95;135.27056685152272
106;7.22;128.58363119814905
396;167.84;104.93471242402276
574;22.07;90.41916917645557
55;19.56;132.74257898256437
637;38.17;85.28164544276606
800;20.71;71.98932213179162
476;35.1;98.4108727621948
14;12.0;136.0860468092512
725;5.07;78.10542181475532
32;135.86;134.6181828853399
709;1.75;79.41018974712091
27;0.72;135.02592286420415
344;11.34;109.17520820421092
997;28.19;55.9243669645403
424;1.56;102.65136854238297
360;88.94;107.87044027184533
6;34.65;136.73843077543398
362;65.24;107.70734428029962
447;231.77;100.77576463960744
3;12.76;136.98307476275255
989;0.9;56.576750930723094
46;14.37;133.47651094452002
964;188.44;58.615450825044334
12;104.26;136.2491428007969
10;32.16;136.4122387923426
14;62.71;136.0860468092512
698;1.41;80.30721770062226
796;153.33;72.31551411488302
664;88.82;83.07984955689912
13;214.61;136.16759480502404
333;2.4;110.07223615771227
15;6.05;136.00449881347836
339;4.36;109.58294818307516
202;163.42;120.75502360395552
995;141.91;56.087462956086
784;191.88;73.29409006415722
204;4623.44;120.59192761240982
319;211.07;111.21390809853216
907;172.46;63.263686584096746
952;21.51;59.59402677431852
455;7.45;100.12338067342463
481;70.85;98.00313278333056
880;112.67;65.46548246996367
599;99.19;88.38046928213433
272;58.56;115.04666389985607
79;176.17;130.785427084016
802;0.73;71.82622614024592
481;27.77;98.00313278333056
950;1.55;59.757122765864224
170;1.11;123.3645594686867
340;2.27;109.50140018730232
683;84.31;81.53043763721499
390;1.04;105.42400039865984
338;39.99;109.66449617884801
294;31.52;113.25260799285338
871;4.47;66.19941443191932
335;31.5;109.90914016616657
48;59.59;133.3134149529743
748;28.47;76.22981791197978
2;7.07;137.0646227585254
673;22.31;82.34591759494349
15;1.57;136.00449881347836
559;20.98;91.64238911304831
898;114.44;63.99761854605238
161;30.62;124.09849143064235
574;100.01;90.41916917645557
13;1.4;136.16759480502404
966;216.73;58.45235483349863
943;0.78;60.32795873627417
274;12.04;114.88356790831037
902;22.03;63.67142656296099
513;35.17;95.39359691859937
45;9.8;133.55805894029288
533;1.78;93.7626370031424
181;36.52;122.46753151518536
1;79.68;137.14617075429825
161;124.07;124.09849143064235
251;32.5;116.7591718110859
834;22.27;69.21669027551474
330;6.79;110.31688014503081
14;62.16;136.0860468092512
626;1.12;86.17867339626741
1;41.69;137.14617075429825
549;170.95;92.45786907077681
41;243.8;133.88425092338426
710;13.64;79.32864175134806
132;10.76;126.46338330805497
177;1.85;122.79372349827676
347;29.64;108.93056421689238
320;0.86;111.1323601027593
29;29.58;134.86282687265847
422;14.81;102.81446453392867
594;47.85;88.78820926099858
777;1.54;73.86492603456716
46;62.76;133.47651094452002
5;23.74;136.81997877120685
763;31.07;75.00659797538705
105;39.06;128.66517919392192
201;41.06;120.83657159972837
48;76.24;133.3134149529743
172;0.93;123.201463477141
59;9.79;132.416386999473
79;13.63;130.785427084016
662;9.13;83.24294554844482
217;1.16;119.53180366736278
352;14.03;108.52282423802812
250;5.75;116.84071980685876
19;1423.71;135.67830683038696
694;60.21;80.63340968371365
12;13.87;136.2491428007969
39;27.37;134.04734691492996
208;9.56;120.26573562931843
19;0.73;135.67830683038696
953;4.68;59.51247877854567
23;32.01;135.35211484729555
8;0.95;136.5753347838883
122;218.52;127.27886326578347
99;63.07;129.154467168559
36;162.38;134.29199090224853
28;29.28;134.9443748684313
622;49.17;86.5048653793588
43;72.07;133.72115493183856
233;25.31;118.2270357349972
26;24.65;135.107470859977
577;29.13;90.17452518913703
14;195.2;136.0860468092512
832;72.98;69.37978626706044
29;288.5;134.86282687265847
521;95.62;94.74121295241659
771;67.2;74.35421400920424
16;28.09;135.9229508177055
493;184.38;97.02455683405637
935;1.51;60.980342702456966
6;31.84;136.73843077543398
899;220.22;63.91607055027954
677;57.59;82.0197256118521
462;0.85;99.55254470301469
542;20.55;93.02870504118675
144;200.22;125.48480735878078
428;0.74;102.32517655929158
201;79.47;120.83657159972837
706;1.86;79.65483373443945
814;121.11;70.84765019097173
4;213.02;136.90152676697969
330;228.88;110.31688014503081
660;36.54;83.40604153999053
927;31.29;61.63272666863975
397;0.74;104.8531644282499
44;270.59;133.63960693606572
946;1.74;60.083314748955615
660;74.48;83.40604153999053
46;11.22;133.47651094452002
623;6.94;86.42331738358595
518;0.98;94.98585693973513
550;22.12;92.37632107500396
59;290.56;132.416386999473
26;351.94;135.107470859977
652;5.96;84.05842550617332
945;6.66;60.16486274472847
517;29.95;95.06740493550798
23;325.46;135.35211484729555
20;7.84;135.5967588346141
644;11.95;84.71080947235612
37;83.56;134.21044290647566
383;103.58;105.99483636906979
2;34.31;137.0646227585254
281;202.21;114.31273193790042
608;36.05;87.6465373201787
813;15.12;70.92919818674459
38;12.56;134.12889491070283
13;27.37;136.16759480502404
11;0.9;136.33069079656974
465;2.1;99.30790071569615
708;103.95;79.49173774289376
704;9.51;79.81792972598515
689;17.34;81.0411496625779
24;11.5;135.27056685152272
803;106.85;71.74467814447307
560;0.89;91.56084111727546
60;59.95;132.33483900370013
202;4.82;120.75502360395552
398;17.7;104.77161643247706
375;23.13;106.64722033525258
10;4.3;136.4122387923426
531;70.29;93.92573299468809
16;6.06;135.9229508177055
209;18.75;120.18418763354558
891;121.63;64.56845451646232
770;225.49;74.43576200497711
378;4.54;106.40257634793404
389;498.81;105.5055483944327
756;76.92;75.577433945797
367;2.26;107.29960430143538
370;37.45;107.05496031411684
425;7.45;102.56982054661012
637;7.77;85.28164544276606
152;31.21;124.83242339259799
481;1.81;98.00313278333056
9;161.01;136.49378678811544
542;25.22;93.02870504118675
327;1.16;110.56152413234936
24;254.08;135.27056685152272
34;27.31;134.4550868937942
26;49.71;135.107470859977
548;7.87;92.53941706654965
32;27.7;134.6181828853399
654;1.99;83.89532951462763
948;79.79;59.92021875740991
645;7.44;84.62926147658327
967;1.59;58.37080683772578
200;13.18;120.91811959550122
335;31.01;109.90914016616657
898;256.2;63.99761854605238
876;248.28;65.79167445305507
16;62.9;135.9229508177055
685;304.95;81.36734164566928
762;1.04;75.08814597115989
108;1.11;128.42053520660338
106;4957.44;128.58363119814905
799;12.0;72.07087012756448
128;24.75;126.78957529114638
285;1.04;113.98653995480903
475;31.09;98.49242075796766
139;9.15;125.89254733764503
327;12.96;110.56152413234936
715;19.78;78.92090177248382
299;1230.92;112.84486801398914
50;76.22;133.15031896142864
902;20.42;63.67142656296099
636;1.44;85.36319343853891
5;2.04;136.81997877120685
38;1.51;134.12889491070283
177;26.61;122.79372349827676
188;274.93;121.89669554477541
805;11.86;71.58158215292737
642;17.55;84.87390546390182
288;52.7;113.74189596749048
16;139.66;135.9229508177055
456;1.17;100.0418326776518
715;1.18;78.92090177248382
493;1.6;97.02455683405637
41;27.1;133.88425092338426
846;102.69;68.23811432624055
167;53.25;123.60920345600525
9;255.21;136.49378678811544
145;0.5;125.40325936300793
324;1.83;110.8061681196679
573;13.52;90.50071717222842
441;35.02;101.26505261424452
25;7.98;135.18901885574985
935;173.5;60.980342702456966
452;1.03;100.36802466074319
702;16.74;79.98102571753085
364;30.76;107.54424828875393
12;62.71;136.2491428007969
792;22.21;72.64170609797442
653;7.49;83.97687751040047
283;1.28;114.14963594635472
604;17.29;87.97272930327009
735;1.93;77.28994185702683
258;274.68;116.18833584067596
482;9.35;97.92158478755772
42;123.15;133.80270292761142
524;4.22;94.49656896509804
788;8.15;72.96789808106581
425;74.67;102.56982054661012
32;54.65;134.6181828853399
15;150.48;136.00449881347836
39;33.22;134.04734691492996
545;35.07;92.7840610538682
475;8.78;98.49242075796766
370;174.2;107.05496031411684
14;1.32;136.0860468092512
630;6.65;85.85248141317601
950;0.72;59.757122765864224
6;41.33;136.73843077543398
233;5.19;118.2270357349972
681;236.65;81.69353362876069
353;6.92;108.44127624225527
502;78.66;96.29062487210072
15;40.39;136.00449881347836
882;22.39;65.30238647841797
702;253.41;79.98102571753085
684;0.85;81.44888964144215
319;91.31;111.21390809853216
741;211.43;76.80065388238972
660;1.71;83.40604153999053
527;30.39;94.25192497777948
13;1.06;136.16759480502404
400;8.48;104.60852044093136
15;118.51;136.00449881347836
571;9.93;90.66381316377411
15;23.17;136.00449881347836
674;8.5;82.26436959917064
939;0.67;60.65415071936556
750;1.14;76.06672192043408
4;28.86;136.90152676697969
843;34.17;68.4827583135591
504;155.81;96.12752888055502
43;1.38;133.72115493183856
620;75.8;86.6679613709045
556;1.81;91.88703310036686
11;84.07;136.33069079656974
352;35.75;108.52282423802812
985;6.28;56.9029429138145
287;19.92;113.82344396326333
149;92.01;125.07706737991654
916;142.7;62.5297546221411
960;53.03;58.941642808135725
19;0.69;135.67830683038696
968;12.33;58.28925884195293
657;12.89;83.65068552730907
827;14.12;69.78752624592468
133;1.07;126.38183531228213
905;223.46;63.426782575642434
216;5.5;119.61335166313563
31;1.42;134.69973088111277
924;4.94;61.8773706559583
368;5.17;107.21805630566254
206;1.86;120.42883162086413
49;64.6;133.23186695720148
66;14.95;131.84555102906305
290;27.35;113.57879997594478
9;0.71;136.49378678811544
22;8.1;135.43366284306842
94;29.92;129.56220714742327
482;7.62;97.92158478755772
31;48.5;134.69973088111277
108;46.55;128.42053520660338
34;32.03;134.4550868937942
25;0.86;135.18901885574985
45;173.87;133.55805894029288
566;210.67;91.07155314263836
838;12.23;68.89049829242335
951;5.11;59.67557477009137
182;0.92;122.3859835194125
6;29.41;136.73843077543398
223;58.26;119.04251569272569
881;69.04;65.38393447419082
59;0.73;132.416386999473
212;121.62;119.93954364622704
918;0.89;62.366658630595396
652;13.42;84.05842550617332
446;0.87;100.85731263538028
762;26.58;75.08814597115989
86;3.83;130.21459111360605
438;7.54;101.50969660156308
813;12.06;70.92919818674459
38;26.2;134.12889491070283
938;175.98;60.73569871513841
36;5.17;134.29199090224853
63;58.39;132.09019501638159
668;69.24;82.75365757380774
36;25.98;134.29199090224853
1;5.87;137.14617075429825
609;24.07;87.56498932440584
279;133.29;114.47582792944613
442;2.08;101.18350461847169
736;4.8;77.20839386125398
973;0.96;57.88151886308869
361;1.7;107.78889227607249
875;36.19;65.87322244882792
504;17.34;96.12752888055502
5;504.69;136.81997877120685
552;7.42;92.21322508345825
239;0.97;117.7377477603601
139;82.6;125.89254733764503
23;243.41;135.35211484729555
137;88.96;126.05564332919073
11;63.28;136.33069079656974
711;33.78;79.24709375557521
66;44.87;131.84555102906305
979;276.62;57.39223088845159
62;68.11;132.17174301215442
871;21.75;66.19941443191932
889;56.83;64.73155050800803
325;4967.44;110.72462012389505
42;223.85;133.80270292761142
541;50.69;93.11025303695959
12;0.98;136.2491428007969
44;27.15;133.63960693606572
235;35.85;118.0639397434515
5;48.66;136.81997877120685
140;270.91;125.81099934187219
98;11.76;129.23601516433186
832;215.33;69.37978626706044
372;34.54;106.89186432257114
703;250.98;79.899477721758
949;22.78;59.838670761637076
452;261.56;100.36802466074319
445;29.95;100.93886063115313
942;31.15;60.40950673204702
592;224.53;88.95130525254427
592;17.31;88.95130525254427
644;132.58;84.71080947235612
233;0.72;118.2270357349972
47;184.95;133.39496294874718
380;26.53;106.23948035638834
349;8.42;108.76746822534668
776;170.95;73.94647403034
217;114.7;119.53180366736278
241;271.63;117.5746517688144
741;1.86;76.80065388238972
326;33.81;110.64307212812221
7;24.39;136.65688277966115
341;21.31;109.41985219152946
514;1603.77;95.31204892282653
172;14.57;123.201463477141
45;27.63;133.55805894029288
920;40.0;62.20356263904969
481;30.8;98.00313278333056
263;230.53;115.78059586181172
510;8.43;95.63824090591793
968;85.3;58.28925884195293
13;7.59;136.16759480502404
315;18.95;111.54010008162355
3;54.89;136.98307476275255
236;128.85;117.98239174767865
938;0.89;60.73569871513841
54;22.22;132.82412697833723
81;7.02;130.6223310924703
678;213.8;81.93817761607923
317;38.81;111.37700409007785
414;24.17;103.46684850011147
247;1.32;117.08536379417731
292;72.84;113.41570398439909
1;21.38;137.14617075429825
380;8.48;106.23948035638834
316;11.05;111.4585520858507
135;5426.8;126.21873932073643
279;26.39;114.47582792944613
25;1225.0;135.18901885574985
42;1.32;133.80270292761142
915;90.41;62.61130261791395
11;26.22;136.33069079656974
141;10.93;125.72945134609934
602;11.15;88.13582529481579
18;100.53;135.7598548261598
325;20.4;110.72462012389505
945;129.38;60.16486274472847
18;1.2;135.7598548261598
20;0.93;135.5967588346141
637;236.23;85.28164544276606
989;387.13;56.576750930723094
54;89.18;132.82412697833723
264;28.32;115.69904786603887
714;0.86;79.00244976825667
591;93.89;89.03285324831714
426;72.94;102.48827255083728
342;7.43;109.33830419575662
335;129.94;109.90914016616657
30;0.7;134.7812788768856
568;86.53;90.90845715109268
830;219.25;69.54288225860614
16;0.7;135.9229508177055
28;23.53;134.9443748684313
426;42.57;102.48827255083728
277;1.58;114.63892392099183
41;1.07;133.88425092338426
354;69.28;108.35972824648243
21;22.03;135.51521083884126
87;0.8;130.1330431178332
304;79.09;112.43712803512489
758;22.71;75.4143379542513
90;121.91;129.88839913051464
439;79.81;101.42814860579023
29;293.91;134.86282687265847
598;193.14;88.4620172779072
11;40.28;136.33069079656974
632;140.4;85.6893854216303
1;34.22;137.14617075429825
922;61.16;62.040466647504005
246;30.44;117.16691178995015
217;2.46;119.53180366736278
506;7.12;95.96443288900932
16;13.71;135.9229508177055
260;226.06;116.02523984913026
937;128.25;60.81724671091126
23;363.34;135.35211484729555
22;26.19;135.43366284306842
814;66.74;70.84765019097173
50;7.85;133.15031896142864
364;16.83;107.54424828875393
29;220.18;134.86282687265847
625;3.88;86.26022139204025
29;7.22;134.86282687265847
198;7.71;121.08121558704693
657;7.96;83.65068552730907
118;54.23;127.60505524887486
594;9.85;88.78820926099858
25;8.52;135.18901885574985
929;1.53;61.46963067709406
181;211.27;122.46753151518536
41;230.32;133.88425092338426
298;10.81;112.926416009762
297;23.5;113.00796400553483
730;123.44;77.69768183589107
33;249.84;134.53663488956707
474;7.4;98.5739687537405
651;25.43;84.13997350194617
691;107.17;80.8780536710322
694;200.31;80.63340968371365
6;13.59;136.73843077543398
241;42.53;117.5746517688144
800;30.26;71.98932213179162
882;169.1;65.30238647841797
481;51.38;98.00313278333056
322;24.75;110.9692641112136
193;66.84;121.48895556591117
336;12.46;109.82759217039371
452;37.84;100.36802466074319
449;37.58;100.61266864806174
793;8.48;72.56015810220157
588;28.71;89.27749723563568
13;1.65;136.16759480502404
935;25.9;60.980342702456966
731;28.71;77.61613384011822
577;184.29;90.17452518913703
182;1.79;122.3859835194125
249;65.77;116.92226780263161
626;30.1;86.17867339626741
244;10.68;117.33000778149585
820;215.53;70.35836221633464
618;361.3;86.8310573624502
48;216.31;133.3134149529743
15;268.08;136.00449881347836
708;33.27;79.49173774289376
963;193.98;58.69699882081717
604;225.3;87.97272930327009
34;67.01;134.4550868937942
677;0.27;82.0197256118521
808;93.04;71.33693816560883
130;7.45;126.62647929960067
267;20.87;115.45440387872031
692;87.28;80.79650567525934
958;35.46;59.10473879968143
37;498.4;134.21044290647566
602;153.98;88.13582529481579
793;35.78;72.56015810220157
292;19.02;113.41570398439909
57;0.75;132.57948299101866
82;6.86;130.54078309669745
505;25.24;96.04598088478218
627;315.54;86.09712540049455
568;4.92;90.90845715109268
151;90.03;124.91397138837084
794;48.39;72.47861010642872
2;31.94;137.0646227585254
561;263.06;91.47929312150262
709;193.31;79.41018974712091
4;21.26;136.90152676697969
36;1.73;134.29199090224853
614;91.86;87.1572493455416
892;1.07;64.48690652068949
943;38.15;60.32795873627417
943;75.97;60.32795873627417
716;1.16;78.83935377671096
836;37.35;69.05359428396905
236;230.35;117.98239174767865
739;30.89;76.96374987393543
121;47.81;127.36041126155632
204;144.5;120.59192761240982
43;65.81;133.72115493183856
850;75.25;67.91192234314916
29;185.97;134.86282687265847
205;1.19;120.51037961663698
141;191.98;125.72945134609934
29;36.64;134.86282687265847
672;1.49;82.42746559071634
31;20.81;134.69973088111277
38;9.75;134.12889491070283
707;1.4;79.57328573866661
815;0.73;70.76610219519888
49;28.71;133.23186695720148
541;12.25;93.11025303695959
525;30.22;94.41502096932518
612;1298.41;87.3203453370873
328;26.61;110.47997613657651
659;22.94;83.48758953576338
850;11.24;67.91192234314916
697;34.01;80.3887656963951
427;23.03;102.40672455506441
830;4.69;69.54288225860614
494;23.07;96.94300883828352
278;28.88;114.55737592521898
455;87.72;100.12338067342463
928;11.39;61.55117867286691
29;25.22;134.86282687265847
27;384.91;135.02592286420415
565;38.58;91.15310113841122
31;7.24;134.69973088111277
591;21.6;89.03285324831714
600;39.87;88.29892128636149
274;18.9;114.88356790831037
522;32.15;94.65966495664374
727;91.14;77.94232582320961
45;0.72;133.55805894029288
173;18.12;123.11991548136815
13;234.47;136.16759480502404
275;28.2;114.80201991253753
734;27.25;77.37148985279967
6;1.85;136.73843077543398
2;282.52;137.0646227585254
30;14.35;134.7812788768856
905;103.86;63.426782575642434
48;1.38;133.3134149529743
742;6.63;76.71910588661689
926;75.34;61.7142746644126
545;22.81;92.7840610538682
7;0.94;136.65688277966115
12;13.1;136.2491428007969
40;75.01;133.96579891915712
17;260.63;135.84140282193266
24;14.21;135.27056685152272
589;81.07;89.19594923986284
419;1.88;103.05910852124723
971;19.69;58.04461485463439
494;163.6;96.94300883828352
32;146.34;134.6181828853399
731;71.4;77.61613384011822
271;0.99;115.12821189562892
838;48.8;68.89049829242335
289;37.15;113.66034797171763
60;141.59;132.33483900370013
679;16.8;81.85662962030639
37;177.42;134.21044290647566
373;0.87;106.81031632679829
610;16.4;87.48344132863299
21;43.75;135.51521083884126
895;17.76;64.24226253337093
85;5.12;130.29613910937888
83;9.53;130.4592351009246
1;5.08;137.14617075429825
964;90.79;58.615450825044334
43;226.75;133.72115493183856
710;17.27;79.32864175134806
895;15.16;64.24226253337093
250;5.96;116.84071980685876
48;134.32;133.3134149529743
4;215.56;136.90152676697969
43;0.76;133.72115493183856
40;22.99;133.96579891915712
712;22.69;79.16554575980237
897;91.31;64.07916654182523
544;186.16;92.86560904964105
932;5.96;61.224986689775506
790;1.34;72.80480208952011
613;44.81;87.23879734131444
433;32.91;101.91743658042734
37;40.46;134.21044290647566
122;21.55;127.27886326578347
159;96.14;124.26158742218804
266;59.95;115.53595187449316
618;10.31;86.8310573624502
509;8.93;95.71978890169078
630;15.61;85.85248141317601
44;30.89;133.63960693606572
541;1410.57;93.11025303695959
46;1.73;133.47651094452002
929;33.56;61.46963067709406
938;4.5;60.73569871513841
7;75.52;136.65688277966115
605;139.53;87.89118130749725
44;104.75;133.63960693606572
870;0.89;66.28096242769216
338;0.3;109.66449617884801
615;8.3;87.07570134976875
843;1.16;68.4827583135591
9;76.54;136.49378678811544
324;42.69;110.8061681196679
585;29.54;89.52214122295422
36;153.81;134.29199090224853
6;319.31;136.73843077543398
32;132.47;134.6181828853399
756;90.56;75.577433945797
14;55.96;136.0860468092512
839;0.96;68.8089502966505
818;3.81;70.52145820788033
454;1.28;100.2049286691975
30;4.91;134.7812788768856
648;60.03;84.38461748926471
469;87.32;98.98170873260474
368;258.27;107.21805630566254
933;67.66;61.143438694002654
295;232.83;113.17105999708053
520;16.85;94.82276094818943
871;30.17;66.19941443191932
265;17.86;115.61749987026602
18;1.24;135.7598548261598
75;5.42;131.1116190671074
85;0.31;130.29613910937888
637;7.77;85.28164544276606
242;95.35;117.49310377304155
122;19.11;127.27886326578347
796;261.19;72.31551411488302
120;1.44;127.44195925732917
10;55.33;136.4122387923426
37;55.5;134.21044290647566
745;30.65;76.47446189929833
25;23.12;135.18901885574985
284;10.86;114.06808795058188
482;233.53;97.92158478755772
543;91.34;92.9471570454139
43;231.54;133.72115493183856
230;42.69;118.47167972231574
140;127.66;125.81099934187219
978;21.05;57.473778884224444
460;17.01;99.71564069456039
169;4.6;123.44610746445956
319;6.71;111.21390809853216
774;40.87;74.1095700218857
617;14.85;86.91260535822305
27;61.3;135.02592286420415
924;6.49;61.8773706559583
234;25.79;118.14548773922435
221;9.29;119.20561168427139
738;0.77;77.04529786970828
354;2.29;108.35972824648243
26;0.81;135.107470859977
407;95.66;104.03768447052141
461;46.12;99.63409269878755
582;61.97;89.76678521027279
857;59.83;67.34108637273921
603;27.68;88.05427729904294
529;179.4;94.08882898623379
44;10.06;133.63960693606572
307;36.21;112.19248404780635
966;38.04;58.45235483349863
976;21.51;57.63687487577013
703;83.64;79.899477721758
600;94.21;88.29892128636149
493;224.81;97.02455683405637
196;230.82;121.24431157859262
323;105.45;110.88771611544075
17;274.57;135.84140282193266
320;278.84;111.1323601027593
47;22.78;133.39496294874718
821;141.24;70.27681422056179
2;59.22;137.0646227585254
279;106.91;114.47582792944613
508;153.02;95.80133689746363
482;68.98;97.92158478755772
672;21.91;82.42746559071634
685;154.19;81.36734164566928
434;41.16;101.83588858465447
556;42.91;91.88703310036686
585;14.64;89.52214122295422
489;223.64;97.35074881714777
275;58.52;114.80201991253753
498;22.58;96.61681685519213
912;252.28;62.85594660523249
44;167.3;133.63960693606572
782;2.06;73.4571860557029
112;149.3;128.09434322351197
864;78.5;66.77025040232927
36;2.29;134.29199090224853
255;7.23;116.4329798279945
294;1.56;113.25260799285338
15;36.11;136.00449881347836
10;318.52;136.4122387923426
342;5.07;109.33830419575662
21;153.66;135.51521083884126
476;13.38;98.4108727621948
9;34.64;136.49378678811544
729;1.55;77.77922983166393
797;67.3;72.23396611911016
873;84.64;66.03631844037362
670;27.61;82.59056158226204
155;6.92;124.58777940527945
530;66.53;94.00728099046094
106;4850.69;128.58363119814905
203;9.82;120.67347560818267
37;1.49;134.21044290647566
20;4.67;135.5967588346141
519;7.45;94.90430894396229
87;34.41;130.1330431178332
661;255.96;83.32449354421769
632;11.92;85.6893854216303
22;32.71;135.43366284306842
429;12.87;102.24362856351873
880;24.18;65.46548246996367
20;28.16;135.5967588346141
751;1.78;75.98517392466124
749;32.68;76.14826991620694
47;257.12;133.39496294874718
209;1.46;120.18418763354558
385;90.15;105.8317403775241
132;20.27;126.46338330805497
685;14.88;81.36734164566928
481;1.28;98.00313278333056
541;18.01;93.11025303695959
880;35.15;65.46548246996367
923;12.29;61.95891865173115
24;257.39;135.27056685152272
970;2.79;58.126162850407226
520;2.32;94.82276094818943
917;27.56;62.44820662636825
8;16.35;136.5753347838883
132;28.89;126.46338330805497
694;36.7;80.63340968371365
933;40.04;61.143438694002654
27;1.87;135.02592286420415
691;1.62;80.8780536710322
976;247.76;57.63687487577013
519;19.18;94.90430894396229
442;189.67;101.18350461847169
988;114.8;56.658298926495945
245;38.18;117.248459785723
575;182.76;90.33762118068273
330;2.28;110.31688014503081
308;17.72;112.1109360520335
27;20.61;135.02592286420415
23;68.71;135.35211484729555
515;43.93;95.23050092705368
506;91.96;95.96443288900932
47;33.0;133.39496294874718
786;1.39;73.13099407261151
144;34.68;125.48480735878078
811;250.49;71.09229417829027
4;4.85;136.90152676697969
302;24.59;112.60022402667059
74;13.53;131.19316706288024
530;18.77;94.00728099046094
896;16.71;64.16071453759808
600;151.82;88.29892128636149
263;137.46;115.78059586181172
12;16.05;136.2491428007969
869;6.76;66.36251042346501
933;7.57;61.143438694002654
350;98.43;108.68592022957382
1000;185.19;55.67972297722176
970;76.67;58.126162850407226
392;228.4;105.26090440711415
45;22.66;133.55805894029288
528;31.42;94.17037698200664
109;99.19;128.3389872108305
600;29.34;88.29892128636149
64;43.97;132.00864702060872
732;0.97;77.53458584434537
442;5.33;101.18350461847169
604;56.74;87.97272930327009
989;284.62;56.576750930723094
886;0.69;64.97619449532658
177;34.07;122.79372349827676
31;0.94;134.69973088111277
415;20.8;103.38530050433862
416;6.66;103.30375250856576
15;7.92;136.00449881347836
530;119.53;94.00728099046094
43;22.33;133.72115493183856
98;38.92;129.23601516433186
47;132.03;133.39496294874718
638;28.63;85.20009744699321
289;28.38;113.66034797171763
46;17.2;133.47651094452002
275;1.59;114.80201991253753
48;221.73;133.3134149529743
490;103.99;97.26920082137491
638;21.8;85.20009744699321
729;27.48;77.77922983166393
964;147.98;58.615450825044334
23;1.24;135.35211484729555
385;18.79;105.8317403775241
517;0.64;95.06740493550798
1;1.08;137.14617075429825
663;74.96;83.16139755267199
808;0.9;71.33693816560883
43;232.81;133.72115493183856
785;245.95;73.21254206838437
35;59.36;134.37353889802137
476;8.79;98.4108727621948
346;5.05;109.01211221266522
674;1.22;82.26436959917064
6;2.25;136.73843077543398
140;36.41;125.81099934187219
960;5.73;58.941642808135725
21;63.41;135.51521083884126
105;18.37;128.66517919392192
890;51.84;64.65000251223518
641;1.34;84.95545345967466
57;28.85;132.57948299101866
592;100.2;88.95130525254427
769;72.81;74.51731000074994
35;39.96;134.37353889802137
708;2.09;79.49173774289376
50;13.89;133.15031896142864
102;20.75;128.90982318124045
913;1.71;62.77439860945964
242;128.84;117.49310377304155
692;17.19;80.79650567525934
417;218.63;103.22220451279291
855;6.87;67.5041823642849
289;37.01;113.66034797171763
76;12.69;131.03007107133453
908;29.47;63.182138588323895
109;154.8;128.3389872108305
30;22.35;134.7812788768856
704;35.24;79.81792972598515
832;22.45;69.37978626706044
508;0.88;95.80133689746363
276;26.0;114.72047191676467
40;13.21;133.96579891915712
737;59.04;77.12684586548113
235;1.27;118.0639397434515
968;21.55;58.28925884195293
194;6.45;121.40740757013832
872;78.79;66.11786643614647
167;17.43;123.60920345600525
4;6.21;136.90152676697969
6;42.11;136.73843077543398
999;34.26;55.76127097299461
740;240.07;76.88220187816259
864;96.5;66.77025040232927
661;7.33;83.32449354421769
221;13.59;119.20561168427139
362;1.03;107.70734428029962
446;5.11;100.85731263538028
3;12.55;136.98307476275255
678;17.41;81.93817761607923
40;12.6;133.96579891915712
32;225.29;134.6181828853399
1;1.77;137.14617075429825
949;44.17;59.838670761637076
318;52.87;111.295456094305
36;5.47;134.29199090224853
998;10.7;55.842818968767446
570;80.35;90.74536115954697
378;5.54;106.40257634793404
982;1512.82;57.14758690113304
314;180.65;111.6216480773964
101;23.77;128.99137117701332
315;1.27;111.54010008162355
331;18.67;110.23533214925796
222;74.59;119.12406368849854
268;0.84;115.37285588294748
239;1.06;117.7377477603601
356;16.45;108.19663225493673
698;36.8;80.30721770062226
263;65.26;115.78059586181172
8;7.41;136.5753347838883
17;240.06;135.84140282193266
792;200.09;72.64170609797442
893;70.12;64.40535852491664
8;222.92;136.5753347838883
737;60.95;77.12684586548113
193;228.02;121.48895556591117
53;4.1;132.90567497411007
4;35.66;136.90152676697969
546;224.32;92.70251305809535
346;90.28;109.01211221266522
43;0.98;133.72115493183856
39;1.08;134.04734691492996
913;18.05;62.77439860945964
538;37.38;93.35489702427815
575;31.6;90.33762118068273
30;230.47;134.7812788768856
384;1.36;105.91328837329695
814;42.53;70.84765019097173
552;0.3;92.21322508345825
313;34.85;111.70319607316925
675;113.08;82.1828216033978
577;11.59;90.17452518913703
310;10.44;111.94784006048779
50;13.52;133.15031896142864
44;65.55;133.63960693606572
503;73.51;96.20907687632787
6;8.46;136.73843077543398
329;269.61;110.39842814080366
40;8.57;133.96579891915712
487;7.83;97.51384480869346
146;252.5;125.32171136723508
225;38.64;118.87941970117998
574;27.02;90.41916917645557
276;407.58;114.72047191676467
226;31.82;118.79787170540715
10;256.87;136.4122387923426
521;19.87;94.74121295241659
45;4.73;133.55805894029288
410;10.21;103.79304048320287
462;110.68;99.55254470301469
634;28.64;85.5262894300846
45;8.13;133.55805894029288
481;261.52;98.00313278333056
395;163.32;105.0162604197956
1000;54.7;55.67972297722176
522;34.59;94.65966495664374
32;21.1;134.6181828853399
713;17.19;79.0839977640295
682;79.14;81.61198563298784
644;28.77;84.71080947235612
944;227.88;60.24641074050132
552;18.02;92.21322508345825
430;1.86;102.16208056774587
458;8.56;99.8787366861061
34;232.03;134.4550868937942
96;33.35;129.39911115587756
24;1.05;135.27056685152272
909;6.26;63.10059059255104
688;37.59;81.12269765835075
446;20.03;100.85731263538028
205;79.47;120.51037961663698
391;9.57;105.342452402887
741;261.15;76.80065388238972
753;99.94;75.82207793311554
984;77.86;56.984490909587336
66;73.44;131.84555102906305
625;8.21;86.26022139204025
26;60.03;135.107470859977
6;17.03;136.73843077543398
26;7.8;135.107470859977
486;103.1;97.59539280446631
699;95.9;80.2256697048494
919;66.44;62.285110634822544
529;16.13;94.08882898623379
8;283.77;136.5753347838883
783;21.65;73.37563805993005
300;0.95;112.76332001821629
288;73.09;113.74189596749048
373;15.87;106.81031632679829
44;26.75;133.63960693606572
64;30.0;132.00864702060872
624;150.24;86.3417693878131
603;8.39;88.05427729904294
43;27.67;133.72115493183856
187;27.74;121.97824354054826
302;34.49;112.60022402667059
612;19.94;87.3203453370873
12;29.33;136.2491428007969
676;6.65;82.10127360762493
33;178.3;134.53663488956707
198;2.27;121.08121558704693
924;33.03;61.8773706559583
650;246.71;84.22152149771902
491;14.29;97.18765282560207
217;3.85;119.53180366736278
24;1.35;135.27056685152272
50;9.87;133.15031896142864
269;155.28;115.29130788717461
201;351.58;120.83657159972837
15;4569.61;136.00449881347836
31;28.83;134.69973088111277
926;209.06;61.7142746644126
955;63.6;59.34938278699997
307;69.37;112.19248404780635
249;1.25;116.92226780263161
728;30.37;77.86077782743678
106;5403.06;128.58363119814905
960;34.79;58.941642808135725
268;254.03;115.37285588294748
864;14.78;66.77025040232927
320;25.01;111.1323601027593
976;95.79;57.63687487577013
596;119.17;88.62511326945288
866;8.23;66.60715441078356
949;286.67;59.838670761637076
147;90.34;125.24016337146224
119;18.51;127.52350725310203
868;215.59;66.44405841923786
86;62.83;130.21459111360605
923;30.74;61.95891865173115
521;91.84;94.74121295241659
436;15.56;101.67279259310878
47;4.99;133.39496294874718
43;9.1;133.72115493183856
121;1.43;127.36041126155632
959;88.51;59.02319080390858
49;8.38;133.23186695720148
499;69.26;96.53526885941926
417;9.37;103.22220451279291
22;182.81;135.43366284306842
305;91.21;112.35558003935205
82;18.04;130.54078309669745
712;27.5;79.16554575980237
491;5.27;97.18765282560207
201;4655.71;120.83657159972837
357;23.18;108.11508425916388
145;31.72;125.40325936300793
907;179.32;63.263686584096746
685;13.43;81.36734164566928
575;0.31;90.33762118068273
26;1.27;135.107470859977
703;27.19;79.899477721758
34;37.06;134.4550868937942
132;7.13;126.46338330805497
13;10.39;136.16759480502404
788;17.84;72.96789808106581
833;208.53;69.29823827128759
283;27.48;114.14963594635472
119;7.58;127.52350725310203
277;60.53;114.63892392099183
204;159.41;120.59192761240982
422;73.17;102.81446453392867
436;62.34;101.67279259310878
36;30.42;134.29199090224853
15;1.88;136.00449881347836
979;1.17;57.39223088845159
427;7.97;102.40672455506441
528;176.23;94.17037698200664
1;66.55;137.14617075429825
679;30.5;81.85662962030639
837;150.72;68.9720462881962
329;163.55;110.39842814080366
41;1.12;133.88425092338426
743;11.24;76.63755789084404
512;0.71;95.47514491437224
528;202.28;94.17037698200664
347;129.64;108.93056421689238
45;177.81;133.55805894029288
529;20.66;94.08882898623379
354;8.23;108.35972824648243
853;15.99;67.6672783558306
842;222.23;68.56430630933195
758;129.54;75.4143379542513
268;148.25;115.37285588294748
199;123.89;120.99966759127408
28;39.47;134.9443748684313
23;11.92;135.35211484729555
79;20.34;130.785427084016
333;68.94;110.07223615771227
262;22.98;115.86214385758456
108;251.13;128.42053520660338
43;88.25;133.72115493183856
228;28.01;118.63477571386144
27;29.24;135.02592286420415
39;72.43;134.04734691492996
667;2.17;82.83520556958058
465;26.47;99.30790071569615
944;184.54;60.24641074050132
803;23.48;71.74467814447307
31;0.25;134.69973088111277
168;23.56;123.52765546023241
137;86.97;126.05564332919073
621;31.33;86.58641337513166
592;1.12;88.95130525254427
417;216.99;103.22220451279291
14;21.9;136.0860468092512
483;9.05;97.84003679178485
486;0.53;97.59539280446631
21;72.43;135.51521083884126
667;10.05;82.83520556958058
186;17.75;122.05979153632111
486;121.19;97.59539280446631
413;39.93;103.5483964958843
595;7.45;88.70666126522573
461;27.54;99.63409269878755
59;0.47;132.416386999473
158;134.04;124.3431354179609
200;4227.73;120.91811959550122
372;164.25;106.89186432257114
35;354.37;134.37353889802137
443;70.22;101.10195662269884
9;1.22;136.49378678811544
266;30.31;115.53595187449316
824;10.26;70.03217023324324
715;92.53;78.92090177248382
4;16.77;136.90152676697969
20;60.87;135.5967588346141
27;89.37;135.02592286420415
284;19.13;114.06808795058188
564;80.53;91.23464913418407
271;85.71;115.12821189562892
28;99.99;134.9443748684313
716;88.53;78.83935377671096
593;14.64;88.86975725677144
519;28.32;94.90430894396229
301;9.1;112.68177202244344
499;71.2;96.53526885941926
484;26.78;97.75848879601202
301;100.13;112.68177202244344
110;156.21;128.25743921505767
885;0.83;65.05774249109943
695;2.19;80.5518616879408
47;348.79;133.39496294874718
185;18.35;122.14133953209397
208;43.4;120.26573562931843
44;88.96;133.63960693606572
21;179.54;135.51521083884126
269;93.66;115.29130788717461
267;63.08;115.45440387872031
562;13.44;91.39774512572976
193;62.28;121.48895556591117
33;4.67;134.53663488956707
232;11.37;118.30858373077004
386;133.27;105.75019238175125
42;34.28;133.80270292761142
122;7.85;127.27886326578347
328;216.49;110.47997613657651
390;0.26;105.42400039865984
336;1.41;109.82759217039371
2;102.47;137.0646227585254
519;28.78;94.90430894396229
554;20.65;92.05012909191257
763;1.74;75.00659797538705
465;5.13;99.30790071569615
769;10.01;74.51731000074994
604;77.29;87.97272930327009
656;4.63;83.73223352308193
7;93.93;136.65688277966115
390;0.77;105.42400039865984
928;2.29;61.55117867286691
19;207.96;135.67830683038696
990;9.8;56.49520293495024
132;50.45;126.46338330805497
747;26.79;76.31136590775264
35;204.61;134.37353889802137
523;25.79;94.57811696087089
328;1.84;110.47997613657651
142;4.69;125.64790335032649
11;6.77;136.33069079656974
856;91.15;67.42263436851206
912;175.19;62.85594660523249
509;118.45;95.71978890169078
425;5.6;102.56982054661012
872;63.71;66.11786643614647
556;0.27;91.88703310036686
679;8.05;81.85662962030639
128;1.21;126.78957529114638
766;12.98;74.7619539880685
922;1.09;62.040466647504005
204;0.96;120.59192761240982
32;12.75;134.6181828853399
778;7.08;73.7833780387943
170;39.73;123.3645594686867
354;101.39;108.35972824648243
308;93.56;112.1109360520335
235;270.13;118.0639397434515
940;53.03;60.57260272359271
818;140.12;70.52145820788033
424;189.93;102.65136854238297
59;17.66;132.416386999473
21;2.26;135.51521083884126
953;56.96;59.51247877854567
967;9.7;58.37080683772578
29;5.58;134.86282687265847
575;37.32;90.33762118068273
916;36.78;62.5297546221411
242;37.58;117.49310377304155
20;14.25;135.5967588346141
814;35.15;70.84765019097173
772;20.45;74.2726660134314
549;23.5;92.45786907077681
930;37.5;61.38808268132121
657;4.46;83.65068552730907
208;149.75;120.26573562931843
147;47.22;125.24016337146224
26;1.94;135.107470859977
374;12.35;106.72876833102544
799;330.76;72.07087012756448
16;146.6;135.9229508177055
706;1.9;79.65483373443945
378;28.49;106.40257634793404
461;139.4;99.63409269878755
377;1.4;106.4841243437069
25;2.11;135.18901885574985
12;1.66;136.2491428007969
244;0.93;117.33000778149585
757;85.06;75.49588595002413
11;1.41;136.33069079656974
167;83.67;123.60920345600525
24;86.68;135.27056685152272
658;4.28;83.56913753153623
658;9.61;83.56913753153623
351;202.96;108.60437223380097
462;119.01;99.55254470301469
191;1.3;121.65205155745687
197;1.02;121.16276358281976
2;0.71;137.0646227585254
817;29.94;70.60300620365318
562;196.36;91.39774512572976
639;119.61;85.11854945122036
454;2.75;100.2049286691975
830;168.41;69.54288225860614
314;47.82;111.6216480773964
656;169.41;83.73223352308193
157;1433.38;124.42468341373375
976;5.61;57.63687487577013
408;0.77;103.95613647474856
218;101.6;119.45025567158993
843;225.32;68.4827583135591
761;5.4;75.16969396693275
458;24.78;99.8787366861061
779;72.2;73.70183004302146
387;8.54;105.6686443859784
288;1.24;113.74189596749048
329;218.38;110.39842814080366
176;32.79;122.87527149404961
928;102.12;61.55117867286691
562;64.26;91.39774512572976
731;26.22;77.61613384011822
326;15.06;110.64307212812221
22;81.76;135.43366284306842
157;246.53;124.42468341373375
321;32.47;111.05081210698646
444;100.25;101.02040862692598
22;20.27;135.43366284306842
794;20.73;72.47861010642872
744;129.08;76.55600989507118
177;252.23;122.79372349827676
779;79.81;73.70183004302146
681;6.54;81.69353362876069
971;10.21;58.04461485463439
158;157.94;124.3431354179609
30;1.39;134.7812788768856
64;1.02;132.00864702060872
42;144.56;133.80270292761142
27;74.15;135.02592286420415
514;1.09;95.31204892282653
48;67.15;133.3134149529743
396;240.94;104.93471242402276
46;35.56;133.47651094452002
955;10.45;59.34938278699997
365;118.34;107.46270029298108
29;26.17;134.86282687265847
14;6.29;136.0860468092512
687;41.84;81.2042456541236
831;17.56;69.46133426283329
808;142.29;71.33693816560883
499;22.8;96.53526885941926
14;236.98;136.0860468092512
640;75.67;85.03700145544752
547;26.52;92.62096506232251
24;37.19;135.27056685152272
371;53.39;106.97341231834399
36;167.77;134.29199090224853
417;5.46;103.22220451279291
17;314.69;135.84140282193266
741;0.53;76.80065388238972
846;100.27;68.23811432624055
18;1.34;135.7598548261598
29;288.58;134.86282687265847
405;32.17;104.20078046206712
29;31.39;134.86282687265847
1;67.98;137.14617075429825
12;29.14;136.2491428007969
288;148.32;113.74189596749048
576;11.93;90.25607318490987
34;0.47;134.4550868937942
78;281.68;130.86697507978883
774;1.29;74.1095700218857
798;1500.73;72.15241812333731
139;28.78;125.89254733764503
76;55.13;131.03007107133453
808;95.8;71.33693816560883
83;16.21;130.4592351009246
606;23.39;87.80963331172438
371;11.6;106.97341231834399
703;1.81;79.899477721758
19;64.93;135.67830683038696
508;23.44;95.80133689746363
487;25.04;97.51384480869346
234;102.84;118.14548773922435
237;40.47;117.9008437519058
22;8.42;135.43366284306842
473;127.27;98.65551674951335
4;147.03;136.90152676697969
882;25.4;65.30238647841797
389;96.38;105.5055483944327
138;297.29;125.97409533341788
171;53.28;123.28301147291386
27;6.03;135.02592286420415
537;20.53;93.436445020051
846;131.99;68.23811432624055
622;26.74;86.5048653793588
832;17.73;69.37978626706044
190;0.24;121.73359955322971
120;7.73;127.44195925732917
749;1.51;76.14826991620694
112;47.32;128.09434322351197
455;5.62;100.12338067342463
529;200.78;94.08882898623379
720;26.46;78.51316179361956
477;1.52;98.32932476642196
976;1.89;57.63687487577013
445;13.57;100.93886063115313
187;20.06;121.97824354054826
28;125.56;134.9443748684313
754;7.4;75.7405299373427
587;75.77;89.35904523140853
31;20.2;134.69973088111277
111;74.96;128.1758912192848
33;11.52;134.53663488956707
501;11.08;96.37217286787357
17;81.51;135.84140282193266
849;1.39;67.99347033892201
39;126.25;134.04734691492996
17;81.29;135.84140282193266
795;47.86;72.39706211065587
711;29.03;79.24709375557521
745;1.18;76.47446189929833
38;266.81;134.12889491070283
181;17.46;122.46753151518536
604;1.48;87.97272930327009
348;87.5;108.84901622111951
30;7.28;134.7812788768856
9;1.28;136.49378678811544
149;38.66;125.07706737991654
992;168.46;56.332106943404554
508;39.99;95.80133689746363
288;36.0;113.74189596749048
875;30.07;65.87322244882792
678;112.53;81.93817761607923
309;368.99;112.02938805626064
594;72.16;88.78820926099858
951;12.28;59.67557477009137
169;6.33;123.44610746445956
761;1.21;75.16969396693275
347;26.39;108.93056421689238
966;93.31;58.45235483349863
581;39.66;89.84833320604562
683;208.17;81.53043763721499
826;123.43;69.86907424169753
109;1.06;128.3389872108305
6;44.4;136.73843077543398
134;163.76;126.30028731650928
836;13.67;69.05359428396905
762;22.94;75.08814597115989
932;21.88;61.224986689775506
4;4.85;136.90152676697969
607;22.15;87.72808531595155
470;23.5;98.90016073683191
294;4.18;113.25260799285338
490;30.28;97.26920082137491
391;16.74;105.342452402887
409;34.7;103.87458847897571
473;14.34;98.65551674951335
195;67.03;121.32585957436547
631;18.9;85.77093341740316
262;67.62;115.86214385758456
550;0.75;92.37632107500396
420;34.66;102.97756052547436
39;6.11;134.04734691492996
36;142.86;134.29199090224853
255;72.94;116.4329798279945
975;1.85;57.718422871542984
33;29.45;134.53663488956707
440;1.31;101.34660061001739
504;162.1;96.12752888055502
690;2.63;80.95960166680504
907;64.8;63.263686584096746
14;137.47;136.0860468092512
46;37.09;133.47651094452002
33;31.1;134.53663488956707
978;1.49;57.473778884224444
15;0.65;136.00449881347836
44;224.2;133.63960693606572
587;70.21;89.35904523140853
997;9.91;55.9243669645403
14;283.85;136.0860468092512
110;120.26;128.25743921505767
675;62.88;82.1828216033978
723;35.57;78.26851780630102
4;17.65;136.90152676697969
628;6.0;86.01557740472171
923;0.73;61.95891865173115
270;1.18;115.20975989140177
981;58.51;57.22913489690589
666;65.84;82.91675356535343
680;68.61;81.77508162453354
121;31.74;127.36041126155632
389;26.46;105.5055483944327
739;65.92;76.96374987393543
758;70.33;75.4143379542513
755;76.61;75.65898194156983
854;6.5;67.58573036005775
135;212.61;126.21873932073643
200;90.73;120.91811959550122
199;14.66;120.99966759127408
89;19.91;129.9699471262875
198;2.73;121.08121558704693
759;61.4;75.33278995847844
12;27.66;136.2491428007969
439;145.91;101.42814860579023
709;6.36;79.41018974712091
388;24.83;105.58709639020555
592;53.65;88.95130525254427
828;24.44;69.70597825015184
2;10.86;137.0646227585254
34;24.82;134.4550868937942
31;221.91;134.69973088111277
13;22.68;136.16759480502404
579;5.47;90.01142919759133
816;179.11;70.68455419942603
78;1.07;130.86697507978883
422;5.07;102.81446453392867
271;191.11;115.12821189562892
621;88.4;86.58641337513166
25;27.56;135.18901885574985
18;20.11;135.7598548261598
654;1.19;83.89532951462763
130;64.71;126.62647929960067
226;145.62;118.79787170540715
811;46.84;71.09229417829027
621;40.14;86.58641337513166
517;61.14;95.06740493550798
881;0.76;65.38393447419082
48;149.76;133.3134149529743
633;185.99;85.60783742585747
394;93.96;105.09780841556845
500;28.92;96.45372086364642
42;28.04;133.80270292761142
778;78.84;73.7833780387943
972;92.0;57.96306685886154
5;80.27;136.81997877120685
209;1518.13;120.18418763354558
26;80.61;135.107470859977
22;31.51;135.43366284306842
420;7.39;102.97756052547436
19;23.95;135.67830683038696
26;31.42;135.107470859977
461;6.99;99.63409269878755
41;96.65;133.88425092338426
10;1.04;136.4122387923426
64;5.24;132.00864702060872
327;345.3;110.56152413234936
871;197.76;66.19941443191932
617;111.54;86.91260535822305
392;29.82;105.26090440711415
11;26.67;136.33069079656974
711;15.52;79.24709375557521
80;29.25;130.70387908824316
314;77.07;111.6216480773964
19;1.12;135.67830683038696
56;2.29;132.66103098679153
802;85.23;71.82622614024592
223;0.85;119.04251569272569
99;6.48;129.154467168559
476;28.09;98.4108727621948
6;47.45;136.73843077543398
511;37.65;95.55669291014507
100;34.26;129.07291917278616
43;0.81;133.72115493183856
78;33.41;130.86697507978883
21;22.78;135.51521083884126
31;316.92;134.69973088111277
774;21.17;74.1095700218857
5;7.71;136.81997877120685
857;3.78;67.34108637273921
39;1.44;134.04734691492996
171;237.51;123.28301147291386
26;9.97;135.107470859977
994;4.11;56.16901095185885
274;87.89;114.88356790831037
556;42.15;91.88703310036686
529;11.94;94.08882898623379
27;7.88;135.02592286420415
598;22.79;88.4620172779072
256;25.56;116.35143183222166
45;0.94;133.55805894029288
869;56.4;66.36251042346501
115;7.31;127.84969923619342
10;232.13;136.4122387923426
7;0.8;136.65688277966115
44;216.31;133.63960693606572
299;149.38;112.84486801398914
504;35.7;96.12752888055502
351;8.12;108.60437223380097
629;172.23;85.93402940894886
610;8.29;87.48344132863299
1;263.51;137.14617075429825
763;76.16;75.00659797538705
837;89.95;68.9720462881962
214;32.16;119.77644765468133
531;1.9;93.92573299468809
940;223.25;60.57260272359271
726;4.54;78.02387381898248
9;76.4;136.49378678811544
257;159.71;116.26988383644881
46;92.25;133.47651094452002
600;91.86;88.29892128636149
190;44.13;121.73359955322971
190;26.09;121.73359955322971
461;8.06;99.63409269878755
969;100.4;58.20771084618008
716;22.13;78.83935377671096
20;1.64;135.5967588346141
683;31.97;81.53043763721499
395;23.82;105.0162604197956
500;22.42;96.45372086364642
764;61.79;74.92504997961419
523;2.33;94.57811696087089
394;19.17;105.09780841556845
566;65.71;91.07155314263836
597;37.25;88.54356527368003
258;71.26;116.18833584067596
8;4.77;136.5753347838883
361;20.82;107.78889227607249
646;16.96;84.54771348081042
369;227.9;107.13650830988968
639;237.18;85.11854945122036
917;1.56;62.44820662636825
619;7.48;86.74950936667736
841;90.11;68.64585430510479
884;26.19;65.13929048687227
18;18.49;135.7598548261598
549;7.15;92.45786907077681
17;19.72;135.84140282193266
744;30.84;76.55600989507118
13;274.02;136.16759480502404
479;17.5;98.16622877487626
45;46.52;133.55805894029288
1;12.51;137.14617075429825
23;8.06;135.35211484729555
38;4105.89;134.12889491070283
1;166.0;137.14617075429825
33;15.13;134.53663488956707
968;26.07;58.28925884195293
127;2.36;126.87112328691923
711;57.16;79.24709375557521
808;64.47;71.33693816560883
911;9.52;62.93749460100534
833;251.84;69.29823827128759
832;148.67;69.37978626706044
884;83.13;65.13929048687227
808;95.42;71.33693816560883
798;6.49;72.15241812333731
964;22.97;58.615450825044334
806;17.35;71.50003415715453
821;87.54;70.27681422056179
42;0.75;133.80270292761142
451;1.32;100.44957265651604
967;28.58;58.37080683772578
472;114.73;98.7370647452862
797;1.81;72.23396611911016
811;118.22;71.09229417829027
439;5.13;101.42814860579023
341;264.79;109.41985219152946
640;0.92;85.03700145544752
770;32.68;74.43576200497711
332;2.38;110.1537841534851
24;44.16;135.27056685152272
337;29.24;109.74604417462086
399;23.24;104.6900684367042
402;184.68;104.44542444938565
171;13.36;123.28301147291386
173;32.08;123.11991548136815
929;151.57;61.46963067709406
432;2.49;101.99898457620017
7;16.65;136.65688277966115
846;10.63;68.23811432624055
876;0.59;65.79167445305507
10;37.89;136.4122387923426
123;79.67;127.19731527001062
669;46.44;82.67210957803488
94;7.41;129.56220714742327
771;84.88;74.35421400920424
23;46.1;135.35211484729555
66;282.25;131.84555102906305
616;1.02;86.9941533539959
724;37.22;78.18696981052817
604;25.01;87.97272930327009
21;24.4;135.51521083884126
459;41.39;99.79718869033324
436;13.57;101.67279259310878
358;33.62;108.03353626339103
685;98.6;81.36734164566928
24;4.8;135.27056685152272
164;66.36;123.8538474433238
427;1.23;102.40672455506441
327;1518.03;110.56152413234936
261;1.27;115.94369185335742
594;35.23;88.78820926099858
483;167.75;97.84003679178485
182;73.66;122.3859835194125
932;24.36;61.224986689775506
443;71.61;101.10195662269884
534;45.0;93.68108900736954
917;11.7;62.44820662636825
892;271.05;64.48690652068949
710;54.48;79.32864175134806
608;7.47;87.6465373201787
41;75.44;133.88425092338426
523;2.79;94.57811696087089
241;187.31;117.5746517688144
385;61.73;105.8317403775241
10;23.77;136.4122387923426
73;0.71;131.2747150586531
529;90.49;94.08882898623379
8;0.8;136.5753347838883
479;7.62;98.16622877487626
38;17.92;134.12889491070283
134;33.92;126.30028731650928
991;49.52;56.41365493917739
824;41.39;70.03217023324324
23;371.77;135.35211484729555
238;5.91;117.81929575613295
48;8.59;133.3134149529743
484;25.09;97.75848879601202
944;64.29;60.24641074050132
421;15.66;102.89601252970152
146;240.59;125.32171136723508
275;1.98;114.80201991253753
13;219.86;136.16759480502404
199;12.33;120.99966759127408
320;89.54;111.1323601027593
46;4986.13;133.47651094452002
1;181.44;137.14617075429825
783;9.79;73.37563805993005
213;7.88;119.85799565045419
632;145.68;85.6893854216303
41;7.71;133.88425092338426
688;5.83;81.12269765835075
28;64.06;134.9443748684313
961;169.49;58.860094812362874
245;44.84;117.248459785723
428;220.45;102.32517655929158
930;83.87;61.38808268132121
322;6.22;110.9692641112136
174;16.12;123.0383674855953
344;1533.39;109.17520820421092
287;260.96;113.82344396326333
27;120.44;135.02592286420415
48;0.82;133.3134149529743
121;4871.93;127.36041126155632
112;85.77;128.09434322351197
302;5166.68;112.60022402667059
49;0.66;133.23186695720148
357;13.77;108.11508425916388
48;59.74;133.3134149529743
975;1.25;57.718422871542984
2;1.11;137.0646227585254
37;4231.69;134.21044290647566
143;187.79;125.56635535455364
21;104.53;135.51521083884126
374;23.25;106.72876833102544
294;179.24;113.25260799285338
227;25.41;118.7163237096343
901;1.17;63.75297455873384
851;0.26;67.8303743473763
3;1540.77;136.98307476275255
557;4.6;91.80548510459401
446;68.89;100.85731263538028
5;6.32;136.81997877120685
323;240.08;110.88771611544075
913;33.4;62.77439860945964
277;8.91;114.63892392099183
690;489.26;80.95960166680504
50;5.03;133.15031896142864
171;109.69;123.28301147291386
559;27.08;91.64238911304831
694;39.31;80.63340968371365
1;95.7;137.14617075429825
15;88.94;136.00449881347836
705;14.33;79.73638173021232
148;34.05;125.1586153756894
593;80.32;88.86975725677144
508;1.9;95.80133689746363
798;19.97;72.15241812333731
322;345.7;110.9692641112136
987;93.73;56.7398469222688
829;17.02;69.62443025437899
926;33.16;61.7142746644126
221;2.3;119.20561168427139
853;1.08;67.6672783558306
823;23.68;70.11371822901609
31;236.23;134.69973088111277
13;33.56;136.16759480502404
367;311.8;107.29960430143538
187;183.18;121.97824354054826
859;65.45;67.17799038119351
710;85.42;79.32864175134806
664;82.99;83.07984955689912
119;180.36;127.52350725310203
25;29.31;135.18901885574985
458;258.39;99.8787366861061
251;184.15;116.7591718110859
90;25.62;129.88839913051464
975;28.99;57.718422871542984
560;59.68;91.56084111727546
142;8.2;125.64790335032649
898;2.16;63.99761854605238
85;9.71;130.29613910937888
337;16.32;109.74604417462086
624;101.34;86.3417693878131
15;17.5;136.00449881347836
7;1.04;136.65688277966115
7;1309.55;136.65688277966115
753;13.21;75.82207793311554
332;269.06;110.1537841534851
43;14.96;133.72115493183856
289;69.09;113.66034797171763
690;75.03;80.95960166680504
48;27.54;133.3134149529743
685;93.17;81.36734164566928
254;74.38;116.51452782376737
409;223.11;103.87458847897571
686;0.92;81.28579364989645
617;7.43;86.91260535822305
313;7.36;111.70319607316925
888;58.37;64.81309850378088
127;36.82;126.87112328691923
69;88.77;131.60090704174448
660;1.18;83.40604153999053
520;0.72;94.82276094818943
49;36.69;133.23186695720148
48;1.72;133.3134149529743
31;26.21;134.69973088111277
934;5.29;61.0618906982298
111;5066.12;128.1758912192848
452;200.19;100.36802466074319
429;31.75;102.24362856351873
541;40.43;93.11025303695959
651;218.91;84.13997350194617
50;20.41;133.15031896142864
38;31.88;134.12889491070283
319;33.35;111.21390809853216
18;23.28;135.7598548261598
584;25.13;89.60368921872708
330;25.69;110.31688014503081
467;4.21;99.14480472415045
808;23.37;71.33693816560883
23;72.94;135.35211484729555
19;29.42;135.67830683038696
453;282.49;100.28647666497034
24;81.37;135.27056685152272
26;122.67;135.107470859977
799;1.56;72.07087012756448
383;41.8;105.99483636906979
34;1.83;134.4550868937942
53;34.33;132.90567497411007
607;29.77;87.72808531595155
19;27.53;135.67830683038696
26;1.52;135.107470859977
152;82.36;124.83242339259799
678;353.03;81.93817761607923
35;14.27;134.37353889802137
36;7.96;134.29199090224853
39;116.07;134.04734691492996
972;0.84;57.96306685886154
749;9.66;76.14826991620694
477;76.86;98.32932476642196
224;5.32;118.96096769695284
371;25.47;106.97341231834399
983;167.03;57.06603890536019
237;5.74;117.9008437519058
492;27.05;97.1061048298292
996;9.82;56.00591496031315
551;101.46;92.2947730792311
908;4.19;63.182138588323895
532;1.16;93.84418499891524
731;19.84;77.61613384011822
685;168.46;81.36734164566928
764;78.74;74.92504997961419
57;39.2;132.57948299101866
382;80.45;106.07638436484264
147;27.93;125.24016337146224
75;132.27;131.1116190671074
356;9.6;108.19663225493673
732;11.02;77.53458584434537
19;144.34;135.67830683038696
7;128.9;136.65688277966115
785;110.19;73.21254206838437
727;15.67;77.94232582320961
328;64.94;110.47997613657651
930;8.99;61.38808268132121
850;189.28;67.91192234314916
730;33.63;77.69768183589107
277;18.77;114.63892392099183
154;37.11;124.6693274010523
302;7.92;112.60022402667059
815;1.1;70.76610219519888
843;74.8;68.4827583135591
238;1.34;117.81929575613295
979;172.57;57.39223088845159
550;59.37;92.37632107500396
568;185.8;90.90845715109268
133;1.45;126.38183531228213
650;8.03;84.22152149771902
5;0.75;136.81997877120685
788;43.2;72.96789808106581
393;30.86;105.1793564113413
725;34.08;78.10542181475532
751;22.75;75.98517392466124
390;115.91;105.42400039865984
703;8.34;79.899477721758
44;206.04;133.63960693606572
78;290.61;130.86697507978883
252;0.26;116.67762381531305
26;16.56;135.107470859977
744;177.05;76.55600989507118
110;346.38;128.25743921505767
180;14.27;122.54907951095821
34;46.32;134.4550868937942
614;38.17;87.1572493455416
37;26.19;134.21044290647566
92;28.39;129.72530313896894
251;9.4;116.7591718110859
252;131.77;116.67762381531305
781;35.38;73.53873405147576
45;18.16;133.55805894029288
674;56.8;82.26436959917064
825;72.15;69.95062223747038
16;144.83;135.9229508177055
750;10.91;76.06672192043408
929;8.37;61.46963067709406
927;1.19;61.63272666863975
38;6.76;134.12889491070283
349;0.51;108.76746822534668
628;94.76;86.01557740472171
145;5.88;125.40325936300793
817;237.04;70.60300620365318
465;0.92;99.30790071569615
2;299.84;137.0646227585254
12;240.8;136.2491428007969
596;30.32;88.62511326945288
50;1.57;133.15031896142864
890;27.31;64.65000251223518
881;113.33;65.38393447419082
913;24.7;62.77439860945964
14;31.06;136.0860468092512
9;2.17;136.49378678811544
537;21.09;93.436445020051
44;35.53;133.63960693606572
468;18.28;99.06325672837761
40;93.03;133.96579891915712
699;26.79;80.2256697048494
768;17.42;74.5988579965228
47;28.45;133.39496294874718
686;95.59;81.28579364989645
779;160.33;73.70183004302146
761;12.38;75.16969396693275
81;5.8;130.6223310924703
381;104.96;106.15793236061549
320;47.01;111.1323601027593
633;8.92;85.60783742585747
614;20.23;87.1572493455416
714;82.5;79.00244976825667
413;33.63;103.5483964958843
2;195.88;137.0646227585254
890;24.73;64.65000251223518
33;46.07;134.53663488956707
6;247.05;136.73843077543398
41;1.38;133.88425092338426
249;8.36;116.92226780263161
18;206.89;135.7598548261598
293;46.67;113.33415598862624
501;8.51;96.37217286787357
815;39.61;70.76610219519888
15;41.38;136.00449881347836
49;16.24;133.23186695720148
29;7.4;134.86282687265847
41;13.09;133.88425092338426
8;3979.9;136.5753347838883
40;1611.67;133.96579891915712
1;8.16;137.14617075429825
383;11.88;105.99483636906979
46;376.07;133.47651094452002
428;72.64;102.32517655929158
877;82.79;65.71012645728221
92;42.39;129.72530313896894
13;270.47;136.16759480502404
374;137.19;106.72876833102544
485;10.36;97.67694080023915
262;16.1;115.86214385758456
45;1.52;133.55805894029288
29;177.26;134.86282687265847
42;7.58;133.80270292761142
573;134.0;90.50071717222842
961;26.88;58.860094812362874
695;23.56;80.5518616879408
721;149.39;78.43161379784672
437;1.09;101.59124459733593
3;1.55;136.98307476275255
83;140.18;130.4592351009246
740;6.22;76.88220187816259
58;13.61;132.49793499524583
583;19.33;89.68523721449992
828;4.96;69.70597825015184
818;1.2;70.52145820788033
48;27.63;133.3134149529743
39;217.92;134.04734691492996
976;38.92;57.63687487577013
509;31.72;95.71978890169078
255;76.75;116.4329798279945
482;283.58;97.92158478755772
710;7.38;79.32864175134806
271;30.02;115.12821189562892
22;206.01;135.43366284306842
155;0.51;124.58777940527945
855;18.39;67.5041823642849
25;35.53;135.18901885574985
361;177.51;107.78889227607249
792;144.57;72.64170609797442
312;33.93;111.7847440689421
323;77.08;110.88771611544075
217;15.69;119.53180366736278
595;26.95;88.70666126522573
805;8.34;71.58158215292737
43;11.06;133.72115493183856
831;44.14;69.46133426283329
537;60.87;93.436445020051
595;99.72;88.70666126522573
805;87.92;71.58158215292737
514;2.75;95.31204892282653
677;92.93;82.0197256118521
912;0.78;62.85594660523249
910;30.65;63.01904259677819
839;48.06;68.8089502966505
586;71.82;89.44059322718138
492;189.1;97.1061048298292
28;63.69;134.9443748684313
844;29.2;68.40121031778625
347;24.85;108.93056421689238
367;1.94;107.29960430143538
41;13.19;133.88425092338426
802;29.27;71.82622614024592
18;4.5;135.7598548261598
321;5.14;111.05081210698646
752;199.52;75.90362592888839
884;8.0;65.13929048687227
45;65.0;133.55805894029288
435;31.76;101.75434058888163
49;219.78;133.23186695720148
833;1.4;69.29823827128759
729;63.56;77.77922983166393
593;83.56;88.86975725677144
530;24.06;94.00728099046094
568;4.15;90.90845715109268
481;76.9;98.00313278333056
11;13.81;136.33069079656974
22;216.98;135.43366284306842
356;178.94;108.19663225493673
129;231.11;126.70802729537353
19;0.89;135.67830683038696
15;80.93;136.00449881347836
28;1.0;134.9443748684313
134;111.17;126.30028731650928
316;170.58;111.4585520858507
130;29.23;126.62647929960067
16;75.91;135.9229508177055
245;5.52;117.248459785723
658;222.33;83.56913753153623
928;123.27;61.55117867286691
455;38.96;100.12338067342463
742;33.19;76.71910588661689
40;63.47;133.96579891915712
33;20.8;134.53663488956707
749;7.8;76.14826991620694
119;96.93;127.52350725310203
611;24.03;87.40189333286014
1;1376.49;137.14617075429825
675;59.31;82.1828216033978
697;31.11;80.3887656963951
873;1.5;66.03631844037362
437;63.79;101.59124459733593
439;29.11;101.42814860579023
226;18.47;118.79787170540715
28;146.53;134.9443748684313
37;70.81;134.21044290647566
939;124.95;60.65415071936556
894;30.09;64.32381052914378
591;79.31;89.03285324831714
523;33.75;94.57811696087089
528;6.67;94.17037698200664
864;1.87;66.77025040232927
445;62.3;100.93886063115313
957;0.88;59.18628679545428
859;133.94;67.17799038119351
326;69.13;110.64307212812221
319;1.0;111.21390809853216
18;21.39;135.7598548261598
297;33.12;113.00796400553483
149;33.4;125.07706737991654
843;58.34;68.4827583135591
27;1.33;135.02592286420415
34;108.37;134.4550868937942
40;14.13;133.96579891915712
528;19.8;94.17037698200664
643;22.39;84.79235746812897
198;0.82;121.08121558704693
135;133.74;126.21873932073643
100;2.74;129.07291917278616
202;32.16;120.75502360395552
12;39.05;136.2491428007969
44;172.74;133.63960693606572
20;141.2;135.5967588346141
879;29.43;65.54703046573653
451;15.27;100.44957265651604
169;41.98;123.44610746445956
586;79.58;89.44059322718138
737;11.25;77.12684586548113
126;29.17;126.95267128269208
635;28.88;85.44474143431177
141;0.74;125.72945134609934
10;0.87;136.4122387923426
292;75.34;113.41570398439909
19;4219.76;135.67830683038696
558;24.74;91.72393710882116
294;54.24;113.25260799285338
775;4.59;74.02802202611285
81;0.76;130.6223310924703
203;0.89;120.67347560818267
781;118.82;73.53873405147576
24;19.3;135.27056685152272
680;183.03;81.77508162453354
37;37.82;134.21044290647566
178;36.25;122.71217550250391
6;22.3;136.73843077543398
652;35.23;84.05842550617332
653;163.07;83.97687751040047
523;54.38;94.57811696087089
340;0.26;109.50140018730232
36;1.03;134.29199090224853
677;104.1;82.0197256118521
500;124.54;96.45372086364642
127;161.71;126.87112328691923
299;22.62;112.84486801398914
40;34.51;133.96579891915712
29;282.54;134.86282687265847
433;238.24;101.91743658042734
758;289.4;75.4143379542513
370;1.5;107.05496031411684
486;1.54;97.59539280446631
853;287.52;67.6672783558306
417;7.11;103.22220451279291
296;77.54;113.08951200130768
669;10.79;82.67210957803488
541;11.65;93.11025303695959
716;8.21;78.83935377671096
30;112.82;134.7812788768856
499;151.37;96.53526885941926
149;1.11;125.07706737991654
621;89.22;86.58641337513166
692;164.33;80.79650567525934
43;6.92;133.72115493183856
438;2.68;101.50969660156308
474;5.82;98.5739687537405
175;143.75;122.95681948982246
194;0.32;121.40740757013832
632;7.98;85.6893854216303
893;33.0;64.40535852491664
258;44.95;116.18833584067596
488;9.18;97.43229681292061
723;245.89;78.26851780630102
302;121.64;112.60022402667059
375;1.92;106.64722033525258
32;37.87;134.6181828853399
10;27.92;136.4122387923426
85;0.69;130.29613910937888
332;138.01;110.1537841534851
47;0.67;133.39496294874718
11;5.96;136.33069079656974
398;29.83;104.77161643247706
902;37.9;63.67142656296099
286;188.8;113.90499195903618
11;220.07;136.33069079656974
639;84.67;85.11854945122036
609;29.91;87.56498932440584
35;86.73;134.37353889802137
224;6.11;118.96096769695284
205;8.36;120.51037961663698
45;1.33;133.55805894029288
201;224.65;120.83657159972837
113;149.58;128.0127952277391
952;53.57;59.59402677431852
759;29.02;75.33278995847844
261;87.07;115.94369185335742
921;27.17;62.122014643276856
701;7.51;80.0625737133037
525;272.55;94.41502096932518
49;1.82;133.23186695720148
3;136.45;136.98307476275255
945;7.83;60.16486274472847
955;0.71;59.34938278699997
107;10.45;128.5020832023762
8;18.05;136.5753347838883
819;2.74;70.43991021210748
764;70.67;74.92504997961419
649;1.3;84.30306949349188
946;80.04;60.083314748955615
41;316.12;133.88425092338426
10;1.03;136.4122387923426
92;1.92;129.72530313896894
568;33.76;90.90845715109268
2;192.88;137.0646227585254
18;133.89;135.7598548261598
370;293.25;107.05496031411684
105;27.62;128.66517919392192
61;0.91;132.2532910079273
585;6.75;89.52214122295422
777;34.06;73.86492603456716
224;6.43;118.96096769695284
579;29.03;90.01142919759133
406;1.08;104.11923246629425
853;257.9;67.6672783558306
81;69.54;130.6223310924703
258;170.08;116.18833584067596
45;0.94;133.55805894029288
24;120.87;135.27056685152272
688;81.28;81.12269765835075
569;10.23;90.82690915531981
532;107.39;93.84418499891524
116;12.81;127.76815124042056
938;76.24;60.73569871513841
22;0.52;135.43366284306842
601;33.75;88.21737329058864
177;31.52;122.79372349827676
753;9.82;75.82207793311554
50;16.42;133.15031896142864
136;12.54;126.13719132496358
32;174.57;134.6181828853399
608;65.03;87.6465373201787
180;7.4;122.54907951095821
27;0.97;135.02592286420415
927;88.96;61.63272666863975
9;2.07;136.49378678811544
490;80.61;97.26920082137491
876;69.84;65.79167445305507
256;76.33;116.35143183222166
442;21.08;101.18350461847169
874;18.13;65.95477044460077
78;7.26;130.86697507978883
545;168.9;92.7840610538682
474;1.82;98.5739687537405
701;38.47;80.0625737133037
41;141.98;133.88425092338426
858;276.06;67.25953837696636
15;69.45;136.00449881347836
882;279.69;65.30238647841797
709;12.23;79.41018974712091
351;93.04;108.60437223380097
679;0.74;81.85662962030639
492;0.61;97.1061048298292
33;9.18;134.53663488956707
961;25.51;58.860094812362874
307;5.81;112.19248404780635
40;91.42;133.96579891915712
43;237.73;133.72115493183856
871;8.35;66.19941443191932
149;24.16;125.07706737991654
310;177.95;111.94784006048779
948;24.77;59.92021875740991
912;0.8;62.85594660523249
655;95.45;83.81378151885477
318;6.23;111.295456094305
523;11.19;94.57811696087089
352;2.77;108.52282423802812
953;36.19;59.51247877854567
523;24.95;94.57811696087089
106;64.74;128.58363119814905
338;96.83;109.66449617884801
8;13.35;136.5753347838883
5;21.32;136.81997877120685
58;58.28;132.49793499524583
598;31.64;88.4620172779072
878;47.72;65.62857846150938
675;30.55;82.1828216033978
55;84.24;132.74257898256437
795;0.43;72.39706211065587
32;52.15;134.6181828853399
892;39.7;64.48690652068949
601;1.94;88.21737329058864
646;2.38;84.54771348081042
6;0.93;136.73843077543398
840;32.67;68.72740230087764
431;29.93;102.08053257197302
502;127.19;96.29062487210072
539;258.32;93.2733490285053
276;22.81;114.72047191676467
303;0.82;112.51867603089774
18;0.91;135.7598548261598
635;157.73;85.44474143431177
691;33.09;80.8780536710322
932;1.11;61.224986689775506
435;81.96;101.75434058888163
48;67.03;133.3134149529743
487;31.84;97.51384480869346
498;268.22;96.61681685519213
513;68.75;95.39359691859937
238;466.41;117.81929575613295
787;31.21;73.04944607683866
680;88.26;81.77508162453354
3;110.79;136.98307476275255
17;1.82;135.84140282193266
853;1.19;67.6672783558306
227;0.24;118.7163237096343
916;16.43;62.5297546221411
315;7.73;111.54010008162355
44;25.9;133.63960693606572
709;5.16;79.41018974712091
968;7.75;58.28925884195293
962;293.21;58.77854681659002
862;80.72;66.93334639387496
979;86.72;57.39223088845159
8;26.43;136.5753347838883
270;210.93;115.20975989140177
880;9.53;65.46548246996367
827;69.46;69.78752624592468
26;100.78;135.107470859977
256;58.67;116.35143183222166
664;209.84;83.07984955689912
45;374.25;133.55805894029288
35;137.75;134.37353889802137
259;127.81;116.10678784490311
531;18.84;93.92573299468809
569;236.66;90.82690915531981
197;218.84;121.16276358281976
34;36.74;134.4550868937942
991;11.44;56.41365493917739
4;12.53;136.90152676697969
36;137.63;134.29199090224853
755;31.86;75.65898194156983
757;11.74;75.49588595002413
714;17.91;79.00244976825667
823;32.97;70.11371822901609
63;4.94;132.09019501638159
983;11.58;57.06603890536019
32;74.35;134.6181828853399
447;80.58;100.77576463960744
310;34.07;111.94784006048779
10;263.34;136.4122387923426
222;79.92;119.12406368849854
15;232.92;136.00449881347836
930;245.37;61.38808268132121
125;119.86;127.03421927846492
287;65.84;113.82344396326333
685;7.5;81.36734164566928
6;68.61;136.73843077543398
834;43.9;69.21669027551474
80;262.99;130.70387908824316
341;8.28;109.41985219152946
34;32.39;134.4550868937942
338;5.51;109.66449617884801
22;287.18;135.43366284306842
460;0.48;99.71564069456039
218;299.01;119.45025567158993
199;72.74;120.99966759127408
191;189.87;121.65205155745687
27;1.86;135.02592286420415
809;42.84;71.25539016983598
149;70.26;125.07706737991654
4;1.39;136.90152676697969
332;26.18;110.1537841534851
909;35.46;63.10059059255104
713;28.16;79.0839977640295
314;0.89;111.6216480773964
93;6.08;129.6437551431961
775;83.14;74.02802202611285
547;38.81;92.62096506232251
40;22.48;133.96579891915712
238;221.16;117.81929575613295
160;30.68;124.18003942641519
678;194.06;81.93817761607923
425;74.71;102.56982054661012
461;27.13;99.63409269878755
10;128.56;136.4122387923426
303;312.35;112.51867603089774
145;24.62;125.40325936300793
931;23.36;61.30653468554836
925;92.13;61.79582266018545
836;154.29;69.05359428396905
533;0.92;93.7626370031424
48;81.01;133.3134149529743
433;7.5;101.91743658042734
954;5.55;59.43093078277282
896;147.67;64.16071453759808
118;17.15;127.60505524887486
606;67.13;87.80963331172438
911;110.15;62.93749460100534
811;92.69;71.09229417829027
187;152.03;121.97824354054826
591;1.59;89.03285324831714
663;88.68;83.16139755267199
659;13.5;83.48758953576338
356;65.1;108.19663225493673
529;8.1;94.08882898623379
23;1.74;135.35211484729555
696;92.33;80.47031369216795
115;9.0;127.84969923619342
34;0.67;134.4550868937942
870;17.16;66.28096242769216
12;101.95;136.2491428007969
6;120.16;136.73843077543398
878;63.39;65.62857846150938
17;38.55;135.84140282193266
78;5430.79;130.86697507978883
855;63.28;67.5041823642849
707;0.3;79.57328573866661
27;222.91;135.02592286420415
190;68.14;121.73359955322971
474;117.31;98.5739687537405
923;104.29;61.95891865173115
8;80.92;136.5753347838883
919;29.68;62.285110634822544
101;357.08;128.99137117701332
8;68.77;136.5753347838883
40;2.03;133.96579891915712
79;0.84;130.785427084016
25;390.75;135.18901885574985
462;74.16;99.55254470301469
689;202.05;81.0411496625779
973;38.97;57.88151886308869
500;0.3;96.45372086364642
569;9.49;90.82690915531981
30;0.83;134.7812788768856
362;225.68;107.70734428029962
710;215.84;79.32864175134806
759;8.79;75.33278995847844
915;185.18;62.61130261791395
33;1.71;134.53663488956707
6;8.64;136.73843077543398
181;183.99;122.46753151518536
958;18.3;59.10473879968143
633;1.22;85.60783742585747
832;1.23;69.37978626706044
45;21.98;133.55805894029288
31;4.79;134.69973088111277
295;3993.19;113.17105999708053
982;33.62;57.14758690113304
301;189.95;112.68177202244344
237;19.52;117.9008437519058
32;0.51;134.6181828853399
952;129.08;59.59402677431852
186;30.33;122.05979153632111
312;43.07;111.7847440689421
904;63.33;63.508330571415286
38;20.45;134.12889491070283
459;182.05;99.79718869033324
698;28.29;80.30721770062226
666;30.1;82.91675356535343
103;279.88;128.82827518546762
16;36.01;135.9229508177055
669;23.84;82.67210957803488
291;160.66;113.49725198017194
392;1.75;105.26090440711415
737;6.81;77.12684586548113
32;78.28;134.6181828853399
702;13.02;79.98102571753085
52;27.69;132.98722296988294
41;15.42;133.88425092338426
573;61.61;90.50071717222842
703;68.2;79.899477721758
195;22.92;121.32585957436547
508;10.54;95.80133689746363
877;78.85;65.71012645728221
7;1.97;136.65688277966115
139;1.45;125.89254733764503
260;67.13;116.02523984913026
732;194.02;77.53458584434537
350;36.57;108.68592022957382
608;25.63;87.6465373201787
565;170.93;91.15310113841122
4;29.41;136.90152676697969
209;10.06;120.18418763354558
474;75.21;98.5739687537405
106;1.72;128.58363119814905
433;345.45;101.91743658042734
326;1.01;110.64307212812221
278;30.05;114.55737592521898
436;156.66;101.67279259310878
65;79.31;131.92709902483588
858;61.94;67.25953837696636
3;12.72;136.98307476275255
173;22.6;123.11991548136815
24;70.37;135.27056685152272
942;26.51;60.40950673204702
3;1.36;136.98307476275255
40;8.08;133.96579891915712
874;27.39;65.95477044460077
318;9.75;111.295456094305
5;259.91;136.81997877120685
250;7.55;116.84071980685876
368;218.29;107.21805630566254
292;43.18;113.41570398439909
798;45.07;72.15241812333731
502;214.53;96.29062487210072
100;222.5;129.07291917278616
36;1.84;134.29199090224853
695;0.47;80.5518616879408
410;20.27;103.79304048320287
191;240.45;121.65205155745687
103;5361.2;128.82827518546762
534;1.89;93.68108900736954
53;25.95;132.90567497411007
632;12.92;85.6893854216303
46;134.94;133.47651094452002
331;4453.57;110.23533214925796
677;145.12;82.0197256118521
666;69.06;82.91675356535343
197;24.25;121.16276358281976
583;22.1;89.68523721449992
15;178.86;136.00449881347836
517;120.58;95.06740493550798
259;142.1;116.10678784490311
982;19.99;57.14758690113304
114;4.86;127.93124723196627
42;66.27;133.80270292761142
278;36.85;114.55737592521898
979;0.72;57.39223088845159
44;15.0;133.63960693606572
13;7.23;136.16759480502404
45;12.58;133.55805894029288
912;77.17;62.85594660523249
50;15.85;133.15031896142864
400;434.37;104.60852044093136
961;5.18;58.860094812362874
552;87.42;92.21322508345825
665;218.86;82.99830156112628
257;218.67;116.26988383644881
786;1.33;73.13099407261151
102;1.86;128.90982318124045
448;5.15;100.69421664383458
227;94.51;118.7163237096343
102;89.1;128.90982318124045
6;30.63;136.73843077543398
519;2.52;94.90430894396229
843;1289.88;68.4827583135591
627;8.22;86.09712540049455
29;5234.26;134.86282687265847
733;12.98;77.45303784857254
161;303.98;124.09849143064235
628;45.36;86.01557740472171
179;26.86;122.63062750673106
443;0.9;101.10195662269884
142;27.84;125.64790335032649
42;19.96;133.80270292761142
572;20.26;90.58226516800127
72;26.75;131.35626305442594
18;5.35;135.7598548261598
551;29.01;92.2947730792311
61;0.64;132.2532910079273
426;224.87;102.48827255083728
934;203.03;61.0618906982298
141;60.97;125.72945134609934
21;14.12;135.51521083884126
266;255.4;115.53595187449316
876;0.87;65.79167445305507
316;32.58;111.4585520858507
23;69.66;135.35211484729555
278;0.27;114.55737592521898
410;231.81;103.79304048320287
33;22.74;134.53663488956707
147;19.04;125.24016337146224
974;25.86;57.799970867315835
37;16.45;134.21044290647566
409;9.96;103.87458847897571
661;97.74;83.32449354421769
707;93.39;79.57328573866661
991;9.67;56.41365493917739
480;281.41;98.08468077910341
371;182.52;106.97341231834399
35;166.73;134.37353889802137
152;51.51;124.83242339259799
10;120.32;136.4122387923426
537;250.38;93.436445020051
872;1.04;66.11786643614647
444;32.04;101.02040862692598
107;45.57;128.5020832023762
20;38.53;135.5967588346141
30;0.86;134.7812788768856
362;54.45;107.70734428029962
35;83.44;134.37353889802137
27;0.26;135.02592286420415
129;33.61;126.70802729537353
607;124.28;87.72808531595155
159;5087.64;124.26158742218804
405;25.92;104.20078046206712
170;26.87;123.3645594686867
63;7.79;132.09019501638159
888;20.84;64.81309850378088
305;7.71;112.35558003935205
889;164.44;64.73155050800803
171;221.11;123.28301147291386
762;12.26;75.08814597115989
412;45.84;103.62994449165717
412;177.31;103.62994449165717
36;69.51;134.29199090224853
478;9.8;98.24777677064911
970;27.64;58.126162850407226
15;161.97;136.00449881347836
956;19.15;59.26783479122713
556;9.32;91.88703310036686
31;8.21;134.69973088111277
748;1.82;76.22981791197978
10;108.42;136.4122387923426
252;179.21;116.67762381531305
664;245.47;83.07984955689912
687;24.08;81.2042456541236
84;162.31;130.37768710515175
24;14.88;135.27056685152272
791;126.7;72.72325409374726
200;31.23;120.91811959550122
995;12.05;56.087462956086
101;23.6;128.99137117701332
12;127.72;136.2491428007969
29;5.81;134.86282687265847
820;22.92;70.35836221633464
558;31.77;91.72393710882116
603;14.89;88.05427729904294
926;71.16;61.7142746644126
910;229.84;63.01904259677819
483;22.69;97.84003679178485
104;11.39;128.74672718969475
379;25.66;106.32102835216119
2;6.15;137.0646227585254
621;9.58;86.58641337513166
27;5.04;135.02592286420415
16;24.56;135.9229508177055
232;122.4;118.30858373077004
746;28.51;76.39291390352548
485;33.02;97.67694080023915
243;2.59;117.4115557772687
709;1.04;79.41018974712091
389;224.44;105.5055483944327
44;11.33;133.63960693606572
279;20.66;114.47582792944613
451;117.06;100.44957265651604
50;6.66;133.15031896142864
355;35.63;108.27818025070957
701;7.78;80.0625737133037
954;5.6;59.43093078277282
872;10.35;66.11786643614647
13;23.8;136.16759480502404
506;0.78;95.96443288900932
9;2.62;136.49378678811544
6;5.05;136.73843077543398
858;30.68;67.25953837696636
769;66.94;74.51731000074994
44;1.56;133.63960693606572
760;19.02;75.25124196270559
365;30.17;107.46270029298108
900;8.22;63.83452255450669
908;32.62;63.182138588323895
132;29.58;126.46338330805497
721;212.18;78.43161379784672
330;172.74;110.31688014503081
35;134.33;134.37353889802137
652;132.28;84.05842550617332
715;27.62;78.92090177248382
469;43.27;98.98170873260474
847;23.67;68.1565663304677
25;102.96;135.18901885574985
392;0.74;105.26090440711415
323;1.08;110.88771611544075
3;79.92;136.98307476275255
24;0.95;135.27056685152272
672;364.89;82.42746559071634
858;176.07;67.25953837696636
35;40.51;134.37353889802137
523;5.6;94.57811696087089
736;110.33;77.20839386125398
810;7.42;71.17384217406313
167;98.51;123.60920345600525
736;36.66;77.20839386125398
874;34.83;65.95477044460077
761;13.13;75.16969396693275
430;189.53;102.16208056774587
780;6.33;73.62028204724861
190;129.48;121.73359955322971
400;0.87;104.60852044093136
986;192.57;56.82139491804165
927;8.77;61.63272666863975
554;84.49;92.05012909191257
15;222.59;136.00449881347836
62;37.45;132.17174301215442
253;28.03;116.5960758195402
1000;2.21;55.67972297722176
588;2.37;89.27749723563568
46;21.05;133.47651094452002
224;128.56;118.96096769695284
913;12.75;62.77439860945964
787;239.89;73.04944607683866
112;269.93;128.09434322351197
20;34.48;135.5967588346141
426;75.42;102.48827255083728
8;5276.04;136.5753347838883
895;49.91;64.24226253337093
423;0.77;102.73291653815582
182;81.43;122.3859835194125
927;247.92;61.63272666863975
929;161.5;61.46963067709406
635;20.17;85.44474143431177
43;0.95;133.72115493183856
742;27.47;76.71910588661689
85;255.42;130.29613910937888
471;189.58;98.81861274105906
49;77.23;133.23186695720148
12;0.31;136.2491428007969
982;8.84;57.14758690113304
37;30.84;134.21044290647566
4;62.83;136.90152676697969
316;11.04;111.4585520858507
550;188.96;92.37632107500396
289;8.19;113.66034797171763
230;25.1;118.47167972231574
975;0.25;57.718422871542984
466;256.21;99.2263527199233
40;1.31;133.96579891915712
1;5.47;137.14617075429825
802;0.72;71.82622614024592
9;28.68;136.49378678811544
166;305.07;123.6907514517781
194;0.87;121.40740757013832
877;90.18;65.71012645728221
414;77.03;103.46684850011147
909;1.31;63.10059059255104
998;84.2;55.842818968767446
632;255.57;85.6893854216303
426;248.33;102.48827255083728
762;381.2;75.08814597115989
792;8.76;72.64170609797442
26;275.53;135.107470859977
372;261.47;106.89186432257114
976;29.17;57.63687487577013
40;33.57;133.96579891915712
123;5.82;127.19731527001062
24;61.77;135.27056685152272
627;66.62;86.09712540049455
661;296.73;83.32449354421769
329;16.55;110.39842814080366
480;3.97;98.08468077910341
94;0.99;129.56220714742327
125;1.07;127.03421927846492
835;0.86;69.1351422797419
36;67.83;134.29199090224853
117;2.32;127.68660324464771
150;26.19;124.99551938414369
481;42.06;98.00313278333056
255;0.8;116.4329798279945
796;66.43;72.31551411488302
39;92.56;134.04734691492996
266;28.02;115.53595187449316
871;112.34;66.19941443191932
22;86.37;135.43366284306842
445;78.1;100.93886063115313
521;66.33;94.74121295241659
75;286.44;131.1116190671074
806;119.79;71.50003415715453
303;10.29;112.51867603089774
394;31.33;105.09780841556845
841;33.35;68.64585430510479
496;223.01;96.77991284673783
862;8.19;66.93334639387496
402;81.87;104.44542444938565
639;1.22;85.11854945122036
677;71.39;82.0197256118521
446;12.92;100.85731263538028
29;9.82;134.86282687265847
124;75.2;127.11576727423777
10;155.93;136.4122387923426
120;1.42;127.44195925732917
648;26.32;84.38461748926471
168;14.59;123.52765546023241
75;40.91;131.1116190671074
757;8.67;75.49588595002413
477;18.61;98.32932476642196
90;3964.87;129.88839913051464
599;255.43;88.38046928213433
797;87.01;72.23396611911016
403;24.61;104.36387645361282
818;60.18;70.52145820788033
460;132.84;99.71564069456039
973;25.21;57.88151886308869
505;343.37;96.04598088478218
159;330.62;124.26158742218804
23;20.78;135.35211484729555
449;201.22;100.61266864806174
609;22.59;87.56498932440584
211;22.19;120.02109164199987
516;64.38;95.14895293128083
709;17.98;79.41018974712091
182;77.45;122.3859835194125
44;18.88;133.63960693606572
711;26.94;79.24709375557521
89;27.85;129.9699471262875
489;26.83;97.35074881714777
889;6.49;64.73155050800803
833;259.46;69.29823827128759
50;13.9;133.15031896142864
604;9.22;87.97272930327009
4;26.26;136.90152676697969
308;32.14;112.1109360520335
563;62.35;91.31619712995692
560;97.2;91.56084111727546
829;1.14;69.62443025437899
3;0.82;136.98307476275255
41;1.72;133.88425092338426
501;13.32;96.37217286787357
297;86.75;113.00796400553483
29;11.55;134.86282687265847
617;23.84;86.91260535822305
685;1.18;81.36734164566928
736;5.3;77.20839386125398
542;12.45;93.02870504118675
261;22.84;115.94369185335742
862;1.22;66.93334639387496
803;22.22;71.74467814447307
158;27.71;124.3431354179609
304;129.62;112.43712803512489
36;159.06;134.29199090224853
332;39.81;110.1537841534851
506;156.26;95.96443288900932
417;32.56;103.22220451279291
17;25.5;135.84140282193266
34;28.26;134.4550868937942
904;35.25;63.508330571415286
12;115.99;136.2491428007969
13;77.97;136.16759480502404
488;30.28;97.43229681292061
37;1.09;134.21044290647566
672;7.38;82.42746559071634
258;179.07;116.18833584067596
916;45.51;62.5297546221411
36;28.67;134.29199090224853
482;94.56;97.92158478755772
565;26.77;91.15310113841122
495;42.42;96.86146084251067
175;192.14;122.95681948982246
632;79.35;85.6893854216303
894;38.23;64.32381052914378
593;1.27;88.86975725677144
396;7.97;104.93471242402276
498;264.97;96.61681685519213
42;20.94;133.80270292761142
36;28.58;134.29199090224853
40;27.0;133.96579891915712
974;208.87;57.799970867315835
165;189.59;123.77229944755095
683;98.68;81.53043763721499
996;7.26;56.00591496031315
251;37.35;116.7591718110859
366;29.23;107.38115229720823
838;79.78;68.89049829242335
394;31.99;105.09780841556845
931;71.01;61.30653468554836
587;37.04;89.35904523140853
94;21.98;129.56220714742327
9;45.18;136.49378678811544
26;33.47;135.107470859977
613;73.48;87.23879734131444
562;1.26;91.39774512572976
792;35.08;72.64170609797442
566;32.88;91.07155314263836
648;1.58;84.38461748926471
754;70.07;75.7405299373427
468;27.84;99.06325672837761
453;214.37;100.28647666497034
671;258.6;82.50901358648917
35;229.09;134.37353889802137
744;1.42;76.55600989507118
142;74.33;125.64790335032649
458;128.38;99.8787366861061
243;67.39;117.4115557772687
457;180.94;99.96028468187895
23;89.49;135.35211484729555
481;249.74;98.00313278333056
84;11.41;130.37768710515175
968;28.46;58.28925884195293
81;1.68;130.6223310924703
50;13.52;133.15031896142864
330;0.99;110.31688014503081
157;25.13;124.42468341373375
928;31.27;61.55117867286691
125;285.48;127.03421927846492
39;71.94;134.04734691492996
502;5.19;96.29062487210072
624;27.73;86.3417693878131
550;34.13;92.37632107500396
853;27.46;67.6672783558306
269;25.41;115.29130788717461
893;29.82;64.40535852491664
7;1.69;136.65688277966115
12;17.46;136.2491428007969
517;55.03;95.06740493550798
413;5.9;103.5483964958843
9;60.24;136.49378678811544
513;147.67;95.39359691859937
831;12.19;69.46133426283329
971;177.02;58.04461485463439
832;122.55;69.37978626706044
663;10.56;83.16139755267199
43;24.45;133.72115493183856
19;1.04;135.67830683038696
641;1.04;84.95545345967466
689;9.95;81.0411496625779
855;0.82;67.5041823642849
728;0.65;77.86077782743678
192;18.95;121.57050356168402
412;1.57;103.62994449165717
43;191.66;133.72115493183856
79;29.86;130.785427084016
387;117.28;105.6686443859784
193;23.63;121.48895556591117
13;81.57;136.16759480502404
378;253.17;106.40257634793404
53;46.87;132.90567497411007
43;143.27;133.72115493183856
26;226.18;135.107470859977
33;8.9;134.53663488956707
32;1.19;134.6181828853399
493;38.86;97.02455683405637
594;1.39;88.78820926099858
441;13.41;101.26505261424452
81;39.23;130.6223310924703
161;154.23;124.09849143064235
41;40.12;133.88425092338426
779;164.44;73.70183004302146
416;9.27;103.30375250856576
480;212.83;98.08468077910341
631;23.11;85.77093341740316
11;12.04;136.33069079656974
61;7.66;132.2532910079273
200;9.41;120.91811959550122
908;0.65;63.182138588323895
665;0.82;82.99830156112628
819;80.84;70.43991021210748
8;17.87;136.5753347838883
417;5.89;103.22220451279291
44;167.96;133.63960693606572
394;73.54;105.09780841556845
808;175.17;71.33693816560883
153;24.32;124.75087539682514
464;228.94;99.389448711469
795;31.81;72.39706211065587
564;262.59;91.23464913418407
202;127.34;120.75502360395552
630;173.77;85.85248141317601
935;6.17;60.980342702456966
698;132.48;80.30721770062226
20;29.41;135.5967588346141
29;6.66;134.86282687265847
49;25.46;133.23186695720148
3;211.22;136.98307476275255
4;28.31;136.90152676697969
209;39.99;120.18418763354558
734;242.48;77.37148985279967
28;101.96;134.9443748684313
158;26.09;124.3431354179609
584;482.94;89.60368921872708
566;7.79;91.07155314263836
45;5.56;133.55805894029288
31;13.16;134.69973088111277
916;29.98;62.5297546221411
939;110.38;60.65415071936556
325;76.8;110.72462012389505
979;170.4;57.39223088845159
35;29.15;134.37353889802137
593;9.27;88.86975725677144
34;67.88;134.4550868937942
345;0.77;109.09366020843807
35;93.9;134.37353889802137
692;1226.48;80.79650567525934
188;1.24;121.89669554477541
369;14.73;107.13650830988968
37;47.13;134.21044290647566
54;66.89;132.82412697833723
29;57.72;134.86282687265847
832;30.32;69.37978626706044
654;7.74;83.89532951462763
895;0.25;64.24226253337093
148;151.32;125.1586153756894
23;73.59;135.35211484729555
546;11.39;92.70251305809535
433;259.56;101.91743658042734
662;219.64;83.24294554844482
306;64.83;112.2740320435792
8;31.23;136.5753347838883
737;38.19;77.12684586548113
11;24.23;136.33069079656974
394;8.25;105.09780841556845
530;1.87;94.00728099046094
3;6.6;136.98307476275255
282;19.55;114.23118394212759
31;36.81;134.69973088111277
528;88.68;94.17037698200664
123;5.93;127.19731527001062
542;219.02;93.02870504118675
824;178.8;70.03217023324324
843;1445.11;68.4827583135591
10;2.69;136.4122387923426
551;38.42;92.2947730792311
914;22.01;62.6928506136868
608;47.68;87.6465373201787
311;103.76;111.86629206471494
475;88.68;98.49242075796766
847;4.14;68.1565663304677
473;23.7;98.65551674951335
151;1.41;124.91397138837084
312;76.09;111.7847440689421
961;10.12;58.860094812362874
19;6.56;135.67830683038696
847;22.87;68.1565663304677
36;1.58;134.29199090224853
573;157.88;90.50071717222842
795;4.92;72.39706211065587
36;20.05;134.29199090224853
607;223.21;87.72808531595155
34;236.22;134.4550868937942
679;6.53;81.85662962030639
645;65.23;84.62926147658327
461;0.87;99.63409269878755
896;14.56;64.16071453759808
484;233.37;97.75848879601202
297;1.12;113.00796400553483
27;35.21;135.02592286420415
534;235.56;93.68108900736954
461;0.93;99.63409269878755
856;232.5;67.42263436851206
245;64.81;117.248459785723
298;242.97;112.926416009762
403;37.12;104.36387645361282
24;39.65;135.27056685152272
839;6.52;68.8089502966505
746;76.92;76.39291390352548
9;272.08;136.49378678811544
32;194.3;134.6181828853399
158;1246.27;124.3431354179609
43;12.12;133.72115493183856
48;32.86;133.3134149529743
301;39.06;112.68177202244344
312;16.54;111.7847440689421
15;36.75;136.00449881347836
306;39.62;112.2740320435792
884;26.72;65.13929048687227
543;18.7;92.9471570454139
493;0.73;97.02455683405637
211;168.19;120.02109164199987
11;12.44;136.33069079656974
123;82.62;127.19731527001062
855;1.54;67.5041823642849
43;91.69;133.72115493183856
179;40.83;122.63062750673106
424;0.75;102.65136854238297
880;100.23;65.46548246996367
25;0.87;135.18901885574985
45;201.61;133.55805894029288
864;219.7;66.77025040232927
10;99.59;136.4122387923426
585;228.94;89.52214122295422
633;42.61;85.60783742585747
409;71.49;103.87458847897571
470;70.58;98.90016073683191
925;9.67;61.79582266018545
43;50.46;133.72115493183856
52;0.42;132.98722296988294
13;8.31;136.16759480502404
778;26.48;73.7833780387943
27;4776.36;135.02592286420415
21;137.42;135.51521083884126
48;6.56;133.3134149529743
613;10.15;87.23879734131444
335;12.44;109.90914016616657
30;99.81;134.7812788768856
26;258.96;135.107470859977
206;96.0;120.42883162086413
469;2.26;98.98170873260474
634;391.35;85.5262894300846
204;25.77;120.59192761240982
290;263.4;113.57879997594478
678;198.24;81.93817761607923
25;6.34;135.18901885574985
206;0.72;120.42883162086413
911;75.9;62.93749460100534
46;5.21;133.47651094452002
3;21.18;136.98307476275255
224;192.5;118.96096769695284
331;227.77;110.23533214925796
579;0.68;90.01142919759133
709;20.61;79.41018974712091
276;0.91;114.72047191676467
814;13.04;70.84765019097173
44;72.37;133.63960693606572
642;21.45;84.87390546390182
818;6.63;70.52145820788033
743;7.8;76.63755789084404
3;98.84;136.98307476275255
969;6.18;58.20771084618008
25;11.5;135.18901885574985
670;23.51;82.59056158226204
228;155.0;118.63477571386144
273;68.91;114.96511590408322
11;43.19;136.33069079656974
943;34.02;60.32795873627417
653;9.92;83.97687751040047
576;263.76;90.25607318490987
639;30.13;85.11854945122036
120;353.99;127.44195925732917
510;1.89;95.63824090591793
148;2.24;125.1586153756894
772;0.26;74.2726660134314
115;34.74;127.84969923619342
134;0.7;126.30028731650928
92;1.49;129.72530313896894
18;13.39;135.7598548261598
742;1.07;76.71910588661689
50;10.19;133.15031896142864
84;289.18;130.37768710515175
38;30.06;134.12889491070283
838;5.81;68.89049829242335
678;137.01;81.93817761607923
241;248.63;117.5746517688144
318;6.92;111.295456094305
116;236.25;127.76815124042056
32;0.79;134.6181828853399
110;185.95;128.25743921505767
501;73.47;96.37217286787357
270;177.81;115.20975989140177
324;8.44;110.8061681196679
501;32.08;96.37217286787357
948;4.85;59.92021875740991
540;284.46;93.19180103273246
80;21.89;130.70387908824316
34;90.03;134.4550868937942
876;58.31;65.79167445305507
361;41.36;107.78889227607249
145;5021.15;125.40325936300793
638;2.26;85.20009744699321
793;37.04;72.56015810220157
275;9.37;114.80201991253753
755;198.69;75.65898194156983
174;7.5;123.0383674855953
35;5.78;134.37353889802137
205;1.59;120.51037961663698
641;230.38;84.95545345967466
940;41.56;60.57260272359271
685;77.64;81.36734164566928
22;274.27;135.43366284306842
54;68.55;132.82412697833723
309;212.29;112.02938805626064
240;244.71;117.65619976458726
27;4818.67;135.02592286420415
164;237.3;123.8538474433238
946;68.32;60.083314748955615
269;171.49;115.29130788717461
618;11.93;86.8310573624502
390;0.58;105.42400039865984
18;19.39;135.7598548261598
670;34.25;82.59056158226204
4;25.7;136.90152676697969
430;18.25;102.16208056774587
511;31.46;95.55669291014507
22;0.71;135.43366284306842
113;244.93;128.0127952277391
991;193.58;56.41365493917739
760;29.02;75.25124196270559
16;78.85;135.9229508177055
448;281.59;100.69421664383458
297;22.68;113.00796400553483
469;6.46;98.98170873260474
320;14.62;111.1323601027593
42;44.03;133.80270292761142
438;1.21;101.50969660156308
378;15.67;106.40257634793404
15;22.57;136.00449881347836
929;178.51;61.46963067709406
5;0.7;136.81997877120685
788;1.2;72.96789808106581
543;23.62;92.9471570454139
93;136.72;129.6437551431961
26;4.47;135.107470859977
544;1.2;92.86560904964105
611;11.0;87.40189333286014
49;27.5;133.23186695720148
125;22.82;127.03421927846492
42;7.5;133.80270292761142
972;28.72;57.96306685886154
812;142.44;71.01074618251742
7;9.67;136.65688277966115
947;24.06;60.001766753182764
122;0.9;127.27886326578347
123;8.22;127.19731527001062
968;10.93;58.28925884195293
583;1.57;89.68523721449992
494;29.73;96.94300883828352
417;23.02;103.22220451279291
629;230.97;85.93402940894886
23;0.69;135.35211484729555
15;95.19;136.00449881347836
393;47.02;105.1793564113413
26;70.49;135.107470859977
617;96.02;86.91260535822305
688;4.77;81.12269765835075
428;99.94;102.32517655929158
7;6.4;136.65688277966115
32;145.57;134.6181828853399
16;225.71;135.9229508177055
593;239.05;88.86975725677144
65;26.72;131.92709902483588
226;242.75;118.79787170540715
154;280.63;124.6693274010523
707;6.75;79.57328573866661
946;6.39;60.083314748955615
468;1.98;99.06325672837761
467;24.38;99.14480472415045
920;16.42;62.20356263904969
516;140.57;95.14895293128083
359;29.85;107.95198826761818
905;42.03;63.426782575642434
944;29.84;60.24641074050132
377;10.6;106.4841243437069
47;0.47;133.39496294874718
401;102.55;104.5269724451585
648;22.9;84.38461748926471
965;96.75;58.53390282927148
513;213.06;95.39359691859937
432;6.43;101.99898457620017
486;181.59;97.59539280446631
10;236.65;136.4122387923426
908;221.72;63.182138588323895
517;30.8;95.06740493550798
10;15.31;136.4122387923426
56;283.34;132.66103098679153
473;35.24;98.65551674951335
390;8.94;105.42400039865984
481;1.21;98.00313278333056
50;18.38;133.15031896142864
353;211.39;108.44127624225527
805;80.69;71.58158215292737
725;43.4;78.10542181475532
342;28.37;109.33830419575662
2;19.55;137.0646227585254
744;26.86;76.55600989507118
852;1.32;67.74882635160346
311;128.11;111.86629206471494
222;30.69;119.12406368849854
901;85.7;63.75297455873384
598;19.89;88.4620172779072
856;0.75;67.42263436851206
215;9.65;119.69489965890848
734;191.93;77.37148985279967
797;6.27;72.23396611911016
101;12.59;128.99137117701332
222;12.06;119.12406368849854
793;14.98;72.56015810220157
648;6.7;84.38461748926471
12;140.6;136.2491428007969
110;183.84;128.25743921505767
719;6.85;78.59470978939243
5;1.05;136.81997877120685
85;4.78;130.29613910937888
153;2.52;124.75087539682514
810;189.44;71.17384217406313
126;1.18;126.95267128269208
247;7.83;117.08536379417731
651;243.54;84.13997350194617
738;193.39;77.04529786970828
812;53.07;71.01074618251742
41;7.91;133.88425092338426
19;249.31;135.67830683038696
645;18.02;84.62926147658327
58;276.07;132.49793499524583
623;1.49;86.42331738358595
855;31.75;67.5041823642849
19;59.17;135.67830683038696
465;1.05;99.30790071569615
127;10.53;126.87112328691923
29;30.14;134.86282687265847
496;7.35;96.77991284673783
997;1.62;55.9243669645403
11;27.48;136.33069079656974
2;280.46;137.0646227585254
27;15.25;135.02592286420415
9;0.25;136.49378678811544
954;0.87;59.43093078277282
864;12.62;66.77025040232927
835;1.33;69.1351422797419
826;66.29;69.86907424169753
82;7.46;130.54078309669745
378;31.32;106.40257634793404
913;0.27;62.77439860945964
571;331.81;90.66381316377411
48;23.81;133.3134149529743
779;77.95;73.70183004302146
773;36.03;74.19111801765855
973;12.39;57.88151886308869
76;17.9;131.03007107133453
847;1.74;68.1565663304677
908;1.48;63.182138588323895
757;141.98;75.49588595002413
128;7.07;126.78957529114638
848;22.37;68.07501833469485
252;20.5;116.67762381531305
272;11.95;115.04666389985607
866;23.87;66.60715441078356
874;40.03;65.95477044460077
369;61.81;107.13650830988968
859;148.7;67.17799038119351
9;104.81;136.49378678811544
570;24.24;90.74536115954697
383;0.7;105.99483636906979
905;111.8;63.426782575642434
391;112.04;105.342452402887
944;37.28;60.24641074050132
43;7.94;133.72115493183856
272;35.78;115.04666389985607
658;255.11;83.56913753153623
859;0.74;67.17799038119351
949;21.55;59.838670761637076
123;21.79;127.19731527001062
28;33.97;134.9443748684313
296;8.62;113.08951200130768
673;156.51;82.34591759494349
30;225.77;134.7812788768856
288;14.98;113.74189596749048
315;37.59;111.54010008162355
519;34.32;94.90430894396229
902;75.2;63.67142656296099
460;27.84;99.71564069456039
28;18.11;134.9443748684313
985;1.89;56.9029429138145
22;36.01;135.43366284306842
589;22.54;89.19594923986284
209;35.89;120.18418763354558
222;14.35;119.12406368849854
15;4.75;136.00449881347836
767;175.66;74.68040599229565
91;28.52;129.8068511347418
418;12.4;103.14065651702006
802;241.18;71.82622614024592
345;82.29;109.09366020843807
19;4.27;135.67830683038696
562;5.66;91.39774512572976
974;85.43;57.799970867315835
360;10.03;107.87044027184533
254;63.3;116.51452782376737
98;54.91;129.23601516433186
337;12.06;109.74604417462086
301;37.55;112.68177202244344
143;184.52;125.56635535455364
4;56.49;136.90152676697969
708;38.25;79.49173774289376
479;85.56;98.16622877487626
330;30.8;110.31688014503081
332;8.1;110.1537841534851
35;6.86;134.37353889802137
2;44.9;137.0646227585254
566;28.15;91.07155314263836
818;1.33;70.52145820788033
245;47.93;117.248459785723
350;122.27;108.68592022957382
613;102.83;87.23879734131444
133;22.19;126.38183531228213
30;21.49;134.7812788768856
451;0.7;100.44957265651604
892;11.95;64.48690652068949
461;26.35;99.63409269878755
395;8.32;105.0162604197956
131;2.12;126.54493130382782
191;281.91;121.65205155745687
280;28.54;114.39427993367327
637;7.84;85.28164544276606
6;78.98;136.73843077543398
254;53.55;116.51452782376737
589;0.9;89.19594923986284
12;24.83;136.2491428007969
761;74.31;75.16969396693275
960;51.42;58.941642808135725
615;30.78;87.07570134976875
289;13.86;113.66034797171763
24;2.05;135.27056685152272
358;5.16;108.03353626339103
32;4.9;134.6181828853399
230;59.28;118.47167972231574
209;113.28;120.18418763354558
890;17.39;64.65000251223518
532;25.46;93.84418499891524
327;33.73;110.56152413234936
285;27.78;113.98653995480903
22;17.71;135.43366284306842
456;32.46;100.0418326776518
681;42.91;81.69353362876069
2;28.59;137.0646227585254
93;11.34;129.6437551431961
331;257.2;110.23533214925796
185;1.78;122.14133953209397
614;46.2;87.1572493455416
21;230.63;135.51521083884126
942;18.43;60.40950673204702
146;32.3;125.32171136723508
471;19.87;98.81861274105906
661;6.25;83.32449354421769
7;33.83;136.65688277966115
170;25.98;123.3645594686867
24;27.88;135.27056685152272
160;287.57;124.18003942641519
542;69.34;93.02870504118675
31;6.2;134.69973088111277
46;89.0;133.47651094452002
79;263.09;130.785427084016
6;45.11;136.73843077543398
298;1653.02;112.926416009762
43;24.18;133.72115493183856
1;79.21;137.14617075429825
550;201.46;92.37632107500396
327;164.17;110.56152413234936
361;8.11;107.78889227607249
373;79.64;106.81031632679829
885;9.25;65.05774249109943
619;23.04;86.74950936667736
860;94.91;67.09644238542066
16;94.76;135.9229508177055
28;154.51;134.9443748684313
883;1528.67;65.22083848264512
898;39.78;63.99761854605238
42;19.19;133.80270292761142
575;37.61;90.33762118068273
24;25.13;135.27056685152272
239;75.03;117.7377477603601
28;1.48;134.9443748684313
845;229.56;68.3196623220134
62;31.66;132.17174301215442
261;25.44;115.94369185335742
148;121.81;125.1586153756894
935;91.64;60.980342702456966
29;30.57;134.86282687265847
160;30.27;124.18003942641519
502;6.7;96.29062487210072
871;208.74;66.19941443191932
275;1.38;114.80201991253753
807;5.26;71.41848616138168
39;184.18;134.04734691492996
714;27.02;79.00244976825667
937;98.49;60.81724671091126
822;37.93;70.19526622478894
450;1.42;100.53112065228889
938;37.04;60.73569871513841
13;0.61;136.16759480502404
810;1.21;71.17384217406313
16;21.22;135.9229508177055
172;0.3;123.201463477141
56;9.12;132.66103098679153
861;42.06;67.01489438964781
839;46.08;68.8089502966505
497;33.63;96.69836485096496
825;1.34;69.95062223747038
344;2.39;109.17520820421092
284;104.9;114.06808795058188
529;263.28;94.08882898623379
805;2.35;71.58158215292737
335;20.7;109.90914016616657
151;154.73;124.91397138837084
25;178.89;135.18901885574985
559;40.61;91.64238911304831
311;199.0;111.86629206471494
914;1.56;62.6928506136868
241;13.77;117.5746517688144
8;8.38;136.5753347838883
3;1.09;136.98307476275255
295;20.98;113.17105999708053
224;5.66;118.96096769695284
712;32.23;79.16554575980237
461;32.76;99.63409269878755
437;171.47;101.59124459733593
27;18.47;135.02592286420415
926;0.82;61.7142746644126
771;8.1;74.35421400920424
32;20.44;134.6181828853399
411;19.56;103.71149248743001
290;82.25;113.57879997594478
893;88.89;64.40535852491664
15;0.89;136.00449881347836
965;17.8;58.53390282927148
743;169.32;76.63755789084404
26;7.89;135.107470859977
18;1.66;135.7598548261598
102;185.56;128.90982318124045
827;32.27;69.78752624592468
703;1.34;79.899477721758
141;6.64;125.72945134609934
38;16.96;134.12889491070283
449;8.47;100.61266864806174
1;64.35;137.14617075429825
727;2.36;77.94232582320961
691;1.04;80.8780536710322
39;14.47;134.04734691492996
42;6.1;133.80270292761142
869;113.98;66.36251042346501
759;4.42;75.33278995847844
232;35.76;118.30858373077004
539;12.3;93.2733490285053
18;36.06;135.7598548261598
269;1.14;115.29130788717461
613;87.03;87.23879734131444
58;25.41;132.49793499524583
133;221.48;126.38183531228213
771;10.95;74.35421400920424
45;5.09;133.55805894029288
458;47.38;99.8787366861061
10;63.13;136.4122387923426
478;12.2;98.24777677064911
537;10.93;93.436445020051
714;51.78;79.00244976825667
281;31.96;114.31273193790042
798;74.79;72.15241812333731
50;148.62;133.15031896142864
642;10.26;84.87390546390182
331;23.63;110.23533214925796
72;6.82;131.35626305442594
3;27.29;136.98307476275255
299;0.98;112.84486801398914
135;5.97;126.21873932073643
641;6.36;84.95545345967466
447;0.95;100.77576463960744
224;81.13;118.96096769695284
90;40.5;129.88839913051464
17;172.85;135.84140282193266
886;1.26;64.97619449532658
206;24.01;120.42883162086413
2;25.37;137.0646227585254
510;0.67;95.63824090591793
5;4.81;136.81997877120685
882;77.11;65.30238647841797
15;0.71;136.00449881347836
186;69.6;122.05979153632111
658;0.86;83.56913753153623
869;60.95;66.36251042346501
44;34.94;133.63960693606572
10;8.44;136.4122387923426
594;75.55;88.78820926099858
151;20.98;124.91397138837084
470;51.04;98.90016073683191
248;22.73;117.00381579840446
759;71.84;75.33278995847844
177;242.76;122.79372349827676
456;31.32;100.0418326776518
17;124.33;135.84140282193266
145;10.95;125.40325936300793
986;1.01;56.82139491804165
261;42.23;115.94369185335742
270;15.08;115.20975989140177
684;81.58;81.44888964144215
36;199.74;134.29199090224853
993;18.26;56.2505589476317
59;60.92;132.416386999473
741;119.73;76.80065388238972
501;35.32;96.37217286787357
646;242.13;84.54771348081042
22;15.88;135.43366284306842
51;16.51;133.06877096565577
7;9.8;136.65688277966115
471;21.91;98.81861274105906
775;69.49;74.02802202611285
998;32.2;55.842818968767446
46;1.35;133.47651094452002
828;98.77;69.70597825015184
299;168.55;112.84486801398914
999;4.26;55.76127097299461
94;0.9;129.56220714742327
47;64.74;133.39496294874718
914;125.38;62.6928506136868
166;29.04;123.6907514517781
405;74.69;104.20078046206712
787;21.23;73.04944607683866
236;2.66;117.98239174767865
882;34.96;65.30238647841797
141;0.71;125.72945134609934
898;35.36;63.99761854605238
981;1.17;57.22913489690589
567;172.27;90.99000514686551
44;234.11;133.63960693606572
756;5.52;75.577433945797
817;0.95;70.60300620365318
490;81.21;97.26920082137491
462;97.38;99.55254470301469
5;1.26;136.81997877120685
34;20.54;134.4550868937942
128;11.71;126.78957529114638
33;14.35;134.53663488956707
542;172.32;93.02870504118675
148;33.36;125.1586153756894
46;8.88;133.47651094452002
798;1.5;72.15241812333731
36;196.49;134.29199090224853
876;0.49;65.79167445305507
45;0.28;133.55805894029288
22;30.68;135.43366284306842
573;51.02;90.50071717222842
661;1.77;83.32449354421769
44;144.67;133.63960693606572
292;15.74;113.41570398439909
726;26.16;78.02387381898248
44;212.93;133.63960693606572
10;216.51;136.4122387923426
28;24.08;134.9443748684313
577;109.09;90.17452518913703
218;30.47;119.45025567158993
27;9.72;135.02592286420415
69;69.53;131.60090704174448
596;105.39;88.62511326945288
493;34.06;97.02455683405637
16;33.3;135.9229508177055
709;15.81;79.41018974712091
77;234.17;130.9485230755617
612;8.46;87.3203453370873
556;107.82;91.88703310036686
98;82.02;129.23601516433186
633;223.53;85.60783742585747
443;101.92;101.10195662269884
941;11.35;60.49105472781986
35;107.8;134.37353889802137
8;19.08;136.5753347838883
689;124.51;81.0411496625779
582;66.91;89.76678521027279
694;46.39;80.63340968371365
48;32.76;133.3134149529743
362;12.96;107.70734428029962
287;0.82;113.82344396326333
970;1.67;58.126162850407226
721;170.58;78.43161379784672
218;9.59;119.45025567158993
730;7.84;77.69768183589107
114;147.87;127.93124723196627
727;8.99;77.94232582320961
957;13.51;59.18628679545428
127;71.65;126.87112328691923
296;196.33;113.08951200130768
11;64.32;136.33069079656974
72;13.55;131.35626305442594
951;39.58;59.67557477009137
957;143.28;59.18628679545428
864;4.59;66.77025040232927
464;66.82;99.389448711469
297;21.11;113.00796400553483
802;0.82;71.82622614024592
106;132.75;128.58363119814905
807;0.84;71.41848616138168
23;21.37;135.35211484729555
915;281.09;62.61130261791395
41;66.67;133.88425092338426
339;88.55;109.58294818307516
25;78.93;135.18901885574985
246;0.82;117.16691178995015
330;259.92;110.31688014503081
993;70.24;56.2505589476317
527;8.8;94.25192497777948
886;1.09;64.97619449532658
862;38.82;66.93334639387496
593;35.49;88.86975725677144
9;81.46;136.49378678811544
493;77.22;97.02455683405637
10;255.94;136.4122387923426
317;5231.06;111.37700409007785
908;72.67;63.182138588323895
251;1.27;116.7591718110859
780;198.05;73.62028204724861
25;64.32;135.18901885574985
626;6.75;86.17867339626741
948;33.01;59.92021875740991
115;24.42;127.84969923619342
654;20.35;83.89532951462763
32;13.13;134.6181828853399
592;32.55;88.95130525254427
220;0.79;119.28715968004424
354;35.26;108.35972824648243
44;36.91;133.63960693606572
107;7.47;128.5020832023762
50;190.39;133.15031896142864
956;1.37;59.26783479122713
120;22.9;127.44195925732917
461;26.93;99.63409269878755
951;37.62;59.67557477009137
717;9.18;78.75780578093811
50;217.93;133.15031896142864
1000;244.95;55.67972297722176
288;27.37;113.74189596749048
46;23.56;133.47651094452002
648;72.09;84.38461748926471
561;4.11;91.47929312150262
447;14.87;100.77576463960744
102;226.34;128.90982318124045
659;218.3;83.48758953576338
19;31.39;135.67830683038696
26;42.08;135.107470859977
969;13.89;58.20771084618008
35;193.91;134.37353889802137
649;80.26;84.30306949349188
61;44.92;132.2532910079273
732;18.71;77.53458584434537
745;69.37;76.47446189929833
794;117.18;72.47861010642872
501;2.14;96.37217286787357
715;83.48;78.92090177248382
501;22.5;96.37217286787357
135;22.06;126.21873932073643
190;162.76;121.73359955322971
